run_timestamp,keyword,current_score,avg_velocity,avg_acceleration,momentum_score,label,source
2026-07-17T10:38:56.119634+00:00,คอนซีลเลอร์,48.0,8.333,8.222,8.3,GROWTH,live
2026-07-17T10:38:56.119634+00:00,ลิปเปลี่ยนสี,0.0,0.0,3.444,1.033,STABLE,live
2026-07-17T10:38:56.119634+00:00,ครีมกันแดดโกลว์,0.0,0.0,0.0,0.0,STABLE,live
2026-07-17T10:38:56.119634+00:00,เซรั่มหน้าใส,0.0,0.0,0.0,0.0,STABLE,live
2026-07-17T10:38:56.119634+00:00,น้ำหอมติดทน,0.0,0.0,0.0,0.0,STABLE,live
2026-07-17T10:38:56.119634+00:00,โพรไบโอติก,31.0,1.889,1.444,1.756,INTRO,live
2026-07-17T10:38:56.119634+00:00,วิตามินผิว,0.0,1.889,0.0,1.322,INTRO,live
2026-07-17T10:38:56.119634+00:00,ขนมเกาหลี,0.0,0.0,0.0,0.0,STABLE,live
2026-07-17T10:38:56.119634+00:00,กาแฟลดน้ำหนัก,0.0,0.0,0.0,0.0,STABLE,live
2026-07-17T10:38:56.119634+00:00,คอลลาเจน,36.0,-1.222,0.111,-0.822,DECLINE,live
2026-07-17T10:38:56.119634+00:00,หม้อทอดไร้น้ำมัน,40.0,1.444,2.778,1.844,GROWTH,live
2026-07-17T10:38:56.119634+00:00,ที่ดูดฝุ่นไร้สาย,0.0,0.0,0.0,0.0,STABLE,live
2026-07-17T10:38:56.119634+00:00,ไฟ LED ติดผนัง,0.0,0.0,0.0,0.0,STABLE,live
2026-07-17T10:38:56.119634+00:00,เครื่องชงกาแฟ,30.0,-2.444,-1.889,-2.278,DECLINE,live
2026-07-17T10:38:56.119634+00:00,เครื่องฟอกอากาศ,0.0,-3.333,-4.222,-3.6,DECLINE,live
2026-07-17T10:38:56.119634+00:00,กระเป๋าสะพาย,50.0,3.0,0.0,2.1,PEAK,live
2026-07-17T10:38:56.119634+00:00,เสื้อโอเวอร์ไซส์,0.0,0.0,0.0,0.0,STABLE,live
2026-07-17T10:38:56.119634+00:00,กางเกงขายาวทรงสวย,0.0,0.0,0.0,0.0,STABLE,live
2026-07-17T10:38:56.119634+00:00,เดรสออกงาน,0.0,0.0,0.0,0.0,STABLE,live
2026-07-17T10:38:56.119634+00:00,รองเท้าผ้าใบ,62.0,-5.444,-1.111,-4.144,DECLINE,live
2026-07-17T13:06:34.134676+00:00,น้ำหอมติดทน,32.12,0.82,0.117,0.609,INTRO,simulate_fallback
2026-07-17T13:06:34.134676+00:00,เซรั่มหน้าใส,30.7,0.373,0.346,0.365,INTRO,simulate_fallback
2026-07-17T13:06:34.134676+00:00,คอนซีลเลอร์,30.39,0.305,0.164,0.263,INTRO,simulate_fallback
2026-07-17T13:06:34.134676+00:00,ลิปเปลี่ยนสี,29.89,-0.08,0.383,0.059,STABLE,simulate_fallback
2026-07-17T13:06:34.134676+00:00,ครีมกันแดดโกลว์,31.19,-0.033,0.208,0.04,STABLE,simulate_fallback
2026-07-17T13:06:34.134676+00:00,คอลลาเจน,30.38,0.567,0.657,0.594,INTRO,simulate_fallback
2026-07-17T13:06:34.134676+00:00,ขนมเกาหลี,31.6,0.631,0.016,0.447,INTRO,simulate_fallback
2026-07-17T13:06:34.134676+00:00,วิตามินผิว,31.08,-0.14,0.25,-0.023,STABLE,simulate_fallback
2026-07-17T13:06:34.134676+00:00,โพรไบโอติก,31.51,-0.286,0.313,-0.107,STABLE,simulate_fallback
2026-07-17T13:06:34.134676+00:00,กาแฟลดน้ำหนัก,29.75,-0.664,0.001,-0.465,DECLINE,simulate_fallback
2026-07-17T13:06:34.134676+00:00,เครื่องฟอกอากาศ,29.3,0.299,-0.079,0.186,STABLE,simulate_fallback
2026-07-17T13:06:34.134676+00:00,เครื่องชงกาแฟ,28.7,0.057,0.366,0.15,STABLE,simulate_fallback
2026-07-17T13:06:34.134676+00:00,หม้อทอดไร้น้ำมัน,30.57,-0.227,-0.082,-0.184,STABLE,simulate_fallback
2026-07-17T13:06:34.134676+00:00,ที่ดูดฝุ่นไร้สาย,30.11,-0.319,-0.256,-0.3,DECLINE,simulate_fallback
2026-07-17T13:06:34.134676+00:00,ไฟ LED ติดผนัง,27.65,-0.533,-0.619,-0.559,DECLINE,simulate_fallback
2026-07-17T13:06:34.134676+00:00,กางเกงขายาวทรงสวย,30.1,0.606,0.676,0.627,INTRO,simulate_fallback
2026-07-17T13:06:34.134676+00:00,รองเท้าผ้าใบ,29.96,0.241,0.287,0.255,STABLE,simulate_fallback
2026-07-17T13:06:34.134676+00:00,เดรสออกงาน,30.5,0.235,0.06,0.183,STABLE,simulate_fallback
2026-07-17T13:06:34.134676+00:00,กระเป๋าสะพาย,29.88,-0.076,0.144,-0.01,STABLE,simulate_fallback
2026-07-17T13:06:34.134676+00:00,เสื้อโอเวอร์ไซส์,30.26,-0.199,0.098,-0.11,STABLE,simulate_fallback
2026-07-17T16:08:25.826406+00:00,คอนซีลเลอร์,0.0,5.444,4.0,5.011,INTRO,live
2026-07-17T16:08:25.826406+00:00,ลิปเปลี่ยนสี,0.0,0.0,0.0,0.0,STABLE,live
2026-07-17T16:08:25.826406+00:00,ครีมกันแดดโกลว์,0.0,0.0,0.0,0.0,STABLE,live
2026-07-17T16:08:25.826406+00:00,เซรั่มหน้าใส,0.0,0.0,0.0,0.0,STABLE,live
2026-07-17T16:08:25.826406+00:00,น้ำหอมติดทน,0.0,0.0,0.0,0.0,STABLE,live
2026-07-17T16:08:25.826406+00:00,ขนมเกาหลี,0.0,0.0,0.0,0.0,STABLE,live
2026-07-17T16:08:25.826406+00:00,กาแฟลดน้ำหนัก,0.0,0.0,0.0,0.0,STABLE,live
2026-07-17T16:08:25.826406+00:00,วิตามินผิว,0.0,-1.556,1.667,-0.589,DECLINE,live
2026-07-17T16:08:25.826406+00:00,โพรไบโอติก,0.0,-3.444,-2.444,-3.144,DECLINE,live
2026-07-17T16:08:25.826406+00:00,คอลลาเจน,0.0,-2.778,-9.333,-4.744,DECLINE,live
2026-07-17T16:08:25.826406+00:00,ที่ดูดฝุ่นไร้สาย,0.0,0.0,0.0,0.0,STABLE,live
2026-07-17T16:08:25.826406+00:00,ไฟ LED ติดผนัง,0.0,0.0,0.0,0.0,STABLE,live
2026-07-17T16:08:25.826406+00:00,หม้อทอดไร้น้ำมัน,0.0,-4.222,3.889,-1.789,DECLINE,live
2026-07-17T16:08:25.826406+00:00,เครื่องชงกาแฟ,0.0,-4.444,-1.444,-3.544,DECLINE,live
2026-07-17T16:08:25.826406+00:00,เครื่องฟอกอากาศ,0.0,-6.889,-1.333,-5.222,DECLINE,live
2026-07-17T16:08:25.826406+00:00,เสื้อโอเวอร์ไซส์,0.0,0.0,0.0,0.0,STABLE,live
2026-07-17T16:08:25.826406+00:00,กางเกงขายาวทรงสวย,0.0,0.0,0.0,0.0,STABLE,live
2026-07-17T16:08:25.826406+00:00,เดรสออกงาน,0.0,0.0,0.0,0.0,STABLE,live
2026-07-17T16:08:25.826406+00:00,รองเท้าผ้าใบ,0.0,-7.333,-3.444,-6.167,DECLINE,live
2026-07-17T16:08:25.826406+00:00,กระเป๋าสะพาย,0.0,-7.222,-8.444,-7.589,DECLINE,live
2026-07-17T18:53:30.776655+00:00,เซรั่มหน้าใส,29.67,0.618,0.114,0.467,INTRO,simulate_fallback
2026-07-17T18:53:30.776655+00:00,ลิปเปลี่ยนสี,31.31,0.295,0.536,0.367,STABLE,simulate_fallback
2026-07-17T18:53:30.776655+00:00,ครีมกันแดดโกลว์,30.0,0.301,-0.217,0.146,INTRO,simulate_fallback
2026-07-17T18:53:30.776655+00:00,คอนซีลเลอร์,33.04,-0.079,0.361,0.053,STABLE,simulate_fallback
2026-07-17T18:53:30.776655+00:00,น้ำหอมติดทน,30.3,0.086,-0.442,-0.072,STABLE,simulate_fallback
2026-07-17T18:53:30.776655+00:00,วิตามินผิว,0.0,0.0,0.0,0.0,STABLE,live
2026-07-17T18:53:30.776655+00:00,ขนมเกาหลี,0.0,0.0,0.0,0.0,STABLE,live
2026-07-17T18:53:30.776655+00:00,กาแฟลดน้ำหนัก,0.0,0.0,0.0,0.0,STABLE,live
2026-07-17T18:53:30.776655+00:00,โพรไบโอติก,0.0,-1.889,2.111,-0.689,DECLINE,live
2026-07-17T18:53:30.776655+00:00,คอลลาเจน,67.0,-7.444,1.556,-4.744,DECLINE,live
2026-07-17T18:53:30.776655+00:00,ที่ดูดฝุ่นไร้สาย,0.0,0.0,0.0,0.0,STABLE,live
2026-07-17T18:53:30.776655+00:00,ไฟ LED ติดผนัง,0.0,0.0,0.0,0.0,STABLE,live
2026-07-17T18:53:30.776655+00:00,หม้อทอดไร้น้ำมัน,0.0,-3.333,2.556,-1.567,DECLINE,live
2026-07-17T18:53:30.776655+00:00,เครื่องฟอกอากาศ,0.0,-3.889,2.222,-2.056,DECLINE,live
2026-07-17T18:53:30.776655+00:00,เครื่องชงกาแฟ,0.0,-3.444,-2.111,-3.044,DECLINE,live
2026-07-17T18:53:30.776655+00:00,เสื้อโอเวอร์ไซส์,0.0,0.0,0.0,0.0,STABLE,live
2026-07-17T18:53:30.776655+00:00,กางเกงขายาวทรงสวย,0.0,0.0,0.0,0.0,STABLE,live
2026-07-17T18:53:30.776655+00:00,เดรสออกงาน,0.0,0.0,0.0,0.0,STABLE,live
2026-07-17T18:53:30.776655+00:00,กระเป๋าสะพาย,0.0,-3.333,-2.444,-3.067,DECLINE,live
2026-07-17T18:53:30.776655+00:00,รองเท้าผ้าใบ,0.0,-7.111,-1.556,-5.444,DECLINE,live
2026-07-17T21:42:46.113430+00:00,ลิปเปลี่ยนสี,0.0,0.0,0.0,0.0,STABLE,live
2026-07-17T21:42:46.113430+00:00,ครีมกันแดดโกลว์,0.0,0.0,0.0,0.0,STABLE,live
2026-07-17T21:42:46.113430+00:00,เซรั่มหน้าใส,0.0,0.0,0.0,0.0,STABLE,live
2026-07-17T21:42:46.113430+00:00,น้ำหอมติดทน,0.0,0.0,0.0,0.0,STABLE,live
2026-07-17T21:42:46.113430+00:00,คอนซีลเลอร์,0.0,0.0,0.0,0.0,STABLE,live
2026-07-17T21:42:46.113430+00:00,คอลลาเจน,100.0,8.667,4.556,7.433,GROWTH,live
2026-07-17T21:42:46.113430+00:00,วิตามินผิว,0.0,0.0,0.0,0.0,STABLE,live
2026-07-17T21:42:46.113430+00:00,ขนมเกาหลี,0.0,0.0,0.0,0.0,STABLE,live
2026-07-17T21:42:46.113430+00:00,กาแฟลดน้ำหนัก,0.0,0.0,0.0,0.0,STABLE,live
2026-07-17T21:42:46.113430+00:00,โพรไบโอติก,0.0,-1.667,1.556,-0.7,DECLINE,live
2026-07-17T21:42:46.113430+00:00,เครื่องชงกาแฟ,0.0,0.0,3.222,0.967,STABLE,live
2026-07-17T21:42:46.113430+00:00,เครื่องฟอกอากาศ,0.0,0.0,2.444,0.733,STABLE,live
2026-07-17T21:42:46.113430+00:00,ที่ดูดฝุ่นไร้สาย,0.0,0.0,0.0,0.0,STABLE,live
2026-07-17T21:42:46.113430+00:00,หม้อทอดไร้น้ำมัน,0.0,0.0,0.0,0.0,STABLE,live
2026-07-17T21:42:46.113430+00:00,ไฟ LED ติดผนัง,0.0,0.0,0.0,0.0,STABLE,live
2026-07-17T21:42:46.113430+00:00,เสื้อโอเวอร์ไซส์,0.0,0.0,0.0,0.0,STABLE,live
2026-07-17T21:42:46.113430+00:00,กางเกงขายาวทรงสวย,0.0,0.0,0.0,0.0,STABLE,live
2026-07-17T21:42:46.113430+00:00,เดรสออกงาน,0.0,0.0,0.0,0.0,STABLE,live
2026-07-17T21:42:46.113430+00:00,กระเป๋าสะพาย,0.0,-3.222,3.889,-1.089,DECLINE,live
2026-07-17T21:42:46.113430+00:00,รองเท้าผ้าใบ,0.0,-10.444,-7.333,-9.511,DECLINE,live
2026-07-18T01:40:59.786169+00:00,น้ำหอมติดทน,0.0,11.111,0.0,7.778,INTRO,live
2026-07-18T01:40:59.786169+00:00,ลิปเปลี่ยนสี,0.0,0.0,0.0,0.0,STABLE,live
2026-07-18T01:40:59.786169+00:00,ครีมกันแดดโกลว์,0.0,0.0,0.0,0.0,STABLE,live
2026-07-18T01:40:59.786169+00:00,เซรั่มหน้าใส,0.0,0.0,0.0,0.0,STABLE,live
2026-07-18T01:40:59.786169+00:00,คอนซีลเลอร์,0.0,0.0,0.0,0.0,STABLE,live
2026-07-18T01:40:59.786169+00:00,คอลลาเจน,95.0,20.333,1.111,14.567,GROWTH,live
2026-07-18T01:40:59.786169+00:00,โพรไบโอติก,34.0,3.778,3.778,3.778,INTRO,live
2026-07-18T01:40:59.786169+00:00,วิตามินผิว,0.0,0.0,0.0,0.0,STABLE,live
2026-07-18T01:40:59.786169+00:00,ขนมเกาหลี,0.0,0.0,0.0,0.0,STABLE,live
2026-07-18T01:40:59.786169+00:00,กาแฟลดน้ำหนัก,0.0,0.0,0.0,0.0,STABLE,live
2026-07-18T01:40:59.786169+00:00,เครื่องชงกาแฟ,49.0,18.667,5.444,14.7,GROWTH,live
2026-07-18T01:40:59.786169+00:00,เครื่องฟอกอากาศ,50.0,11.556,5.556,9.756,GROWTH,live
2026-07-18T01:40:59.786169+00:00,ที่ดูดฝุ่นไร้สาย,0.0,0.0,0.0,0.0,STABLE,live
2026-07-18T01:40:59.786169+00:00,หม้อทอดไร้น้ำมัน,0.0,0.0,0.0,0.0,STABLE,live
2026-07-18T01:40:59.786169+00:00,ไฟ LED ติดผนัง,0.0,0.0,0.0,0.0,STABLE,live
2026-07-18T01:40:59.786169+00:00,รองเท้าผ้าใบ,82.0,22.889,9.111,18.756,GROWTH,live
2026-07-18T01:40:59.786169+00:00,กระเป๋าสะพาย,49.0,10.778,5.444,9.178,GROWTH,live
2026-07-18T01:40:59.786169+00:00,เสื้อโอเวอร์ไซส์,0.0,0.0,0.0,0.0,STABLE,live
2026-07-18T01:40:59.786169+00:00,กางเกงขายาวทรงสวย,0.0,0.0,0.0,0.0,STABLE,live
2026-07-18T01:40:59.786169+00:00,เดรสออกงาน,0.0,0.0,0.0,0.0,STABLE,live
2026-07-18T05:16:36.088540+00:00,ลิปเปลี่ยนสี,0.0,0.0,0.0,0.0,STABLE,live
2026-07-18T05:16:36.088540+00:00,ครีมกันแดดโกลว์,0.0,0.0,0.0,0.0,STABLE,live
2026-07-18T05:16:36.088540+00:00,เซรั่มหน้าใส,0.0,0.0,0.0,0.0,STABLE,live
2026-07-18T05:16:36.088540+00:00,น้ำหอมติดทน,0.0,0.0,0.0,0.0,STABLE,live
2026-07-18T05:16:36.088540+00:00,คอนซีลเลอร์,0.0,-0.889,0.0,-0.622,DECLINE,live
2026-07-18T05:16:36.088540+00:00,วิตามินผิว,0.0,3.556,0.0,2.489,INTRO,live
2026-07-18T05:16:36.088540+00:00,ขนมเกาหลี,0.0,0.0,0.0,0.0,STABLE,live
2026-07-18T05:16:36.088540+00:00,กาแฟลดน้ำหนัก,0.0,0.0,0.0,0.0,STABLE,live
2026-07-18T05:16:36.088540+00:00,โพรไบโอติก,0.0,-4.111,-3.778,-4.011,DECLINE,live
2026-07-18T05:16:36.088540+00:00,คอลลาเจน,0.0,-8.778,-5.778,-7.878,DECLINE,live
2026-07-18T05:16:36.088540+00:00,หม้อทอดไร้น้ำมัน,0.0,5.111,-5.556,1.911,INTRO,live
2026-07-18T05:16:36.088540+00:00,ที่ดูดฝุ่นไร้สาย,0.0,0.0,0.0,0.0,STABLE,live
2026-07-18T05:16:36.088540+00:00,ไฟ LED ติดผนัง,0.0,0.0,0.0,0.0,STABLE,live
2026-07-18T05:16:36.088540+00:00,เครื่องฟอกอากาศ,0.0,-0.111,-7.333,-2.278,STABLE,live
2026-07-18T05:16:36.088540+00:00,เครื่องชงกาแฟ,0.0,-2.444,-10.444,-4.844,DECLINE,live
2026-07-18T05:16:36.088540+00:00,เสื้อโอเวอร์ไซส์,0.0,0.0,0.0,0.0,STABLE,live
2026-07-18T05:16:36.088540+00:00,กางเกงขายาวทรงสวย,0.0,0.0,0.0,0.0,STABLE,live
2026-07-18T05:16:36.088540+00:00,เดรสออกงาน,0.0,0.0,0.0,0.0,STABLE,live
2026-07-18T05:16:36.088540+00:00,รองเท้าผ้าใบ,72.0,-2.889,-4.111,-3.256,DECLINE,live
2026-07-18T05:16:36.088540+00:00,กระเป๋าสะพาย,0.0,-2.333,-10.889,-4.9,DECLINE,live
2026-07-18T07:28:04.119930+00:00,ลิปเปลี่ยนสี,0.0,0.0,0.0,0.0,STABLE,live
2026-07-18T07:28:04.119930+00:00,ครีมกันแดดโกลว์,0.0,0.0,0.0,0.0,STABLE,live
2026-07-18T07:28:04.119930+00:00,เซรั่มหน้าใส,0.0,0.0,0.0,0.0,STABLE,live
2026-07-18T07:28:04.119930+00:00,น้ำหอมติดทน,0.0,0.0,0.0,0.0,STABLE,live
2026-07-18T07:28:04.119930+00:00,คอนซีลเลอร์,0.0,-0.778,0.0,-0.544,DECLINE,live
2026-07-18T07:28:04.119930+00:00,ขนมเกาหลี,0.0,0.0,0.0,0.0,STABLE,live
2026-07-18T07:28:04.119930+00:00,กาแฟลดน้ำหนัก,0.0,0.0,0.0,0.0,STABLE,live
2026-07-18T07:28:04.119930+00:00,วิตามินผิว,0.0,0.111,-3.778,-1.056,STABLE,live
2026-07-18T07:28:04.119930+00:00,คอลลาเจน,54.0,-5.333,-1.778,-4.267,DECLINE,live
2026-07-18T07:28:04.119930+00:00,โพรไบโอติก,0.0,-5.778,-1.0,-4.344,DECLINE,live
2026-07-18T07:28:04.119930+00:00,หม้อทอดไร้น้ำมัน,0.0,2.111,-3.667,0.378,INTRO,live
2026-07-18T07:28:04.119930+00:00,เครื่องฟอกอากาศ,0.0,0.889,-1.889,0.056,INTRO,live
2026-07-18T07:28:04.119930+00:00,ที่ดูดฝุ่นไร้สาย,0.0,0.0,0.0,0.0,STABLE,live
2026-07-18T07:28:04.119930+00:00,ไฟ LED ติดผนัง,0.0,0.0,0.0,0.0,STABLE,live
2026-07-18T07:28:04.119930+00:00,เครื่องชงกาแฟ,79.0,-1.667,-6.778,-3.2,DECLINE,live
2026-07-18T07:28:04.119930+00:00,รองเท้าผ้าใบ,79.0,0.556,2.778,1.222,GROWTH,live
2026-07-18T07:28:04.119930+00:00,เสื้อโอเวอร์ไซส์,0.0,0.0,0.0,0.0,STABLE,live
2026-07-18T07:28:04.119930+00:00,กางเกงขายาวทรงสวย,0.0,0.0,0.0,0.0,STABLE,live
2026-07-18T07:28:04.119930+00:00,เดรสออกงาน,0.0,0.0,0.0,0.0,STABLE,live
2026-07-18T07:28:04.119930+00:00,กระเป๋าสะพาย,41.0,-3.778,-2.667,-3.444,DECLINE,live
2026-07-18T10:10:33.424197+00:00,คอนซีลเลอร์,0.0,5.556,0.0,3.889,INTRO,live
2026-07-18T10:10:33.424197+00:00,ลิปเปลี่ยนสี,0.0,0.0,0.0,0.0,STABLE,live
2026-07-18T10:10:33.424197+00:00,ครีมกันแดดโกลว์,0.0,0.0,0.0,0.0,STABLE,live
2026-07-18T10:10:33.424197+00:00,เซรั่มหน้าใส,0.0,0.0,0.0,0.0,STABLE,live
2026-07-18T10:10:33.424197+00:00,น้ำหอมติดทน,0.0,0.0,0.0,0.0,STABLE,live
2026-07-18T10:10:33.424197+00:00,ขนมเกาหลี,0.0,0.0,0.0,0.0,STABLE,live
2026-07-18T10:10:33.424197+00:00,กาแฟลดน้ำหนัก,0.0,0.0,0.0,0.0,STABLE,live
2026-07-18T10:10:33.424197+00:00,โพรไบโอติก,0.0,-0.889,-1.333,-1.022,DECLINE,live
2026-07-18T10:10:33.424197+00:00,คอลลาเจน,0.0,-2.333,-3.889,-2.8,DECLINE,live
2026-07-18T10:10:33.424197+00:00,วิตามินผิว,0.0,-4.667,-1.222,-3.633,DECLINE,live
2026-07-18T10:10:33.424197+00:00,ที่ดูดฝุ่นไร้สาย,0.0,0.0,0.0,0.0,STABLE,live
2026-07-18T10:10:33.424197+00:00,ไฟ LED ติดผนัง,0.0,0.0,0.0,0.0,STABLE,live
2026-07-18T10:10:33.424197+00:00,เครื่องฟอกอากาศ,0.0,-5.111,-6.667,-5.578,DECLINE,live
2026-07-18T10:10:33.424197+00:00,หม้อทอดไร้น้ำมัน,0.0,-7.222,-2.222,-5.722,DECLINE,live
2026-07-18T10:10:33.424197+00:00,เครื่องชงกาแฟ,0.0,-8.667,-7.556,-8.333,DECLINE,live
2026-07-18T10:10:33.424197+00:00,เสื้อโอเวอร์ไซส์,0.0,0.0,0.0,0.0,STABLE,live
2026-07-18T10:10:33.424197+00:00,กางเกงขายาวทรงสวย,0.0,0.0,0.0,0.0,STABLE,live
2026-07-18T10:10:33.424197+00:00,เดรสออกงาน,0.0,0.0,0.0,0.0,STABLE,live
2026-07-18T10:10:33.424197+00:00,กระเป๋าสะพาย,0.0,-2.556,-4.222,-3.056,DECLINE,live
2026-07-18T10:10:33.424197+00:00,รองเท้าผ้าใบ,0.0,-3.889,-6.222,-4.589,DECLINE,live
2026-07-18T12:53:48.995849+00:00,ลิปเปลี่ยนสี,0.0,0.0,0.0,0.0,STABLE,live
2026-07-18T12:53:48.995849+00:00,ครีมกันแดดโกลว์,0.0,0.0,0.0,0.0,STABLE,live
2026-07-18T12:53:48.995849+00:00,เซรั่มหน้าใส,0.0,0.0,0.0,0.0,STABLE,live
2026-07-18T12:53:48.995849+00:00,น้ำหอมติดทน,0.0,0.0,0.0,0.0,STABLE,live
2026-07-18T12:53:48.995849+00:00,คอนซีลเลอร์,0.0,0.111,-2.333,-0.622,STABLE,live
2026-07-18T12:53:48.995849+00:00,วิตามินผิว,21.0,2.222,4.667,2.956,INTRO,live
2026-07-18T12:53:48.995849+00:00,ขนมเกาหลี,0.0,0.0,0.0,0.0,STABLE,live
2026-07-18T12:53:48.995849+00:00,กาแฟลดน้ำหนัก,0.0,0.0,0.0,0.0,STABLE,live
2026-07-18T12:53:48.995849+00:00,คอลลาเจน,72.0,-1.333,-0.333,-1.033,DECLINE,live
2026-07-18T12:53:48.995849+00:00,โพรไบโอติก,0.0,-3.0,-4.667,-3.5,DECLINE,live
2026-07-18T12:53:48.995849+00:00,หม้อทอดไร้น้ำมัน,45.0,6.222,3.222,5.322,GROWTH,live
2026-07-18T12:53:48.995849+00:00,ที่ดูดฝุ่นไร้สาย,0.0,0.0,0.0,0.0,STABLE,live
2026-07-18T12:53:48.995849+00:00,ไฟ LED ติดผนัง,0.0,0.0,0.0,0.0,STABLE,live
2026-07-18T12:53:48.995849+00:00,เครื่องชงกาแฟ,33.0,-2.667,0.222,-1.8,DECLINE,live
2026-07-18T12:53:48.995849+00:00,เครื่องฟอกอากาศ,29.0,-8.333,0.111,-5.8,DECLINE,live
2026-07-18T12:53:48.995849+00:00,เสื้อโอเวอร์ไซส์,0.0,0.0,0.0,0.0,STABLE,live
2026-07-18T12:53:48.995849+00:00,กางเกงขายาวทรงสวย,0.0,0.0,0.0,0.0,STABLE,live
2026-07-18T12:53:48.995849+00:00,เดรสออกงาน,0.0,0.0,0.0,0.0,STABLE,live
2026-07-18T12:53:48.995849+00:00,กระเป๋าสะพาย,57.0,-1.111,0.667,-0.578,DECLINE,live
2026-07-18T12:53:48.995849+00:00,รองเท้าผ้าใบ,58.0,-4.0,-3.111,-3.733,DECLINE,live
2026-07-18T15:45:10.449561+00:00,คอนซีลเลอร์,30.66,0.217,0.713,0.366,STABLE,simulate_fallback
2026-07-18T15:45:10.449561+00:00,น้ำหอมติดทน,28.49,-0.566,-0.108,-0.429,DECLINE,simulate_fallback
2026-07-18T15:45:10.449561+00:00,ครีมกันแดดโกลว์,30.36,-0.624,-0.926,-0.715,DECLINE,simulate_fallback
2026-07-18T15:45:10.449561+00:00,เซรั่มหน้าใส,29.69,-0.989,-0.181,-0.747,DECLINE,simulate_fallback
2026-07-18T15:45:10.449561+00:00,ลิปเปลี่ยนสี,28.28,-0.946,-0.833,-0.912,DECLINE,simulate_fallback
2026-07-18T15:45:10.449561+00:00,คอลลาเจน,31.26,0.322,-0.001,0.225,INTRO,simulate_fallback
2026-07-18T15:45:10.449561+00:00,วิตามินผิว,31.5,0.399,-0.228,0.211,INTRO,simulate_fallback
2026-07-18T15:45:10.449561+00:00,โพรไบโอติก,30.86,0.204,-0.626,-0.045,STABLE,simulate_fallback
2026-07-18T15:45:10.449561+00:00,ขนมเกาหลี,29.09,-0.362,-0.017,-0.259,DECLINE,simulate_fallback
2026-07-18T15:45:10.449561+00:00,กาแฟลดน้ำหนัก,29.25,-0.26,-0.426,-0.31,STABLE,simulate_fallback
2026-07-18T15:45:10.449561+00:00,ที่ดูดฝุ่นไร้สาย,30.96,-0.104,0.833,0.177,STABLE,simulate_fallback
2026-07-18T15:45:10.449561+00:00,เครื่องชงกาแฟ,28.08,0.087,0.371,0.172,STABLE,simulate_fallback
2026-07-18T15:45:10.449561+00:00,หม้อทอดไร้น้ำมัน,30.63,0.047,0.303,0.124,STABLE,simulate_fallback
2026-07-18T15:45:10.449561+00:00,เครื่องฟอกอากาศ,29.74,0.228,-0.189,0.103,STABLE,simulate_fallback
2026-07-18T15:45:10.449561+00:00,ไฟ LED ติดผนัง,30.28,-0.302,0.083,-0.187,DECLINE,simulate_fallback
2026-07-18T15:45:10.449561+00:00,รองเท้าผ้าใบ,30.39,0.355,0.7,0.458,INTRO,simulate_fallback
2026-07-18T15:45:10.449561+00:00,เสื้อโอเวอร์ไซส์,30.35,0.31,0.266,0.296,INTRO,simulate_fallback
2026-07-18T15:45:10.449561+00:00,กางเกงขายาวทรงสวย,32.11,0.167,0.526,0.275,STABLE,simulate_fallback
2026-07-18T15:45:10.449561+00:00,เดรสออกงาน,30.57,0.077,0.606,0.236,STABLE,simulate_fallback
2026-07-18T15:45:10.449561+00:00,กระเป๋าสะพาย,28.6,-0.739,-0.015,-0.522,DECLINE,simulate_fallback
2026-07-18T18:48:05.614076+00:00,ลิปเปลี่ยนสี,0.0,0.0,0.0,0.0,STABLE,live
2026-07-18T18:48:05.614076+00:00,ครีมกันแดดโกลว์,0.0,0.0,0.0,0.0,STABLE,live
2026-07-18T18:48:05.614076+00:00,เซรั่มหน้าใส,0.0,0.0,0.0,0.0,STABLE,live
2026-07-18T18:48:05.614076+00:00,น้ำหอมติดทน,0.0,0.0,0.0,0.0,STABLE,live
2026-07-18T18:48:05.614076+00:00,คอนซีลเลอร์,0.0,0.0,0.0,0.0,STABLE,live
2026-07-18T18:48:05.614076+00:00,กาแฟลดน้ำหนัก,0.0,0.0,0.0,0.0,STABLE,live
2026-07-18T18:48:05.614076+00:00,วิตามินผิว,0.0,-1.444,-1.111,-1.344,DECLINE,live
2026-07-18T18:48:05.614076+00:00,ขนมเกาหลี,0.0,-2.0,-4.0,-2.6,DECLINE,live
2026-07-18T18:48:05.614076+00:00,โพรไบโอติก,0.0,-4.778,-2.222,-4.011,DECLINE,live
2026-07-18T18:48:05.614076+00:00,คอลลาเจน,0.0,-6.0,-2.778,-5.033,DECLINE,live
2026-07-18T18:48:05.614076+00:00,ที่ดูดฝุ่นไร้สาย,0.0,0.0,0.0,0.0,STABLE,live
2026-07-18T18:48:05.614076+00:00,ไฟ LED ติดผนัง,0.0,0.0,0.0,0.0,STABLE,live
2026-07-18T18:48:05.614076+00:00,หม้อทอดไร้น้ำมัน,0.0,-5.556,3.667,-2.789,DECLINE,live
2026-07-18T18:48:05.614076+00:00,เครื่องฟอกอากาศ,0.0,-5.889,0.0,-4.122,DECLINE,live
2026-07-18T18:48:05.614076+00:00,เครื่องชงกาแฟ,0.0,-5.111,-2.667,-4.378,DECLINE,live
2026-07-18T18:48:05.614076+00:00,กระเป๋าสะพาย,47.0,-0.778,3.333,0.456,DECLINE,live
2026-07-18T18:48:05.614076+00:00,เสื้อโอเวอร์ไซส์,0.0,0.0,0.0,0.0,STABLE,live
2026-07-18T18:48:05.614076+00:00,กางเกงขายาวทรงสวย,0.0,0.0,0.0,0.0,STABLE,live
2026-07-18T18:48:05.614076+00:00,เดรสออกงาน,0.0,0.0,0.0,0.0,STABLE,live
2026-07-18T18:48:05.614076+00:00,รองเท้าผ้าใบ,0.0,-5.0,-5.111,-5.033,DECLINE,live
2026-07-18T21:41:12.572903+00:00,คอนซีลเลอร์,0.0,7.222,0.0,5.056,INTRO,live
2026-07-18T21:41:12.572903+00:00,ลิปเปลี่ยนสี,0.0,0.0,0.0,0.0,STABLE,live
2026-07-18T21:41:12.572903+00:00,ครีมกันแดดโกลว์,0.0,0.0,0.0,0.0,STABLE,live
2026-07-18T21:41:12.572903+00:00,เซรั่มหน้าใส,0.0,0.0,0.0,0.0,STABLE,live
2026-07-18T21:41:12.572903+00:00,น้ำหอมติดทน,0.0,0.0,0.0,0.0,STABLE,live
2026-07-18T21:41:12.572903+00:00,วิตามินผิว,0.0,0.0,1.333,0.4,STABLE,live
2026-07-18T21:41:12.572903+00:00,ขนมเกาหลี,0.0,0.0,0.0,0.0,STABLE,live
2026-07-18T21:41:12.572903+00:00,กาแฟลดน้ำหนัก,0.0,0.0,0.0,0.0,STABLE,live
2026-07-18T21:41:12.572903+00:00,โพรไบโอติก,0.0,-2.0,1.222,-1.033,DECLINE,live
2026-07-18T21:41:12.572903+00:00,คอลลาเจน,0.0,-10.667,-1.444,-7.9,DECLINE,live
2026-07-18T21:41:12.572903+00:00,เครื่องชงกาแฟ,0.0,0.0,3.0,0.9,STABLE,live
2026-07-18T21:41:12.572903+00:00,หม้อทอดไร้น้ำมัน,0.0,0.0,2.889,0.867,STABLE,live
2026-07-18T21:41:12.572903+00:00,ที่ดูดฝุ่นไร้สาย,0.0,0.0,0.0,0.0,STABLE,live
2026-07-18T21:41:12.572903+00:00,ไฟ LED ติดผนัง,0.0,0.0,0.0,0.0,STABLE,live
2026-07-18T21:41:12.572903+00:00,เครื่องฟอกอากาศ,0.0,-8.444,0.0,-5.911,DECLINE,live
2026-07-18T21:41:12.572903+00:00,เสื้อโอเวอร์ไซส์,0.0,0.0,0.0,0.0,STABLE,live
2026-07-18T21:41:12.572903+00:00,กางเกงขายาวทรงสวย,0.0,0.0,0.0,0.0,STABLE,live
2026-07-18T21:41:12.572903+00:00,เดรสออกงาน,0.0,0.0,0.0,0.0,STABLE,live
2026-07-18T21:41:12.572903+00:00,รองเท้าผ้าใบ,0.0,-12.0,5.222,-6.833,DECLINE,live
2026-07-18T21:41:12.572903+00:00,กระเป๋าสะพาย,0.0,-13.222,-6.222,-11.122,DECLINE,live
2026-07-19T01:48:47.416476+00:00,ลิปเปลี่ยนสี,0.0,0.0,0.0,0.0,STABLE,live
2026-07-19T01:48:47.416476+00:00,ครีมกันแดดโกลว์,0.0,0.0,0.0,0.0,STABLE,live
2026-07-19T01:48:47.416476+00:00,เซรั่มหน้าใส,0.0,0.0,0.0,0.0,STABLE,live
2026-07-19T01:48:47.416476+00:00,น้ำหอมติดทน,0.0,0.0,0.0,0.0,STABLE,live
2026-07-19T01:48:47.416476+00:00,คอนซีลเลอร์,0.0,0.0,0.0,0.0,STABLE,live
2026-07-19T01:48:47.416476+00:00,คอลลาเจน,57.0,12.111,6.333,10.378,GROWTH,live
2026-07-19T01:48:47.416476+00:00,วิตามินผิว,0.0,0.0,0.0,0.0,STABLE,live
2026-07-19T01:48:47.416476+00:00,ขนมเกาหลี,0.0,0.0,0.0,0.0,STABLE,live
2026-07-19T01:48:47.416476+00:00,กาแฟลดน้ำหนัก,0.0,0.0,0.0,0.0,STABLE,live
2026-07-19T01:48:47.416476+00:00,โพรไบโอติก,0.0,0.0,0.0,0.0,STABLE,live
2026-07-19T01:48:47.416476+00:00,หม้อทอดไร้น้ำมัน,81.0,9.0,9.0,9.0,GROWTH,live
2026-07-19T01:48:47.416476+00:00,เครื่องฟอกอากาศ,78.0,8.667,8.667,8.667,GROWTH,live
2026-07-19T01:48:47.416476+00:00,ที่ดูดฝุ่นไร้สาย,0.0,0.0,0.0,0.0,STABLE,live
2026-07-19T01:48:47.416476+00:00,ไฟ LED ติดผนัง,0.0,0.0,0.0,0.0,STABLE,live
2026-07-19T01:48:47.416476+00:00,เครื่องชงกาแฟ,0.0,0.0,0.0,0.0,STABLE,live
2026-07-19T01:48:47.416476+00:00,กระเป๋าสะพาย,0.0,16.333,0.0,11.433,INTRO,live
2026-07-19T01:48:47.416476+00:00,รองเท้าผ้าใบ,62.0,6.889,6.889,6.889,GROWTH,live
2026-07-19T01:48:47.416476+00:00,เสื้อโอเวอร์ไซส์,0.0,0.0,0.0,0.0,STABLE,live
2026-07-19T01:48:47.416476+00:00,กางเกงขายาวทรงสวย,0.0,0.0,0.0,0.0,STABLE,live
2026-07-19T01:48:47.416476+00:00,เดรสออกงาน,0.0,0.0,0.0,0.0,STABLE,live
2026-07-19T05:42:36.697044+00:00,ลิปเปลี่ยนสี,0.0,0.0,0.0,0.0,STABLE,live
2026-07-19T05:42:36.697044+00:00,ครีมกันแดดโกลว์,0.0,0.0,0.0,0.0,STABLE,live
2026-07-19T05:42:36.697044+00:00,เซรั่มหน้าใส,0.0,0.0,0.0,0.0,STABLE,live
2026-07-19T05:42:36.697044+00:00,น้ำหอมติดทน,0.0,0.0,0.0,0.0,STABLE,live
2026-07-19T05:42:36.697044+00:00,คอนซีลเลอร์,0.0,0.0,0.0,0.0,STABLE,live
2026-07-19T05:42:36.697044+00:00,คอลลาเจน,59.0,8.333,6.556,7.8,GROWTH,live
2026-07-19T05:42:36.697044+00:00,โพรไบโอติก,52.0,4.667,5.778,5.0,GROWTH,live
2026-07-19T05:42:36.697044+00:00,วิตามินผิว,0.0,0.0,0.0,0.0,STABLE,live
2026-07-19T05:42:36.697044+00:00,ขนมเกาหลี,0.0,0.0,0.0,0.0,STABLE,live
2026-07-19T05:42:36.697044+00:00,กาแฟลดน้ำหนัก,0.0,0.0,0.0,0.0,STABLE,live
2026-07-19T05:42:36.697044+00:00,เครื่องชงกาแฟ,57.0,3.889,6.333,4.622,GROWTH,live
2026-07-19T05:42:36.697044+00:00,เครื่องฟอกอากาศ,0.0,4.889,0.0,3.422,INTRO,live
2026-07-19T05:42:36.697044+00:00,ที่ดูดฝุ่นไร้สาย,0.0,0.0,0.0,0.0,STABLE,live
2026-07-19T05:42:36.697044+00:00,ไฟ LED ติดผนัง,0.0,0.0,0.0,0.0,STABLE,live
2026-07-19T05:42:36.697044+00:00,หม้อทอดไร้น้ำมัน,0.0,-3.444,0.0,-2.411,DECLINE,live
2026-07-19T05:42:36.697044+00:00,กระเป๋าสะพาย,46.0,4.889,-7.556,1.156,PEAK,live
2026-07-19T05:42:36.697044+00:00,รองเท้าผ้าใบ,95.0,2.0,-2.778,0.567,PEAK,live
2026-07-19T05:42:36.697044+00:00,เสื้อโอเวอร์ไซส์,0.0,0.0,0.0,0.0,STABLE,live
2026-07-19T05:42:36.697044+00:00,กางเกงขายาวทรงสวย,0.0,0.0,0.0,0.0,STABLE,live
2026-07-19T05:42:36.697044+00:00,เดรสออกงาน,0.0,0.0,0.0,0.0,STABLE,live
2026-07-19T08:02:00.746442+00:00,น้ำหอมติดทน,90.0,10.0,10.0,10.0,GROWTH,live
2026-07-19T08:02:00.746442+00:00,ลิปเปลี่ยนสี,0.0,0.0,0.0,0.0,STABLE,live
2026-07-19T08:02:00.746442+00:00,ครีมกันแดดโกลว์,0.0,0.0,0.0,0.0,STABLE,live
2026-07-19T08:02:00.746442+00:00,เซรั่มหน้าใส,0.0,0.0,0.0,0.0,STABLE,live
2026-07-19T08:02:00.746442+00:00,คอนซีลเลอร์,0.0,0.0,0.0,0.0,STABLE,live
2026-07-19T08:02:00.746442+00:00,ขนมเกาหลี,0.0,0.0,0.0,0.0,STABLE,live
2026-07-19T08:02:00.746442+00:00,กาแฟลดน้ำหนัก,0.0,0.0,0.0,0.0,STABLE,live
2026-07-19T08:02:00.746442+00:00,คอลลาเจน,48.0,-2.222,4.778,-0.122,DECLINE,live
2026-07-19T08:02:00.746442+00:00,โพรไบโอติก,0.0,-1.444,-5.556,-2.678,DECLINE,live
2026-07-19T08:02:00.746442+00:00,วิตามินผิว,0.0,-6.444,-6.667,-6.511,DECLINE,live
2026-07-19T08:02:00.746442+00:00,เครื่องฟอกอากาศ,35.0,8.0,-3.889,4.433,PEAK,live
2026-07-19T08:02:00.746442+00:00,เครื่องชงกาแฟ,56.0,3.889,-8.222,0.256,PEAK,live
2026-07-19T08:02:00.746442+00:00,ที่ดูดฝุ่นไร้สาย,0.0,0.0,0.0,0.0,STABLE,live
2026-07-19T08:02:00.746442+00:00,ไฟ LED ติดผนัง,0.0,0.0,0.0,0.0,STABLE,live
2026-07-19T08:02:00.746442+00:00,หม้อทอดไร้น้ำมัน,33.0,-3.0,-9.667,-5.0,DECLINE,live
2026-07-19T08:02:00.746442+00:00,รองเท้าผ้าใบ,85.0,1.778,2.556,2.011,GROWTH,live
2026-07-19T08:02:00.746442+00:00,กระเป๋าสะพาย,73.0,-1.667,9.333,1.633,DECLINE,live
2026-07-19T08:02:00.746442+00:00,เสื้อโอเวอร์ไซส์,0.0,0.0,0.0,0.0,STABLE,live
2026-07-19T08:02:00.746442+00:00,กางเกงขายาวทรงสวย,0.0,0.0,0.0,0.0,STABLE,live
2026-07-19T08:02:00.746442+00:00,เดรสออกงาน,0.0,0.0,0.0,0.0,STABLE,live
2026-07-19T10:19:11.249339+00:00,ลิปเปลี่ยนสี,0.0,0.0,0.0,0.0,STABLE,live
2026-07-19T10:19:11.249339+00:00,ครีมกันแดดโกลว์,0.0,0.0,0.0,0.0,STABLE,live
2026-07-19T10:19:11.249339+00:00,เซรั่มหน้าใส,0.0,0.0,0.0,0.0,STABLE,live
2026-07-19T10:19:11.249339+00:00,น้ำหอมติดทน,0.0,0.0,0.0,0.0,STABLE,live
2026-07-19T10:19:11.249339+00:00,คอนซีลเลอร์,0.0,0.0,0.0,0.0,STABLE,live
2026-07-19T10:19:11.249339+00:00,ขนมเกาหลี,0.0,0.0,0.0,0.0,STABLE,live
2026-07-19T10:19:11.249339+00:00,กาแฟลดน้ำหนัก,0.0,0.0,0.0,0.0,STABLE,live
2026-07-19T10:19:11.249339+00:00,วิตามินผิว,0.0,-2.667,2.556,-1.1,DECLINE,live
2026-07-19T10:19:11.249339+00:00,โพรไบโอติก,0.0,-2.667,0.0,-1.867,DECLINE,live
2026-07-19T10:19:11.249339+00:00,คอลลาเจน,0.0,-1.333,-4.333,-2.233,DECLINE,live
2026-07-19T10:19:11.249339+00:00,หม้อทอดไร้น้ำมัน,100.0,10.444,15.0,11.811,GROWTH,live
2026-07-19T10:19:11.249339+00:00,ที่ดูดฝุ่นไร้สาย,0.0,0.0,0.0,0.0,STABLE,live
2026-07-19T10:19:11.249339+00:00,ไฟ LED ติดผนัง,0.0,0.0,0.0,0.0,STABLE,live
2026-07-19T10:19:11.249339+00:00,เครื่องชงกาแฟ,0.0,-4.889,-2.889,-4.289,DECLINE,live
2026-07-19T10:19:11.249339+00:00,เครื่องฟอกอากาศ,0.0,-5.444,-3.333,-4.811,DECLINE,live
2026-07-19T10:19:11.249339+00:00,รองเท้าผ้าใบ,100.0,4.889,4.222,4.689,GROWTH,live
2026-07-19T10:19:11.249339+00:00,เสื้อโอเวอร์ไซส์,0.0,0.0,0.0,0.0,STABLE,live
2026-07-19T10:19:11.249339+00:00,กางเกงขายาวทรงสวย,0.0,0.0,0.0,0.0,STABLE,live
2026-07-19T10:19:11.249339+00:00,เดรสออกงาน,0.0,0.0,0.0,0.0,STABLE,live
2026-07-19T10:19:11.249339+00:00,กระเป๋าสะพาย,0.0,-5.889,-6.556,-6.089,DECLINE,live
2026-07-19T12:56:05.283863+00:00,คอนซีลเลอร์,0.0,3.556,0.0,2.489,INTRO,live
2026-07-19T12:56:05.283863+00:00,ลิปเปลี่ยนสี,0.0,0.0,0.0,0.0,STABLE,live
2026-07-19T12:56:05.283863+00:00,ครีมกันแดดโกลว์,0.0,0.0,0.0,0.0,STABLE,live
2026-07-19T12:56:05.283863+00:00,เซรั่มหน้าใส,0.0,0.0,0.0,0.0,STABLE,live
2026-07-19T12:56:05.283863+00:00,น้ำหอมติดทน,0.0,0.0,0.0,0.0,STABLE,live
2026-07-19T12:56:05.283863+00:00,วิตามินผิว,0.0,0.0,3.222,0.967,STABLE,live
2026-07-19T12:56:05.283863+00:00,ขนมเกาหลี,0.0,0.0,0.0,0.0,STABLE,live
2026-07-19T12:56:05.283863+00:00,กาแฟลดน้ำหนัก,0.0,0.0,0.0,0.0,STABLE,live
2026-07-19T12:56:05.283863+00:00,โพรไบโอติก,0.0,0.0,0.0,0.0,STABLE,live
2026-07-19T12:56:05.283863+00:00,คอลลาเจน,49.0,0.889,-2.222,-0.044,PEAK,live
2026-07-19T12:56:05.283863+00:00,เครื่องชงกาแฟ,54.0,4.0,15.0,7.3,GROWTH,live
2026-07-19T12:56:05.283863+00:00,หม้อทอดไร้น้ำมัน,50.0,6.111,5.556,5.944,GROWTH,live
2026-07-19T12:56:05.283863+00:00,ที่ดูดฝุ่นไร้สาย,0.0,0.0,0.0,0.0,STABLE,live
2026-07-19T12:56:05.283863+00:00,ไฟ LED ติดผนัง,0.0,0.0,0.0,0.0,STABLE,live
2026-07-19T12:56:05.283863+00:00,เครื่องฟอกอากาศ,44.0,-10.778,-4.667,-8.944,DECLINE,live
2026-07-19T12:56:05.283863+00:00,เสื้อโอเวอร์ไซส์,0.0,0.0,0.0,0.0,STABLE,live
2026-07-19T12:56:05.283863+00:00,กางเกงขายาวทรงสวย,0.0,0.0,0.0,0.0,STABLE,live
2026-07-19T12:56:05.283863+00:00,เดรสออกงาน,0.0,0.0,0.0,0.0,STABLE,live
2026-07-19T12:56:05.283863+00:00,รองเท้าผ้าใบ,60.0,1.444,-5.333,-0.589,PEAK,live
2026-07-19T12:56:05.283863+00:00,กระเป๋าสะพาย,35.0,-1.778,-2.778,-2.078,DECLINE,live
2026-07-19T15:47:55.772988+00:00,ลิปเปลี่ยนสี,0.0,0.0,0.0,0.0,STABLE,live
2026-07-19T15:47:55.772988+00:00,ครีมกันแดดโกลว์,0.0,0.0,0.0,0.0,STABLE,live
2026-07-19T15:47:55.772988+00:00,เซรั่มหน้าใส,0.0,0.0,0.0,0.0,STABLE,live
2026-07-19T15:47:55.772988+00:00,น้ำหอมติดทน,0.0,0.0,0.0,0.0,STABLE,live
2026-07-19T15:47:55.772988+00:00,คอนซีลเลอร์,0.0,0.0,0.0,0.0,STABLE,live
2026-07-19T15:47:55.772988+00:00,วิตามินผิว,0.0,0.0,0.0,0.0,STABLE,live
2026-07-19T15:47:55.772988+00:00,ขนมเกาหลี,0.0,0.0,0.0,0.0,STABLE,live
2026-07-19T15:47:55.772988+00:00,กาแฟลดน้ำหนัก,0.0,0.0,0.0,0.0,STABLE,live
2026-07-19T15:47:55.772988+00:00,โพรไบโอติก,0.0,0.0,0.0,0.0,STABLE,live
2026-07-19T15:47:55.772988+00:00,คอลลาเจน,38.0,-4.444,-4.556,-4.478,DECLINE,live
2026-07-19T15:47:55.772988+00:00,เครื่องฟอกอากาศ,0.0,9.889,5.556,8.589,INTRO,live
2026-07-19T15:47:55.772988+00:00,ที่ดูดฝุ่นไร้สาย,0.0,0.0,0.0,0.0,STABLE,live
2026-07-19T15:47:55.772988+00:00,ไฟ LED ติดผนัง,0.0,0.0,0.0,0.0,STABLE,live
2026-07-19T15:47:55.772988+00:00,เครื่องชงกาแฟ,0.0,-5.444,6.333,-1.911,DECLINE,live
2026-07-19T15:47:55.772988+00:00,หม้อทอดไร้น้ำมัน,0.0,-16.556,-5.222,-13.156,DECLINE,live
2026-07-19T15:47:55.772988+00:00,รองเท้าผ้าใบ,80.0,0.778,9.111,3.278,GROWTH,live
2026-07-19T15:47:55.772988+00:00,กระเป๋าสะพาย,65.0,2.0,6.111,3.233,GROWTH,live
2026-07-19T15:47:55.772988+00:00,เสื้อโอเวอร์ไซส์,0.0,0.0,0.0,0.0,STABLE,live
2026-07-19T15:47:55.772988+00:00,กางเกงขายาวทรงสวย,0.0,0.0,0.0,0.0,STABLE,live
2026-07-19T15:47:55.772988+00:00,เดรสออกงาน,0.0,0.0,0.0,0.0,STABLE,live
2026-07-19T18:52:21.064056+00:00,ลิปเปลี่ยนสี,0.0,0.0,0.0,0.0,STABLE,live
2026-07-19T18:52:21.064056+00:00,ครีมกันแดดโกลว์,0.0,0.0,0.0,0.0,STABLE,live
2026-07-19T18:52:21.064056+00:00,เซรั่มหน้าใส,0.0,0.0,0.0,0.0,STABLE,live
2026-07-19T18:52:21.064056+00:00,น้ำหอมติดทน,0.0,0.0,0.0,0.0,STABLE,live
2026-07-19T18:52:21.064056+00:00,คอนซีลเลอร์,0.0,0.0,0.0,0.0,STABLE,live
2026-07-19T18:52:21.064056+00:00,ขนมเกาหลี,0.0,0.0,0.0,0.0,STABLE,live
2026-07-19T18:52:21.064056+00:00,กาแฟลดน้ำหนัก,0.0,0.0,0.0,0.0,STABLE,live
2026-07-19T18:52:21.064056+00:00,โพรไบโอติก,0.0,-5.0,0.0,-3.5,DECLINE,live
2026-07-19T18:52:21.064056+00:00,วิตามินผิว,0.0,-3.222,-6.444,-4.189,DECLINE,live
2026-07-19T18:52:21.064056+00:00,คอลลาเจน,0.0,-16.333,-7.111,-13.567,DECLINE,live
2026-07-19T18:52:21.064056+00:00,ที่ดูดฝุ่นไร้สาย,0.0,0.0,0.0,0.0,STABLE,live
2026-07-19T18:52:21.064056+00:00,หม้อทอดไร้น้ำมัน,0.0,0.0,0.0,0.0,STABLE,live
2026-07-19T18:52:21.064056+00:00,ไฟ LED ติดผนัง,0.0,0.0,0.0,0.0,STABLE,live
2026-07-19T18:52:21.064056+00:00,เครื่องชงกาแฟ,0.0,-5.778,5.667,-2.344,DECLINE,live
2026-07-19T18:52:21.064056+00:00,เครื่องฟอกอากาศ,0.0,-11.778,-6.0,-10.044,DECLINE,live
2026-07-19T18:52:21.064056+00:00,เสื้อโอเวอร์ไซส์,0.0,0.0,0.0,0.0,STABLE,live
2026-07-19T18:52:21.064056+00:00,กางเกงขายาวทรงสวย,0.0,0.0,0.0,0.0,STABLE,live
2026-07-19T18:52:21.064056+00:00,เดรสออกงาน,0.0,0.0,0.0,0.0,STABLE,live
2026-07-19T18:52:21.064056+00:00,กระเป๋าสะพาย,0.0,-10.222,-5.0,-8.656,DECLINE,live
2026-07-19T18:52:21.064056+00:00,รองเท้าผ้าใบ,0.0,-13.333,-6.778,-11.367,DECLINE,live
2026-07-19T21:42:16.652962+00:00,ลิปเปลี่ยนสี,0.0,0.0,0.0,0.0,STABLE,live
2026-07-19T21:42:16.652962+00:00,ครีมกันแดดโกลว์,0.0,0.0,0.0,0.0,STABLE,live
2026-07-19T21:42:16.652962+00:00,เซรั่มหน้าใส,0.0,0.0,0.0,0.0,STABLE,live
2026-07-19T21:42:16.652962+00:00,น้ำหอมติดทน,0.0,0.0,0.0,0.0,STABLE,live
2026-07-19T21:42:16.652962+00:00,คอนซีลเลอร์,0.0,0.0,0.0,0.0,STABLE,live
2026-07-19T21:42:16.652962+00:00,คอลลาเจน,0.0,4.667,4.889,4.733,INTRO,live
2026-07-19T21:42:16.652962+00:00,วิตามินผิว,0.0,0.0,2.556,0.767,STABLE,live
2026-07-19T21:42:16.652962+00:00,ขนมเกาหลี,0.0,0.0,0.0,0.0,STABLE,live
2026-07-19T21:42:16.652962+00:00,กาแฟลดน้ำหนัก,0.0,0.0,0.0,0.0,STABLE,live
2026-07-19T21:42:16.652962+00:00,โพรไบโอติก,0.0,0.0,0.0,0.0,STABLE,live
2026-07-19T21:42:16.652962+00:00,ที่ดูดฝุ่นไร้สาย,0.0,0.0,0.0,0.0,STABLE,live
2026-07-19T21:42:16.652962+00:00,หม้อทอดไร้น้ำมัน,0.0,0.0,0.0,0.0,STABLE,live
2026-07-19T21:42:16.652962+00:00,เครื่องฟอกอากาศ,0.0,0.0,0.0,0.0,STABLE,live
2026-07-19T21:42:16.652962+00:00,ไฟ LED ติดผนัง,0.0,0.0,0.0,0.0,STABLE,live
2026-07-19T21:42:16.652962+00:00,เครื่องชงกาแฟ,0.0,0.0,0.0,0.0,STABLE,live
2026-07-19T21:42:16.652962+00:00,เสื้อโอเวอร์ไซส์,0.0,0.0,0.0,0.0,STABLE,live
2026-07-19T21:42:16.652962+00:00,กางเกงขายาวทรงสวย,0.0,0.0,0.0,0.0,STABLE,live
2026-07-19T21:42:16.652962+00:00,เดรสออกงาน,0.0,0.0,0.0,0.0,STABLE,live
2026-07-19T21:42:16.652962+00:00,กระเป๋าสะพาย,0.0,-6.667,7.111,-2.533,DECLINE,live
2026-07-19T21:42:16.652962+00:00,รองเท้าผ้าใบ,0.0,-13.222,8.778,-6.622,DECLINE,live
2026-07-20T02:05:22.720792+00:00,ลิปเปลี่ยนสี,0.0,0.0,0.0,0.0,STABLE,live
2026-07-20T02:05:22.720792+00:00,ครีมกันแดดโกลว์,0.0,0.0,0.0,0.0,STABLE,live
2026-07-20T02:05:22.720792+00:00,เซรั่มหน้าใส,0.0,0.0,0.0,0.0,STABLE,live
2026-07-20T02:05:22.720792+00:00,น้ำหอมติดทน,0.0,0.0,0.0,0.0,STABLE,live
2026-07-20T02:05:22.720792+00:00,คอนซีลเลอร์,0.0,0.0,0.0,0.0,STABLE,live
2026-07-20T02:05:22.720792+00:00,คอลลาเจน,0.0,11.333,0.0,7.933,INTRO,live
2026-07-20T02:05:22.720792+00:00,วิตามินผิว,0.0,3.0,0.0,2.1,INTRO,live
2026-07-20T02:05:22.720792+00:00,ขนมเกาหลี,0.0,0.0,0.0,0.0,STABLE,live
2026-07-20T02:05:22.720792+00:00,กาแฟลดน้ำหนัก,0.0,0.0,0.0,0.0,STABLE,live
2026-07-20T02:05:22.720792+00:00,โพรไบโอติก,0.0,0.0,0.0,0.0,STABLE,live
2026-07-20T02:05:22.720792+00:00,เครื่องชงกาแฟ,0.0,2.333,0.0,1.633,INTRO,live
2026-07-20T02:05:22.720792+00:00,ที่ดูดฝุ่นไร้สาย,0.0,0.0,0.0,0.0,STABLE,live
2026-07-20T02:05:22.720792+00:00,หม้อทอดไร้น้ำมัน,0.0,0.0,0.0,0.0,STABLE,live
2026-07-20T02:05:22.720792+00:00,ไฟ LED ติดผนัง,0.0,0.0,0.0,0.0,STABLE,live
2026-07-20T02:05:22.720792+00:00,เครื่องฟอกอากาศ,0.0,-6.444,0.0,-4.511,DECLINE,live
2026-07-20T02:05:22.720792+00:00,กระเป๋าสะพาย,0.0,3.667,0.0,2.567,INTRO,live
2026-07-20T02:05:22.720792+00:00,เสื้อโอเวอร์ไซส์,0.0,0.0,0.0,0.0,STABLE,live
2026-07-20T02:05:22.720792+00:00,กางเกงขายาวทรงสวย,0.0,0.0,0.0,0.0,STABLE,live
2026-07-20T02:05:22.720792+00:00,เดรสออกงาน,0.0,0.0,0.0,0.0,STABLE,live
2026-07-20T02:05:22.720792+00:00,รองเท้าผ้าใบ,0.0,3.667,-18.222,-2.9,INTRO,live
2026-07-20T06:00:28.123353+00:00,ครีมกันแดดโกลว์,30.05,0.028,0.926,0.297,STABLE,simulate_fallback
2026-07-20T06:00:28.123353+00:00,เซรั่มหน้าใส,29.71,0.025,0.54,0.179,STABLE,simulate_fallback
2026-07-20T06:00:28.123353+00:00,คอนซีลเลอร์,29.24,-0.023,-0.266,-0.096,STABLE,simulate_fallback
2026-07-20T06:00:28.123353+00:00,น้ำหอมติดทน,29.91,-0.136,-0.147,-0.139,STABLE,simulate_fallback
2026-07-20T06:00:28.123353+00:00,ลิปเปลี่ยนสี,28.19,-0.141,-0.445,-0.232,STABLE,simulate_fallback
2026-07-20T06:00:28.123353+00:00,ขนมเกาหลี,31.11,0.4,1.116,0.615,INTRO,simulate_fallback
2026-07-20T06:00:28.123353+00:00,กาแฟลดน้ำหนัก,31.1,0.426,0.31,0.391,INTRO,simulate_fallback
2026-07-20T06:00:28.123353+00:00,คอลลาเจน,31.2,0.347,0.148,0.288,INTRO,simulate_fallback
2026-07-20T06:00:28.123353+00:00,โพรไบโอติก,28.7,0.297,-0.097,0.179,STABLE,simulate_fallback
2026-07-20T06:00:28.123353+00:00,วิตามินผิว,31.19,0.084,0.084,0.084,STABLE,simulate_fallback
2026-07-20T06:00:28.123353+00:00,เครื่องฟอกอากาศ,34.0,12.333,3.778,9.767,INTRO,live
2026-07-20T06:00:28.123353+00:00,ที่ดูดฝุ่นไร้สาย,0.0,0.0,0.0,0.0,STABLE,live
2026-07-20T06:00:28.123353+00:00,ไฟ LED ติดผนัง,0.0,0.0,0.0,0.0,STABLE,live
2026-07-20T06:00:28.123353+00:00,เครื่องชงกาแฟ,71.0,-2.222,-6.111,-3.389,DECLINE,live
2026-07-20T06:00:28.123353+00:00,หม้อทอดไร้น้ำมัน,0.0,-5.333,0.0,-3.733,DECLINE,live
2026-07-20T06:00:28.123353+00:00,เสื้อโอเวอร์ไซส์,0.0,0.0,0.0,0.0,STABLE,live
2026-07-20T06:00:28.123353+00:00,กางเกงขายาวทรงสวย,0.0,0.0,0.0,0.0,STABLE,live
2026-07-20T06:00:28.123353+00:00,เดรสออกงาน,0.0,0.0,0.0,0.0,STABLE,live
2026-07-20T06:00:28.123353+00:00,รองเท้าผ้าใบ,30.0,-1.778,-6.222,-3.111,DECLINE,live
2026-07-20T06:00:28.123353+00:00,กระเป๋าสะพาย,44.0,-2.222,-6.444,-3.489,DECLINE,live
2026-07-20T11:36:46.325042+00:00,ลิปเปลี่ยนสี,0.0,0.0,0.0,0.0,STABLE,live
2026-07-20T11:36:46.325042+00:00,ครีมกันแดดโกลว์,0.0,0.0,0.0,0.0,STABLE,live
2026-07-20T11:36:46.325042+00:00,เซรั่มหน้าใส,0.0,0.0,0.0,0.0,STABLE,live
2026-07-20T11:36:46.325042+00:00,น้ำหอมติดทน,0.0,0.0,0.0,0.0,STABLE,live
2026-07-20T11:36:46.325042+00:00,คอนซีลเลอร์,0.0,0.0,0.0,0.0,STABLE,live
2026-07-20T11:36:46.325042+00:00,คอลลาเจน,47.0,2.444,1.778,2.244,GROWTH,live
2026-07-20T11:36:46.325042+00:00,ขนมเกาหลี,0.0,0.0,0.0,0.0,STABLE,live
2026-07-20T11:36:46.325042+00:00,กาแฟลดน้ำหนัก,0.0,0.0,0.0,0.0,STABLE,live
2026-07-20T11:36:46.325042+00:00,โพรไบโอติก,0.0,-2.111,0.0,-1.478,DECLINE,live
2026-07-20T11:36:46.325042+00:00,วิตามินผิว,0.0,-2.333,-2.333,-2.333,DECLINE,live
2026-07-20T11:36:46.325042+00:00,ที่ดูดฝุ่นไร้สาย,0.0,0.0,0.0,0.0,STABLE,live
2026-07-20T11:36:46.325042+00:00,ไฟ LED ติดผนัง,0.0,0.0,0.0,0.0,STABLE,live
2026-07-20T11:36:46.325042+00:00,หม้อทอดไร้น้ำมัน,0.0,1.889,-6.889,-0.744,INTRO,live
2026-07-20T11:36:46.325042+00:00,เครื่องชงกาแฟ,0.0,-2.778,-6.778,-3.978,DECLINE,live
2026-07-20T11:36:46.325042+00:00,เครื่องฟอกอากาศ,0.0,-2.778,-6.889,-4.011,DECLINE,live
2026-07-20T11:36:46.325042+00:00,เสื้อโอเวอร์ไซส์,0.0,0.0,0.0,0.0,STABLE,live
2026-07-20T11:36:46.325042+00:00,กางเกงขายาวทรงสวย,0.0,0.0,0.0,0.0,STABLE,live
2026-07-20T11:36:46.325042+00:00,เดรสออกงาน,0.0,0.0,0.0,0.0,STABLE,live
2026-07-20T11:36:46.325042+00:00,รองเท้าผ้าใบ,0.0,-3.0,-4.444,-3.433,DECLINE,live
2026-07-20T11:36:46.325042+00:00,กระเป๋าสะพาย,0.0,-7.333,-2.889,-6.0,DECLINE,live
2026-07-20T13:49:10.799044+00:00,คอนซีลเลอร์,30.39,0.108,0.305,0.167,STABLE,simulate_fallback
2026-07-20T13:49:10.799044+00:00,น้ำหอมติดทน,29.98,0.214,-0.127,0.111,STABLE,simulate_fallback
2026-07-20T13:49:10.799044+00:00,เซรั่มหน้าใส,29.46,-0.348,0.409,-0.121,DECLINE,simulate_fallback
2026-07-20T13:49:10.799044+00:00,ลิปเปลี่ยนสี,29.92,-0.357,0.331,-0.151,DECLINE,simulate_fallback
2026-07-20T13:49:10.799044+00:00,ครีมกันแดดโกลว์,28.56,-0.05,-0.612,-0.218,STABLE,simulate_fallback
2026-07-20T13:49:10.799044+00:00,กาแฟลดน้ำหนัก,29.63,0.962,1.091,1.001,INTRO,simulate_fallback
2026-07-20T13:49:10.799044+00:00,วิตามินผิว,29.62,-0.236,-0.033,-0.175,STABLE,simulate_fallback
2026-07-20T13:49:10.799044+00:00,โพรไบโอติก,27.52,-0.355,-0.116,-0.283,DECLINE,simulate_fallback
2026-07-20T13:49:10.799044+00:00,คอลลาเจน,28.54,-0.271,-0.692,-0.397,STABLE,simulate_fallback
2026-07-20T13:49:10.799044+00:00,ขนมเกาหลี,31.01,-0.757,0.124,-0.492,DECLINE,simulate_fallback
2026-07-20T13:49:10.799044+00:00,หม้อทอดไร้น้ำมัน,25.0,7.778,6.0,7.244,INTRO,live
2026-07-20T13:49:10.799044+00:00,เครื่องฟอกอากาศ,56.0,3.778,-0.222,2.578,PEAK,live
2026-07-20T13:49:10.799044+00:00,ที่ดูดฝุ่นไร้สาย,0.0,0.0,0.0,0.0,STABLE,live
2026-07-20T13:49:10.799044+00:00,ไฟ LED ติดผนัง,0.0,0.0,0.0,0.0,STABLE,live
2026-07-20T13:49:10.799044+00:00,เครื่องชงกาแฟ,32.0,-13.667,-5.778,-11.3,DECLINE,live
2026-07-20T13:49:10.799044+00:00,เสื้อโอเวอร์ไซส์,0.0,0.0,0.0,0.0,STABLE,live
2026-07-20T13:49:10.799044+00:00,กางเกงขายาวทรงสวย,0.0,0.0,0.0,0.0,STABLE,live
2026-07-20T13:49:10.799044+00:00,เดรสออกงาน,0.0,0.0,0.0,0.0,STABLE,live
2026-07-20T13:49:10.799044+00:00,กระเป๋าสะพาย,39.0,-2.444,-1.889,-2.278,DECLINE,live
2026-07-20T13:49:10.799044+00:00,รองเท้าผ้าใบ,38.0,-5.222,-4.333,-4.956,DECLINE,live
2026-07-20T16:19:48.692257+00:00,คอนซีลเลอร์,31.42,0.96,0.556,0.839,INTRO,simulate_fallback
2026-07-20T16:19:48.692257+00:00,น้ำหอมติดทน,31.73,0.58,0.146,0.449,INTRO,simulate_fallback
2026-07-20T16:19:48.692257+00:00,ลิปเปลี่ยนสี,30.37,0.449,-0.164,0.265,INTRO,simulate_fallback
2026-07-20T16:19:48.692257+00:00,เซรั่มหน้าใส,29.51,0.394,-0.226,0.208,INTRO,simulate_fallback
2026-07-20T16:19:48.692257+00:00,ครีมกันแดดโกลว์,30.04,0.119,0.128,0.122,STABLE,simulate_fallback
2026-07-20T16:19:48.692257+00:00,วิตามินผิว,0.0,1.778,0.0,1.244,INTRO,live
2026-07-20T16:19:48.692257+00:00,โพรไบโอติก,0.0,3.333,-4.0,1.133,INTRO,live
2026-07-20T16:19:48.692257+00:00,ขนมเกาหลี,0.0,0.0,0.0,0.0,STABLE,live
2026-07-20T16:19:48.692257+00:00,กาแฟลดน้ำหนัก,0.0,0.0,0.0,0.0,STABLE,live
2026-07-20T16:19:48.692257+00:00,คอลลาเจน,0.0,-10.111,-8.778,-9.711,DECLINE,live
2026-07-20T16:19:48.692257+00:00,ที่ดูดฝุ่นไร้สาย,0.0,0.0,0.0,0.0,STABLE,live
2026-07-20T16:19:48.692257+00:00,ไฟ LED ติดผนัง,0.0,0.0,0.0,0.0,STABLE,live
2026-07-20T16:19:48.692257+00:00,เครื่องชงกาแฟ,0.0,0.444,-1.778,-0.222,INTRO,live
2026-07-20T16:19:48.692257+00:00,เครื่องฟอกอากาศ,0.0,0.111,-4.778,-1.356,STABLE,live
2026-07-20T16:19:48.692257+00:00,หม้อทอดไร้น้ำมัน,0.0,-2.889,-4.444,-3.356,DECLINE,live
2026-07-20T16:19:48.692257+00:00,กระเป๋าสะพาย,76.0,5.111,5.333,5.178,GROWTH,live
2026-07-20T16:19:48.692257+00:00,เสื้อโอเวอร์ไซส์,0.0,0.0,0.0,0.0,STABLE,live
2026-07-20T16:19:48.692257+00:00,กางเกงขายาวทรงสวย,0.0,0.0,0.0,0.0,STABLE,live
2026-07-20T16:19:48.692257+00:00,เดรสออกงาน,0.0,0.0,0.0,0.0,STABLE,live
2026-07-20T16:19:48.692257+00:00,รองเท้าผ้าใบ,0.0,-8.444,-4.0,-7.111,DECLINE,live
2026-07-20T19:26:00.580154+00:00,ลิปเปลี่ยนสี,0.0,0.0,0.0,0.0,STABLE,live
2026-07-20T19:26:00.580154+00:00,ครีมกันแดดโกลว์,0.0,0.0,0.0,0.0,STABLE,live
2026-07-20T19:26:00.580154+00:00,เซรั่มหน้าใส,0.0,0.0,0.0,0.0,STABLE,live
2026-07-20T19:26:00.580154+00:00,น้ำหอมติดทน,0.0,0.0,0.0,0.0,STABLE,live
2026-07-20T19:26:00.580154+00:00,คอนซีลเลอร์,0.0,0.0,0.0,0.0,STABLE,live
2026-07-20T19:26:00.580154+00:00,วิตามินผิว,0.0,0.0,1.333,0.4,STABLE,live
2026-07-20T19:26:00.580154+00:00,ขนมเกาหลี,0.0,0.0,0.0,0.0,STABLE,live
2026-07-20T19:26:00.580154+00:00,กาแฟลดน้ำหนัก,0.0,0.0,0.0,0.0,STABLE,live
2026-07-20T19:26:00.580154+00:00,โพรไบโอติก,0.0,-4.556,2.333,-2.489,DECLINE,live
2026-07-20T19:26:00.580154+00:00,คอลลาเจน,0.0,-10.778,-2.222,-8.211,DECLINE,live
2026-07-20T19:26:00.580154+00:00,ที่ดูดฝุ่นไร้สาย,0.0,0.0,0.0,0.0,STABLE,live
2026-07-20T19:26:00.580154+00:00,ไฟ LED ติดผนัง,0.0,0.0,0.0,0.0,STABLE,live
2026-07-20T19:26:00.580154+00:00,หม้อทอดไร้น้ำมัน,0.0,-2.889,2.556,-1.256,DECLINE,live
2026-07-20T19:26:00.580154+00:00,เครื่องชงกาแฟ,0.0,-4.778,-2.889,-4.211,DECLINE,live
2026-07-20T19:26:00.580154+00:00,เครื่องฟอกอากาศ,0.0,-13.889,-4.333,-11.022,DECLINE,live
2026-07-20T19:26:00.580154+00:00,เสื้อโอเวอร์ไซส์,0.0,0.0,0.0,0.0,STABLE,live
2026-07-20T19:26:00.580154+00:00,กางเกงขายาวทรงสวย,0.0,0.0,0.0,0.0,STABLE,live
2026-07-20T19:26:00.580154+00:00,เดรสออกงาน,0.0,0.0,0.0,0.0,STABLE,live
2026-07-20T19:26:00.580154+00:00,กระเป๋าสะพาย,0.0,-13.667,-7.0,-11.667,DECLINE,live
2026-07-20T19:26:00.580154+00:00,รองเท้าผ้าใบ,0.0,-17.0,-9.556,-14.767,DECLINE,live
2026-07-20T21:55:49.416340+00:00,เซรั่มหน้าใส,0.0,11.111,0.0,7.778,INTRO,live
2026-07-20T21:55:49.416340+00:00,คอนซีลเลอร์,0.0,5.889,0.0,4.122,INTRO,live
2026-07-20T21:55:49.416340+00:00,ลิปเปลี่ยนสี,0.0,0.0,0.0,0.0,STABLE,live
2026-07-20T21:55:49.416340+00:00,ครีมกันแดดโกลว์,0.0,0.0,0.0,0.0,STABLE,live
2026-07-20T21:55:49.416340+00:00,น้ำหอมติดทน,0.0,0.0,0.0,0.0,STABLE,live
2026-07-20T21:55:49.416340+00:00,วิตามินผิว,0.0,0.0,1.556,0.467,STABLE,live
2026-07-20T21:55:49.416340+00:00,ขนมเกาหลี,0.0,0.0,1.444,0.433,STABLE,live
2026-07-20T21:55:49.416340+00:00,กาแฟลดน้ำหนัก,0.0,0.0,0.0,0.0,STABLE,live
2026-07-20T21:55:49.416340+00:00,โพรไบโอติก,0.0,-2.333,2.222,-0.967,DECLINE,live
2026-07-20T21:55:49.416340+00:00,คอลลาเจน,0.0,-8.556,5.889,-4.222,DECLINE,live
2026-07-20T21:55:49.416340+00:00,หม้อทอดไร้น้ำมัน,0.0,0.0,2.0,0.6,STABLE,live
2026-07-20T21:55:49.416340+00:00,ที่ดูดฝุ่นไร้สาย,0.0,0.0,0.0,0.0,STABLE,live
2026-07-20T21:55:49.416340+00:00,ไฟ LED ติดผนัง,0.0,0.0,0.0,0.0,STABLE,live
2026-07-20T21:55:49.416340+00:00,เครื่องชงกาแฟ,0.0,-2.667,2.889,-1.0,DECLINE,live
2026-07-20T21:55:49.416340+00:00,เครื่องฟอกอากาศ,0.0,-2.667,2.333,-1.167,DECLINE,live
2026-07-20T21:55:49.416340+00:00,เสื้อโอเวอร์ไซส์,0.0,0.0,0.0,0.0,STABLE,live
2026-07-20T21:55:49.416340+00:00,กางเกงขายาวทรงสวย,0.0,0.0,0.0,0.0,STABLE,live
2026-07-20T21:55:49.416340+00:00,เดรสออกงาน,0.0,0.0,0.0,0.0,STABLE,live
2026-07-20T21:55:49.416340+00:00,รองเท้าผ้าใบ,0.0,-6.222,2.333,-3.656,DECLINE,live
2026-07-20T21:55:49.416340+00:00,กระเป๋าสะพาย,0.0,-9.889,-6.0,-8.722,DECLINE,live
2026-07-21T01:48:42.944030+00:00,ลิปเปลี่ยนสี,0.0,0.0,0.0,0.0,STABLE,live
2026-07-21T01:48:42.944030+00:00,ครีมกันแดดโกลว์,0.0,0.0,0.0,0.0,STABLE,live
2026-07-21T01:48:42.944030+00:00,เซรั่มหน้าใส,0.0,0.0,0.0,0.0,STABLE,live
2026-07-21T01:48:42.944030+00:00,น้ำหอมติดทน,0.0,0.0,0.0,0.0,STABLE,live
2026-07-21T01:48:42.944030+00:00,คอนซีลเลอร์,0.0,0.0,0.0,0.0,STABLE,live
2026-07-21T01:48:42.944030+00:00,คอลลาเจน,70.0,12.0,-10.667,5.2,PEAK,live
2026-07-21T01:48:42.944030+00:00,โพรไบโอติก,19.0,2.111,2.111,2.111,INTRO,live
2026-07-21T01:48:42.944030+00:00,วิตามินผิว,0.0,0.0,0.0,0.0,STABLE,live
2026-07-21T01:48:42.944030+00:00,ขนมเกาหลี,0.0,0.0,0.0,0.0,STABLE,live
2026-07-21T01:48:42.944030+00:00,กาแฟลดน้ำหนัก,0.0,0.0,0.0,0.0,STABLE,live
2026-07-21T01:48:42.944030+00:00,เครื่องชงกาแฟ,48.0,12.667,5.333,10.467,GROWTH,live
2026-07-21T01:48:42.944030+00:00,เครื่องฟอกอากาศ,40.0,4.444,4.444,4.444,GROWTH,live
2026-07-21T01:48:42.944030+00:00,หม้อทอดไร้น้ำมัน,0.0,3.667,0.0,2.567,INTRO,live
2026-07-21T01:48:42.944030+00:00,ที่ดูดฝุ่นไร้สาย,0.0,0.0,0.0,0.0,STABLE,live
2026-07-21T01:48:42.944030+00:00,ไฟ LED ติดผนัง,0.0,0.0,0.0,0.0,STABLE,live
2026-07-21T01:48:42.944030+00:00,รองเท้าผ้าใบ,31.0,13.556,3.444,10.522,INTRO,live
2026-07-21T01:48:42.944030+00:00,กระเป๋าสะพาย,40.0,4.444,4.444,4.444,GROWTH,live
2026-07-21T01:48:42.944030+00:00,เสื้อโอเวอร์ไซส์,0.0,0.0,0.0,0.0,STABLE,live
2026-07-21T01:48:42.944030+00:00,กางเกงขายาวทรงสวย,0.0,0.0,0.0,0.0,STABLE,live
2026-07-21T01:48:42.944030+00:00,เดรสออกงาน,0.0,0.0,0.0,0.0,STABLE,live
2026-07-21T05:41:23.652474+00:00,ลิปเปลี่ยนสี,0.0,0.0,0.0,0.0,STABLE,live
2026-07-21T05:41:23.652474+00:00,ครีมกันแดดโกลว์,0.0,0.0,0.0,0.0,STABLE,live
2026-07-21T05:41:23.652474+00:00,เซรั่มหน้าใส,0.0,0.0,0.0,0.0,STABLE,live
2026-07-21T05:41:23.652474+00:00,น้ำหอมติดทน,0.0,0.0,0.0,0.0,STABLE,live
2026-07-21T05:41:23.652474+00:00,คอนซีลเลอร์,0.0,-11.111,0.0,-7.778,DECLINE,live
2026-07-21T05:41:23.652474+00:00,วิตามินผิว,20.0,2.222,2.222,2.222,INTRO,live
2026-07-21T05:41:23.652474+00:00,ขนมเกาหลี,0.0,0.0,0.0,0.0,STABLE,live
2026-07-21T05:41:23.652474+00:00,กาแฟลดน้ำหนัก,0.0,0.0,0.0,0.0,STABLE,live
2026-07-21T05:41:23.652474+00:00,โพรไบโอติก,0.0,-0.667,-3.778,-1.6,DECLINE,live
2026-07-21T05:41:23.652474+00:00,คอลลาเจน,63.0,-4.111,1.333,-2.478,DECLINE,live
2026-07-21T05:41:23.652474+00:00,เครื่องฟอกอากาศ,19.0,4.111,-4.556,1.511,INTRO,live
2026-07-21T05:41:23.652474+00:00,เครื่องชงกาแฟ,25.0,3.444,-5.222,0.844,INTRO,live
2026-07-21T05:41:23.652474+00:00,ที่ดูดฝุ่นไร้สาย,0.0,0.0,0.0,0.0,STABLE,live
2026-07-21T05:41:23.652474+00:00,ไฟ LED ติดผนัง,0.0,0.0,0.0,0.0,STABLE,live
2026-07-21T05:41:23.652474+00:00,หม้อทอดไร้น้ำมัน,0.0,-1.0,0.0,-0.7,DECLINE,live
2026-07-21T05:41:23.652474+00:00,เสื้อโอเวอร์ไซส์,0.0,0.0,0.0,0.0,STABLE,live
2026-07-21T05:41:23.652474+00:00,กางเกงขายาวทรงสวย,0.0,0.0,0.0,0.0,STABLE,live
2026-07-21T05:41:23.652474+00:00,เดรสออกงาน,0.0,0.0,0.0,0.0,STABLE,live
2026-07-21T05:41:23.652474+00:00,กระเป๋าสะพาย,35.0,-1.667,-3.222,-2.133,DECLINE,live
2026-07-21T05:41:23.652474+00:00,รองเท้าผ้าใบ,53.0,-2.667,-6.333,-3.767,DECLINE,live
2026-07-21T08:08:58.979330+00:00,คอนซีลเลอร์,0.0,4.111,0.0,2.878,INTRO,live
2026-07-21T08:08:58.979330+00:00,ลิปเปลี่ยนสี,0.0,0.0,0.0,0.0,STABLE,live
2026-07-21T08:08:58.979330+00:00,ครีมกันแดดโกลว์,0.0,0.0,0.0,0.0,STABLE,live
2026-07-21T08:08:58.979330+00:00,เซรั่มหน้าใส,0.0,0.0,0.0,0.0,STABLE,live
2026-07-21T08:08:58.979330+00:00,น้ำหอมติดทน,0.0,0.0,0.0,0.0,STABLE,live
2026-07-21T08:08:58.979330+00:00,กาแฟลดน้ำหนัก,33.31,0.543,0.352,0.485,INTRO,simulate_fallback
2026-07-21T08:08:58.979330+00:00,ขนมเกาหลี,29.88,0.326,0.205,0.29,INTRO,simulate_fallback
2026-07-21T08:08:58.979330+00:00,โพรไบโอติก,30.65,0.177,0.388,0.24,STABLE,simulate_fallback
2026-07-21T08:08:58.979330+00:00,คอลลาเจน,29.92,-0.003,-0.134,-0.043,STABLE,simulate_fallback
2026-07-21T08:08:58.979330+00:00,วิตามินผิว,28.92,-0.58,-0.31,-0.499,DECLINE,simulate_fallback
2026-07-21T08:08:58.979330+00:00,ที่ดูดฝุ่นไร้สาย,0.0,0.0,0.0,0.0,STABLE,live
2026-07-21T08:08:58.979330+00:00,ไฟ LED ติดผนัง,0.0,0.0,0.0,0.0,STABLE,live
2026-07-21T08:08:58.979330+00:00,เครื่องฟอกอากาศ,0.0,-1.444,0.667,-0.811,DECLINE,live
2026-07-21T08:08:58.979330+00:00,เครื่องชงกาแฟ,0.0,-2.0,0.667,-1.2,DECLINE,live
2026-07-21T08:08:58.979330+00:00,หม้อทอดไร้น้ำมัน,0.0,-0.667,-4.889,-1.933,DECLINE,live
2026-07-21T08:08:58.979330+00:00,เสื้อโอเวอร์ไซส์,0.0,0.0,0.0,0.0,STABLE,live
2026-07-21T08:08:58.979330+00:00,กางเกงขายาวทรงสวย,0.0,0.0,0.0,0.0,STABLE,live
2026-07-21T08:08:58.979330+00:00,เดรสออกงาน,0.0,0.0,0.0,0.0,STABLE,live
2026-07-21T08:08:58.979330+00:00,กระเป๋าสะพาย,0.0,-4.222,-4.444,-4.289,DECLINE,live
2026-07-21T08:08:58.979330+00:00,รองเท้าผ้าใบ,0.0,-5.778,-6.333,-5.944,DECLINE,live
2026-07-21T10:57:01.790140+00:00,ลิปเปลี่ยนสี,0.0,0.0,0.0,0.0,STABLE,live
2026-07-21T10:57:01.790140+00:00,ครีมกันแดดโกลว์,0.0,0.0,0.0,0.0,STABLE,live
2026-07-21T10:57:01.790140+00:00,เซรั่มหน้าใส,0.0,0.0,0.0,0.0,STABLE,live
2026-07-21T10:57:01.790140+00:00,น้ำหอมติดทน,0.0,0.0,0.0,0.0,STABLE,live
2026-07-21T10:57:01.790140+00:00,คอนซีลเลอร์,0.0,-7.667,-7.556,-7.633,DECLINE,live
2026-07-21T10:57:01.790140+00:00,วิตามินผิว,23.0,1.111,-1.0,0.478,INTRO,live
2026-07-21T10:57:01.790140+00:00,ขนมเกาหลี,0.0,0.0,0.0,0.0,STABLE,live
2026-07-21T10:57:01.790140+00:00,กาแฟลดน้ำหนัก,0.0,0.0,0.0,0.0,STABLE,live
2026-07-21T10:57:01.790140+00:00,โพรไบโอติก,25.0,-0.333,0.333,-0.133,DECLINE,live
2026-07-21T10:57:01.790140+00:00,คอลลาเจน,56.0,-0.111,-2.111,-0.711,STABLE,live
2026-07-21T10:57:01.790140+00:00,หม้อทอดไร้น้ำมัน,54.0,6.444,5.667,6.211,GROWTH,live
2026-07-21T10:57:01.790140+00:00,เครื่องชงกาแฟ,47.0,0.333,0.556,0.4,GROWTH,live
2026-07-21T10:57:01.790140+00:00,ที่ดูดฝุ่นไร้สาย,0.0,0.0,0.0,0.0,STABLE,live
2026-07-21T10:57:01.790140+00:00,ไฟ LED ติดผนัง,0.0,0.0,0.0,0.0,STABLE,live
2026-07-21T10:57:01.790140+00:00,เครื่องฟอกอากาศ,38.0,-2.0,-2.667,-2.2,DECLINE,live
2026-07-21T10:57:01.790140+00:00,รองเท้าผ้าใบ,82.0,1.778,3.889,2.411,GROWTH,live
2026-07-21T10:57:01.790140+00:00,เสื้อโอเวอร์ไซส์,0.0,0.0,0.0,0.0,STABLE,live
2026-07-21T10:57:01.790140+00:00,กางเกงขายาวทรงสวย,0.0,0.0,0.0,0.0,STABLE,live
2026-07-21T10:57:01.790140+00:00,เดรสออกงาน,0.0,0.0,0.0,0.0,STABLE,live
2026-07-21T10:57:01.790140+00:00,กระเป๋าสะพาย,39.0,-3.444,-2.333,-3.111,DECLINE,live
2026-07-21T13:18:22.188464+00:00,ลิปเปลี่ยนสี,0.0,0.0,0.0,0.0,STABLE,live
2026-07-21T13:18:22.188464+00:00,ครีมกันแดดโกลว์,0.0,0.0,0.0,0.0,STABLE,live
2026-07-21T13:18:22.188464+00:00,เซรั่มหน้าใส,0.0,0.0,0.0,0.0,STABLE,live
2026-07-21T13:18:22.188464+00:00,น้ำหอมติดทน,0.0,0.0,0.0,0.0,STABLE,live
2026-07-21T13:18:22.188464+00:00,คอนซีลเลอร์,0.0,-3.556,0.0,-2.489,DECLINE,live
2026-07-21T13:18:22.188464+00:00,คอลลาเจน,80.0,1.778,1.889,1.811,GROWTH,live
2026-07-21T13:18:22.188464+00:00,ขนมเกาหลี,0.0,0.0,1.222,0.367,STABLE,live
2026-07-21T13:18:22.188464+00:00,กาแฟลดน้ำหนัก,0.0,0.0,0.0,0.0,STABLE,live
2026-07-21T13:18:22.188464+00:00,โพรไบโอติก,0.0,-3.333,-2.667,-3.133,DECLINE,live
2026-07-21T13:18:22.188464+00:00,วิตามินผิว,0.0,-4.333,-2.889,-3.9,DECLINE,live
2026-07-21T13:18:22.188464+00:00,ที่ดูดฝุ่นไร้สาย,0.0,0.0,0.0,0.0,STABLE,live
2026-07-21T13:18:22.188464+00:00,ไฟ LED ติดผนัง,0.0,-2.667,0.0,-1.867,DECLINE,live
2026-07-21T13:18:22.188464+00:00,เครื่องฟอกอากาศ,0.0,-6.333,-4.444,-5.767,DECLINE,live
2026-07-21T13:18:22.188464+00:00,หม้อทอดไร้น้ำมัน,0.0,-6.111,-11.222,-7.644,DECLINE,live
2026-07-21T13:18:22.188464+00:00,เครื่องชงกาแฟ,0.0,-10.444,-4.0,-8.511,DECLINE,live
2026-07-21T13:18:22.188464+00:00,กระเป๋าสะพาย,71.0,3.889,5.333,4.322,GROWTH,live
2026-07-21T13:18:22.188464+00:00,รองเท้าผ้าใบ,96.0,4.778,-1.0,3.044,PEAK,live
2026-07-21T13:18:22.188464+00:00,เสื้อโอเวอร์ไซส์,0.0,0.0,0.0,0.0,STABLE,live
2026-07-21T13:18:22.188464+00:00,กางเกงขายาวทรงสวย,0.0,0.0,0.0,0.0,STABLE,live
2026-07-21T13:18:22.188464+00:00,เดรสออกงาน,0.0,0.0,0.0,0.0,STABLE,live
2026-07-21T16:16:44.946550+00:00,ลิปเปลี่ยนสี,29.79,0.552,0.321,0.483,INTRO,simulate_fallback
2026-07-21T16:16:44.946550+00:00,เซรั่มหน้าใส,30.39,0.129,0.078,0.114,STABLE,simulate_fallback
2026-07-21T16:16:44.946550+00:00,น้ำหอมติดทน,30.46,0.025,0.223,0.085,STABLE,simulate_fallback
2026-07-21T16:16:44.946550+00:00,ครีมกันแดดโกลว์,29.96,-0.179,-0.135,-0.166,STABLE,simulate_fallback
2026-07-21T16:16:44.946550+00:00,คอนซีลเลอร์,29.04,-0.17,-0.663,-0.318,STABLE,simulate_fallback
2026-07-21T16:16:44.946550+00:00,วิตามินผิว,31.72,0.086,0.338,0.161,STABLE,simulate_fallback
2026-07-21T16:16:44.946550+00:00,ขนมเกาหลี,29.26,0.157,-0.008,0.107,STABLE,simulate_fallback
2026-07-21T16:16:44.946550+00:00,คอลลาเจน,28.34,0.011,-0.256,-0.069,STABLE,simulate_fallback
2026-07-21T16:16:44.946550+00:00,กาแฟลดน้ำหนัก,29.89,-0.131,-0.623,-0.278,STABLE,simulate_fallback
2026-07-21T16:16:44.946550+00:00,โพรไบโอติก,25.36,-0.73,-0.717,-0.726,DECLINE,simulate_fallback
2026-07-21T16:16:44.946550+00:00,ไฟ LED ติดผนัง,32.47,0.448,0.76,0.541,INTRO,simulate_fallback
2026-07-21T16:16:44.946550+00:00,ที่ดูดฝุ่นไร้สาย,32.08,0.528,0.369,0.481,INTRO,simulate_fallback
2026-07-21T16:16:44.946550+00:00,หม้อทอดไร้น้ำมัน,30.66,-0.296,0.324,-0.11,STABLE,simulate_fallback
2026-07-21T16:16:44.946550+00:00,เครื่องฟอกอากาศ,31.03,-0.364,-0.175,-0.307,DECLINE,simulate_fallback
2026-07-21T16:16:44.946550+00:00,เครื่องชงกาแฟ,27.76,-0.513,-0.849,-0.614,DECLINE,simulate_fallback
2026-07-21T16:16:44.946550+00:00,กระเป๋าสะพาย,30.18,0.544,0.537,0.542,INTRO,simulate_fallback
2026-07-21T16:16:44.946550+00:00,เดรสออกงาน,32.56,-0.019,0.135,0.027,STABLE,simulate_fallback
2026-07-21T16:16:44.946550+00:00,รองเท้าผ้าใบ,28.52,-0.089,0.144,-0.019,STABLE,simulate_fallback
2026-07-21T16:16:44.946550+00:00,เสื้อโอเวอร์ไซส์,29.85,-0.501,0.23,-0.282,DECLINE,simulate_fallback
2026-07-21T16:16:44.946550+00:00,กางเกงขายาวทรงสวย,30.63,-0.396,-0.314,-0.371,DECLINE,simulate_fallback
2026-07-21T19:04:45.633677+00:00,น้ำหอมติดทน,31.92,0.911,0.285,0.724,INTRO,simulate_fallback
2026-07-21T19:04:45.633677+00:00,เซรั่มหน้าใส,30.85,0.689,0.427,0.611,INTRO,simulate_fallback
2026-07-21T19:04:45.633677+00:00,คอนซีลเลอร์,29.84,0.236,-0.038,0.154,STABLE,simulate_fallback
2026-07-21T19:04:45.633677+00:00,ลิปเปลี่ยนสี,29.15,0.109,-0.094,0.048,STABLE,simulate_fallback
2026-07-21T19:04:45.633677+00:00,ครีมกันแดดโกลว์,28.71,-0.307,-0.46,-0.353,DECLINE,simulate_fallback
2026-07-21T19:04:45.633677+00:00,กาแฟลดน้ำหนัก,31.59,0.796,0.758,0.785,INTRO,simulate_fallback
2026-07-21T19:04:45.633677+00:00,วิตามินผิว,30.79,0.775,-0.023,0.536,INTRO,simulate_fallback
2026-07-21T19:04:45.633677+00:00,คอลลาเจน,29.72,-0.311,0.127,-0.18,DECLINE,simulate_fallback
2026-07-21T19:04:45.633677+00:00,โพรไบโอติก,29.97,-0.233,-0.146,-0.207,STABLE,simulate_fallback
2026-07-21T19:04:45.633677+00:00,ขนมเกาหลี,27.8,-0.4,-0.339,-0.381,DECLINE,simulate_fallback
2026-07-21T19:04:45.633677+00:00,เครื่องฟอกอากาศ,30.78,0.324,0.338,0.328,INTRO,simulate_fallback
2026-07-21T19:04:45.633677+00:00,ที่ดูดฝุ่นไร้สาย,32.92,0.508,-0.134,0.315,INTRO,simulate_fallback
2026-07-21T19:04:45.633677+00:00,เครื่องชงกาแฟ,33.06,0.227,0.177,0.212,STABLE,simulate_fallback
2026-07-21T19:04:45.633677+00:00,ไฟ LED ติดผนัง,28.06,0.03,0.054,0.037,STABLE,simulate_fallback
2026-07-21T19:04:45.633677+00:00,หม้อทอดไร้น้ำมัน,29.97,-0.419,-0.106,-0.325,DECLINE,simulate_fallback
2026-07-21T19:04:45.633677+00:00,เสื้อโอเวอร์ไซส์,29.04,-0.012,-0.132,-0.048,STABLE,simulate_fallback
2026-07-21T19:04:45.633677+00:00,เดรสออกงาน,29.74,-0.131,0.094,-0.063,STABLE,simulate_fallback
2026-07-21T19:04:45.633677+00:00,กระเป๋าสะพาย,29.53,0.084,-0.521,-0.098,STABLE,simulate_fallback
2026-07-21T19:04:45.633677+00:00,รองเท้าผ้าใบ,27.65,-0.126,-0.45,-0.223,STABLE,simulate_fallback
2026-07-21T19:04:45.633677+00:00,กางเกงขายาวทรงสวย,29.75,-0.313,-0.147,-0.263,DECLINE,simulate_fallback
2026-07-21T21:55:56.040685+00:00,คอนซีลเลอร์,0.0,0.0,2.556,0.767,STABLE,live
2026-07-21T21:55:56.040685+00:00,ลิปเปลี่ยนสี,0.0,0.0,0.0,0.0,STABLE,live
2026-07-21T21:55:56.040685+00:00,ครีมกันแดดโกลว์,0.0,0.0,0.0,0.0,STABLE,live
2026-07-21T21:55:56.040685+00:00,เซรั่มหน้าใส,0.0,0.0,0.0,0.0,STABLE,live
2026-07-21T21:55:56.040685+00:00,น้ำหอมติดทน,0.0,0.0,0.0,0.0,STABLE,live
2026-07-21T21:55:56.040685+00:00,โพรไบโอติก,0.0,0.0,2.889,0.867,STABLE,live
2026-07-21T21:55:56.040685+00:00,วิตามินผิว,0.0,0.0,2.222,0.667,STABLE,live
2026-07-21T21:55:56.040685+00:00,ขนมเกาหลี,0.0,0.0,0.0,0.0,STABLE,live
2026-07-21T21:55:56.040685+00:00,กาแฟลดน้ำหนัก,0.0,0.0,0.0,0.0,STABLE,live
2026-07-21T21:55:56.040685+00:00,คอลลาเจน,0.0,-7.889,6.889,-3.456,DECLINE,live
2026-07-21T21:55:56.040685+00:00,เครื่องชงกาแฟ,0.0,0.0,4.889,1.467,STABLE,live
2026-07-21T21:55:56.040685+00:00,ที่ดูดฝุ่นไร้สาย,0.0,0.0,0.0,0.0,STABLE,live
2026-07-21T21:55:56.040685+00:00,หม้อทอดไร้น้ำมัน,0.0,0.0,0.0,0.0,STABLE,live
2026-07-21T21:55:56.040685+00:00,ไฟ LED ติดผนัง,0.0,0.0,0.0,0.0,STABLE,live
2026-07-21T21:55:56.040685+00:00,เครื่องฟอกอากาศ,0.0,-18.889,-12.667,-17.022,DECLINE,live
2026-07-21T21:55:56.040685+00:00,เสื้อโอเวอร์ไซส์,0.0,0.0,0.0,0.0,STABLE,live
2026-07-21T21:55:56.040685+00:00,กางเกงขายาวทรงสวย,0.0,0.0,0.0,0.0,STABLE,live
2026-07-21T21:55:56.040685+00:00,เดรสออกงาน,0.0,0.0,0.0,0.0,STABLE,live
2026-07-21T21:55:56.040685+00:00,กระเป๋าสะพาย,0.0,-15.333,-4.222,-12.0,DECLINE,live
2026-07-21T21:55:56.040685+00:00,รองเท้าผ้าใบ,0.0,-18.111,-4.333,-13.978,DECLINE,live
2026-07-22T01:47:25.414345+00:00,คอนซีลเลอร์,30.01,0.333,0.427,0.361,INTRO,simulate_fallback
2026-07-22T01:47:25.414345+00:00,น้ำหอมติดทน,31.08,0.166,0.402,0.237,STABLE,simulate_fallback
2026-07-22T01:47:25.414345+00:00,ลิปเปลี่ยนสี,29.73,0.453,-0.448,0.183,INTRO,simulate_fallback
2026-07-22T01:47:25.414345+00:00,เซรั่มหน้าใส,30.94,0.064,-0.271,-0.037,STABLE,simulate_fallback
2026-07-22T01:47:25.414345+00:00,ครีมกันแดดโกลว์,27.9,-0.376,0.563,-0.094,DECLINE,simulate_fallback
2026-07-22T01:47:25.414345+00:00,คอลลาเจน,66.0,14.667,-6.0,8.467,PEAK,live
2026-07-22T01:47:25.414345+00:00,โพรไบโอติก,23.0,4.778,2.556,4.111,INTRO,live
2026-07-22T01:47:25.414345+00:00,วิตามินผิว,0.0,0.0,0.0,0.0,STABLE,live
2026-07-22T01:47:25.414345+00:00,ขนมเกาหลี,0.0,0.0,0.0,0.0,STABLE,live
2026-07-22T01:47:25.414345+00:00,กาแฟลดน้ำหนัก,0.0,0.0,0.0,0.0,STABLE,live
2026-07-22T01:47:25.414345+00:00,เครื่องชงกาแฟ,35.0,9.667,3.889,7.933,GROWTH,live
2026-07-22T01:47:25.414345+00:00,หม้อทอดไร้น้ำมัน,25.0,2.778,2.778,2.778,INTRO,live
2026-07-22T01:47:25.414345+00:00,เครื่องฟอกอากาศ,22.0,2.444,2.444,2.444,INTRO,live
2026-07-22T01:47:25.414345+00:00,ที่ดูดฝุ่นไร้สาย,0.0,0.0,0.0,0.0,STABLE,live
2026-07-22T01:47:25.414345+00:00,ไฟ LED ติดผนัง,0.0,0.0,0.0,0.0,STABLE,live
2026-07-22T01:47:25.414345+00:00,รองเท้าผ้าใบ,53.0,16.111,13.556,15.344,GROWTH,live
2026-07-22T01:47:25.414345+00:00,เสื้อโอเวอร์ไซส์,0.0,0.0,0.0,0.0,STABLE,live
2026-07-22T01:47:25.414345+00:00,กางเกงขายาวทรงสวย,0.0,0.0,0.0,0.0,STABLE,live
2026-07-22T01:47:25.414345+00:00,เดรสออกงาน,0.0,0.0,0.0,0.0,STABLE,live
2026-07-22T01:47:25.414345+00:00,กระเป๋าสะพาย,34.0,1.111,-11.778,-2.756,INTRO,live
2026-07-22T05:40:11.367798+00:00,คอนซีลเลอร์,30.01,0.615,0.171,0.482,INTRO,simulate_fallback
2026-07-22T05:40:11.367798+00:00,เซรั่มหน้าใส,31.14,0.297,0.188,0.264,STABLE,simulate_fallback
2026-07-22T05:40:11.367798+00:00,ลิปเปลี่ยนสี,29.76,0.17,0.154,0.166,STABLE,simulate_fallback
2026-07-22T05:40:11.367798+00:00,ครีมกันแดดโกลว์,29.59,-0.025,0.101,0.013,STABLE,simulate_fallback
2026-07-22T05:40:11.367798+00:00,น้ำหอมติดทน,28.41,-0.226,-0.364,-0.267,STABLE,simulate_fallback
2026-07-22T05:40:11.367798+00:00,คอลลาเจน,67.0,0.111,5.0,1.578,STABLE,live
2026-07-22T05:40:11.367798+00:00,วิตามินผิว,0.0,2.0,0.0,1.4,INTRO,live
2026-07-22T05:40:11.367798+00:00,ขนมเกาหลี,0.0,0.0,0.0,0.0,STABLE,live
2026-07-22T05:40:11.367798+00:00,กาแฟลดน้ำหนัก,0.0,0.0,0.0,0.0,STABLE,live
2026-07-22T05:40:11.367798+00:00,โพรไบโอติก,0.0,-1.667,-4.444,-2.5,DECLINE,live
2026-07-22T05:40:11.367798+00:00,เครื่องฟอกอากาศ,42.0,2.667,-5.333,0.267,PEAK,live
2026-07-22T05:40:11.367798+00:00,เครื่องชงกาแฟ,88.0,2.0,-4.444,0.067,PEAK,live
2026-07-22T05:40:11.367798+00:00,ที่ดูดฝุ่นไร้สาย,0.0,0.0,0.0,0.0,STABLE,live
2026-07-22T05:40:11.367798+00:00,ไฟ LED ติดผนัง,0.0,0.0,0.0,0.0,STABLE,live
2026-07-22T05:40:11.367798+00:00,หม้อทอดไร้น้ำมัน,0.0,-2.0,-4.889,-2.867,DECLINE,live
2026-07-22T05:40:11.367798+00:00,กระเป๋าสะพาย,55.0,3.222,-5.0,0.756,PEAK,live
2026-07-22T05:40:11.367798+00:00,รองเท้าผ้าใบ,55.0,0.333,-0.111,0.2,PEAK,live
2026-07-22T05:40:11.367798+00:00,เสื้อโอเวอร์ไซส์,0.0,0.0,0.0,0.0,STABLE,live
2026-07-22T05:40:11.367798+00:00,กางเกงขายาวทรงสวย,0.0,0.0,0.0,0.0,STABLE,live
2026-07-22T05:40:11.367798+00:00,เดรสออกงาน,0.0,0.0,0.0,0.0,STABLE,live
2026-07-22T08:09:30.207824+00:00,ลิปเปลี่ยนสี,0.0,0.0,0.0,0.0,STABLE,live
2026-07-22T08:09:30.207824+00:00,ครีมกันแดดโกลว์,0.0,0.0,0.0,0.0,STABLE,live
2026-07-22T08:09:30.207824+00:00,เซรั่มหน้าใส,0.0,0.0,0.0,0.0,STABLE,live
2026-07-22T08:09:30.207824+00:00,น้ำหอมติดทน,0.0,0.0,0.0,0.0,STABLE,live
2026-07-22T08:09:30.207824+00:00,คอนซีลเลอร์,0.0,-0.444,0.0,-0.311,DECLINE,live
2026-07-22T08:09:30.207824+00:00,ขนมเกาหลี,31.63,0.562,-0.144,0.35,INTRO,simulate_fallback
2026-07-22T08:09:30.207824+00:00,วิตามินผิว,31.18,0.212,-0.056,0.132,STABLE,simulate_fallback
2026-07-22T08:09:30.207824+00:00,กาแฟลดน้ำหนัก,27.87,0.064,-0.369,-0.066,STABLE,simulate_fallback
2026-07-22T08:09:30.207824+00:00,โพรไบโอติก,28.81,-0.106,-0.747,-0.299,STABLE,simulate_fallback
2026-07-22T08:09:30.207824+00:00,คอลลาเจน,31.55,-0.79,0.038,-0.542,DECLINE,simulate_fallback
2026-07-22T08:09:30.207824+00:00,เครื่องชงกาแฟ,29.68,0.131,0.345,0.195,STABLE,simulate_fallback
2026-07-22T08:09:30.207824+00:00,เครื่องฟอกอากาศ,30.72,0.231,0.101,0.192,STABLE,simulate_fallback
2026-07-22T08:09:30.207824+00:00,หม้อทอดไร้น้ำมัน,28.91,-0.081,-0.016,-0.061,STABLE,simulate_fallback
2026-07-22T08:09:30.207824+00:00,ไฟ LED ติดผนัง,30.33,-0.112,-0.229,-0.147,STABLE,simulate_fallback
2026-07-22T08:09:30.207824+00:00,ที่ดูดฝุ่นไร้สาย,29.29,-0.297,-0.228,-0.276,STABLE,simulate_fallback
2026-07-22T08:09:30.207824+00:00,เสื้อโอเวอร์ไซส์,31.76,0.455,0.267,0.398,INTRO,simulate_fallback
2026-07-22T08:09:30.207824+00:00,รองเท้าผ้าใบ,29.12,0.306,-0.196,0.156,INTRO,simulate_fallback
2026-07-22T08:09:30.207824+00:00,กางเกงขายาวทรงสวย,28.33,0.1,-0.087,0.044,STABLE,simulate_fallback
2026-07-22T08:09:30.207824+00:00,กระเป๋าสะพาย,31.04,0.072,-0.337,-0.051,STABLE,simulate_fallback
2026-07-22T08:09:30.207824+00:00,เดรสออกงาน,26.5,-0.192,-0.045,-0.148,STABLE,simulate_fallback
2026-07-22T10:58:40.481642+00:00,ครีมกันแดดโกลว์,29.2,0.104,-0.404,-0.048,STABLE,simulate_fallback
2026-07-22T10:58:40.481642+00:00,น้ำหอมติดทน,28.89,-0.149,0.139,-0.063,STABLE,simulate_fallback
2026-07-22T10:58:40.481642+00:00,เซรั่มหน้าใส,29.76,-0.151,-0.14,-0.148,STABLE,simulate_fallback
2026-07-22T10:58:40.481642+00:00,ลิปเปลี่ยนสี,29.53,-0.188,-0.508,-0.284,STABLE,simulate_fallback
2026-07-22T10:58:40.481642+00:00,คอนซีลเลอร์,29.05,-0.421,-0.294,-0.383,DECLINE,simulate_fallback
2026-07-22T10:58:40.481642+00:00,โพรไบโอติก,30.14,0.008,0.195,0.064,STABLE,simulate_fallback
2026-07-22T10:58:40.481642+00:00,กาแฟลดน้ำหนัก,29.94,0.177,-0.442,-0.009,STABLE,simulate_fallback
2026-07-22T10:58:40.481642+00:00,ขนมเกาหลี,29.63,-0.167,-0.477,-0.26,STABLE,simulate_fallback
2026-07-22T10:58:40.481642+00:00,คอลลาเจน,29.93,-0.405,0.057,-0.266,DECLINE,simulate_fallback
2026-07-22T10:58:40.481642+00:00,วิตามินผิว,30.58,-0.614,0.048,-0.416,DECLINE,simulate_fallback
2026-07-22T10:58:40.481642+00:00,หม้อทอดไร้น้ำมัน,30.78,0.739,0.321,0.614,INTRO,simulate_fallback
2026-07-22T10:58:40.481642+00:00,เครื่องฟอกอากาศ,32.02,0.179,0.257,0.202,STABLE,simulate_fallback
2026-07-22T10:58:40.481642+00:00,ไฟ LED ติดผนัง,28.53,-0.161,0.351,-0.007,STABLE,simulate_fallback
2026-07-22T10:58:40.481642+00:00,ที่ดูดฝุ่นไร้สาย,28.71,-0.084,-0.053,-0.075,STABLE,simulate_fallback
2026-07-22T10:58:40.481642+00:00,เครื่องชงกาแฟ,28.62,-0.432,0.372,-0.191,DECLINE,simulate_fallback
2026-07-22T10:58:40.481642+00:00,กระเป๋าสะพาย,32.77,0.483,0.968,0.629,INTRO,simulate_fallback
2026-07-22T10:58:40.481642+00:00,เสื้อโอเวอร์ไซส์,29.73,0.266,0.044,0.199,STABLE,simulate_fallback
2026-07-22T10:58:40.481642+00:00,รองเท้าผ้าใบ,28.15,0.028,0.305,0.111,STABLE,simulate_fallback
2026-07-22T10:58:40.481642+00:00,กางเกงขายาวทรงสวย,29.08,0.043,0.095,0.058,STABLE,simulate_fallback
2026-07-22T10:58:40.481642+00:00,เดรสออกงาน,31.01,-0.501,-0.553,-0.516,DECLINE,simulate_fallback
2026-07-22T13:22:53.119188+00:00,ครีมกันแดดโกลว์,32.22,0.403,1.287,0.668,INTRO,simulate_fallback
2026-07-22T13:22:53.119188+00:00,เซรั่มหน้าใส,29.79,0.017,0.395,0.13,STABLE,simulate_fallback
2026-07-22T13:22:53.119188+00:00,ลิปเปลี่ยนสี,30.24,0.056,-0.354,-0.067,STABLE,simulate_fallback
2026-07-22T13:22:53.119188+00:00,คอนซีลเลอร์,28.15,-0.177,0.098,-0.094,STABLE,simulate_fallback
2026-07-22T13:22:53.119188+00:00,น้ำหอมติดทน,30.71,-0.048,-0.741,-0.256,STABLE,simulate_fallback
2026-07-22T13:22:53.119188+00:00,ขนมเกาหลี,28.19,0.126,-0.018,0.083,STABLE,simulate_fallback
2026-07-22T13:22:53.119188+00:00,คอลลาเจน,29.66,0.199,-0.289,0.053,STABLE,simulate_fallback
2026-07-22T13:22:53.119188+00:00,วิตามินผิว,28.94,-0.208,0.02,-0.14,STABLE,simulate_fallback
2026-07-22T13:22:53.119188+00:00,โพรไบโอติก,30.3,-0.504,-0.093,-0.381,DECLINE,simulate_fallback
2026-07-22T13:22:53.119188+00:00,กาแฟลดน้ำหนัก,29.25,-0.466,-0.774,-0.558,DECLINE,simulate_fallback
2026-07-22T13:22:53.119188+00:00,เครื่องชงกาแฟ,28.86,0.025,0.289,0.105,STABLE,simulate_fallback
2026-07-22T13:22:53.119188+00:00,เครื่องฟอกอากาศ,30.77,-0.064,-0.663,-0.243,STABLE,simulate_fallback
2026-07-22T13:22:53.119188+00:00,ที่ดูดฝุ่นไร้สาย,29.93,-0.323,-0.158,-0.274,DECLINE,simulate_fallback
2026-07-22T13:22:53.119188+00:00,หม้อทอดไร้น้ำมัน,28.23,-0.418,-0.731,-0.512,DECLINE,simulate_fallback
2026-07-22T13:22:53.119188+00:00,ไฟ LED ติดผนัง,28.97,-0.914,-0.541,-0.802,DECLINE,simulate_fallback
2026-07-22T13:22:53.119188+00:00,เดรสออกงาน,28.89,0.567,0.777,0.63,INTRO,simulate_fallback
2026-07-22T13:22:53.119188+00:00,กางเกงขายาวทรงสวย,30.2,-0.055,-0.052,-0.054,STABLE,simulate_fallback
2026-07-22T13:22:53.119188+00:00,รองเท้าผ้าใบ,28.41,-0.187,-0.322,-0.227,STABLE,simulate_fallback
2026-07-22T13:22:53.119188+00:00,เสื้อโอเวอร์ไซส์,33.37,-0.339,-0.094,-0.265,DECLINE,simulate_fallback
2026-07-22T13:22:53.119188+00:00,กระเป๋าสะพาย,30.89,-0.196,-0.44,-0.269,STABLE,simulate_fallback
2026-07-22T16:14:50.642561+00:00,ลิปเปลี่ยนสี,0.0,0.0,0.0,0.0,STABLE,live
2026-07-22T16:14:50.642561+00:00,ครีมกันแดดโกลว์,0.0,0.0,0.0,0.0,STABLE,live
2026-07-22T16:14:50.642561+00:00,เซรั่มหน้าใส,0.0,0.0,0.0,0.0,STABLE,live
2026-07-22T16:14:50.642561+00:00,น้ำหอมติดทน,0.0,0.0,0.0,0.0,STABLE,live
2026-07-22T16:14:50.642561+00:00,คอนซีลเลอร์,0.0,0.0,0.0,0.0,STABLE,live
2026-07-22T16:14:50.642561+00:00,โพรไบโอติก,0.0,2.667,0.0,1.867,INTRO,live
2026-07-22T16:14:50.642561+00:00,วิตามินผิว,0.0,0.0,0.0,0.0,STABLE,live
2026-07-22T16:14:50.642561+00:00,ขนมเกาหลี,0.0,0.0,0.0,0.0,STABLE,live
2026-07-22T16:14:50.642561+00:00,กาแฟลดน้ำหนัก,0.0,0.0,0.0,0.0,STABLE,live
2026-07-22T16:14:50.642561+00:00,คอลลาเจน,0.0,-7.111,-10.778,-8.211,DECLINE,live
2026-07-22T16:14:50.642561+00:00,ที่ดูดฝุ่นไร้สาย,0.0,0.0,0.0,0.0,STABLE,live
2026-07-22T16:14:50.642561+00:00,ไฟ LED ติดผนัง,0.0,0.0,0.0,0.0,STABLE,live
2026-07-22T16:14:50.642561+00:00,เครื่องฟอกอากาศ,0.0,-1.222,0.0,-0.856,DECLINE,live
2026-07-22T16:14:50.642561+00:00,เครื่องชงกาแฟ,0.0,-7.0,0.0,-4.9,DECLINE,live
2026-07-22T16:14:50.642561+00:00,หม้อทอดไร้น้ำมัน,0.0,-9.222,0.0,-6.456,DECLINE,live
2026-07-22T16:14:50.642561+00:00,กระเป๋าสะพาย,0.0,6.667,-2.222,4.0,INTRO,live
2026-07-22T16:14:50.642561+00:00,เสื้อโอเวอร์ไซส์,0.0,0.0,0.0,0.0,STABLE,live
2026-07-22T16:14:50.642561+00:00,กางเกงขายาวทรงสวย,0.0,0.0,0.0,0.0,STABLE,live
2026-07-22T16:14:50.642561+00:00,เดรสออกงาน,0.0,0.0,0.0,0.0,STABLE,live
2026-07-22T16:14:50.642561+00:00,รองเท้าผ้าใบ,0.0,-6.444,-2.222,-5.178,DECLINE,live
2026-07-22T18:58:44.416946+00:00,ลิปเปลี่ยนสี,30.63,0.276,0.398,0.313,STABLE,simulate_fallback
2026-07-22T18:58:44.416946+00:00,น้ำหอมติดทน,27.93,0.076,0.111,0.087,STABLE,simulate_fallback
2026-07-22T18:58:44.416946+00:00,คอนซีลเลอร์,31.97,-0.166,0.3,-0.027,STABLE,simulate_fallback
2026-07-22T18:58:44.416946+00:00,ครีมกันแดดโกลว์,28.08,-0.322,0.212,-0.162,DECLINE,simulate_fallback
2026-07-22T18:58:44.416946+00:00,เซรั่มหน้าใส,27.49,-0.426,-0.107,-0.33,DECLINE,simulate_fallback
2026-07-22T18:58:44.416946+00:00,วิตามินผิว,30.49,0.568,0.054,0.414,INTRO,simulate_fallback
2026-07-22T18:58:44.416946+00:00,โพรไบโอติก,28.57,-0.224,-0.065,-0.176,STABLE,simulate_fallback
2026-07-22T18:58:44.416946+00:00,ขนมเกาหลี,28.69,-0.321,-0.783,-0.459,DECLINE,simulate_fallback
2026-07-22T18:58:44.416946+00:00,กาแฟลดน้ำหนัก,29.37,-0.498,-0.455,-0.485,DECLINE,simulate_fallback
2026-07-22T18:58:44.416946+00:00,คอลลาเจน,28.85,-0.564,-0.356,-0.502,DECLINE,simulate_fallback
2026-07-22T18:58:44.416946+00:00,หม้อทอดไร้น้ำมัน,30.89,0.406,0.236,0.355,INTRO,simulate_fallback
2026-07-22T18:58:44.416946+00:00,เครื่องฟอกอากาศ,29.75,-0.023,-0.554,-0.182,STABLE,simulate_fallback
2026-07-22T18:58:44.416946+00:00,ไฟ LED ติดผนัง,28.09,-0.179,-0.477,-0.269,STABLE,simulate_fallback
2026-07-22T18:58:44.416946+00:00,เครื่องชงกาแฟ,29.35,-0.105,-0.798,-0.313,STABLE,simulate_fallback
2026-07-22T18:58:44.416946+00:00,ที่ดูดฝุ่นไร้สาย,29.93,-0.562,-0.48,-0.538,DECLINE,simulate_fallback
2026-07-22T18:58:44.416946+00:00,รองเท้าผ้าใบ,30.48,0.472,0.66,0.529,INTRO,simulate_fallback
2026-07-22T18:58:44.416946+00:00,เดรสออกงาน,30.16,0.404,-0.157,0.236,INTRO,simulate_fallback
2026-07-22T18:58:44.416946+00:00,กางเกงขายาวทรงสวย,29.39,-0.807,0.186,-0.509,DECLINE,simulate_fallback
2026-07-22T18:58:44.416946+00:00,เสื้อโอเวอร์ไซส์,28.3,-0.32,-1.005,-0.526,DECLINE,simulate_fallback
2026-07-22T18:58:44.416946+00:00,กระเป๋าสะพาย,28.44,-0.91,-0.263,-0.716,DECLINE,simulate_fallback
2026-07-22T21:58:17.473069+00:00,ลิปเปลี่ยนสี,0.0,0.0,0.0,0.0,STABLE,live
2026-07-22T21:58:17.473069+00:00,ครีมกันแดดโกลว์,0.0,0.0,0.0,0.0,STABLE,live
2026-07-22T21:58:17.473069+00:00,เซรั่มหน้าใส,0.0,0.0,0.0,0.0,STABLE,live
2026-07-22T21:58:17.473069+00:00,น้ำหอมติดทน,0.0,0.0,0.0,0.0,STABLE,live
2026-07-22T21:58:17.473069+00:00,คอนซีลเลอร์,0.0,-4.111,0.0,-2.878,DECLINE,live
2026-07-22T21:58:17.473069+00:00,วิตามินผิว,0.0,0.0,0.0,0.0,STABLE,live
2026-07-22T21:58:17.473069+00:00,ขนมเกาหลี,0.0,0.0,0.0,0.0,STABLE,live
2026-07-22T21:58:17.473069+00:00,กาแฟลดน้ำหนัก,0.0,0.0,0.0,0.0,STABLE,live
2026-07-22T21:58:17.473069+00:00,โพรไบโอติก,0.0,-3.667,2.111,-1.933,DECLINE,live
2026-07-22T21:58:17.473069+00:00,คอลลาเจน,0.0,-17.333,-3.556,-13.2,DECLINE,live
2026-07-22T21:58:17.473069+00:00,เครื่องชงกาแฟ,0.0,9.556,3.333,7.689,INTRO,live
2026-07-22T21:58:17.473069+00:00,หม้อทอดไร้น้ำมัน,0.0,0.0,2.333,0.7,STABLE,live
2026-07-22T21:58:17.473069+00:00,ที่ดูดฝุ่นไร้สาย,0.0,0.0,0.0,0.0,STABLE,live
2026-07-22T21:58:17.473069+00:00,ไฟ LED ติดผนัง,0.0,0.0,0.0,0.0,STABLE,live
2026-07-22T21:58:17.473069+00:00,เครื่องฟอกอากาศ,0.0,-3.0,3.444,-1.067,DECLINE,live
2026-07-22T21:58:17.473069+00:00,เสื้อโอเวอร์ไซส์,0.0,0.0,0.0,0.0,STABLE,live
2026-07-22T21:58:17.473069+00:00,กางเกงขายาวทรงสวย,0.0,0.0,0.0,0.0,STABLE,live
2026-07-22T21:58:17.473069+00:00,เดรสออกงาน,0.0,0.0,0.0,0.0,STABLE,live
2026-07-22T21:58:17.473069+00:00,รองเท้าผ้าใบ,0.0,-7.667,4.889,-3.9,DECLINE,live
2026-07-22T21:58:17.473069+00:00,กระเป๋าสะพาย,0.0,-13.778,-6.111,-11.478,DECLINE,live
2026-07-23T01:54:57.035913+00:00,ลิปเปลี่ยนสี,0.0,0.0,0.0,0.0,STABLE,live
2026-07-23T01:54:57.035913+00:00,ครีมกันแดดโกลว์,0.0,0.0,0.0,0.0,STABLE,live
2026-07-23T01:54:57.035913+00:00,เซรั่มหน้าใส,0.0,0.0,0.0,0.0,STABLE,live
2026-07-23T01:54:57.035913+00:00,น้ำหอมติดทน,0.0,0.0,0.0,0.0,STABLE,live
2026-07-23T01:54:57.035913+00:00,คอนซีลเลอร์,0.0,0.0,0.0,0.0,STABLE,live
2026-07-23T01:54:57.035913+00:00,คอลลาเจน,80.0,18.111,5.333,14.278,GROWTH,live
2026-07-23T01:54:57.035913+00:00,โพรไบโอติก,26.0,7.0,2.889,5.767,INTRO,live
2026-07-23T01:54:57.035913+00:00,ขนมเกาหลี,0.0,4.0,0.0,2.8,INTRO,live
2026-07-23T01:54:57.035913+00:00,วิตามินผิว,23.0,2.556,2.556,2.556,INTRO,live
2026-07-23T01:54:57.035913+00:00,กาแฟลดน้ำหนัก,0.0,0.0,0.0,0.0,STABLE,live
2026-07-23T01:54:57.035913+00:00,เครื่องฟอกอากาศ,28.0,6.444,3.111,5.444,INTRO,live
2026-07-23T01:54:57.035913+00:00,เครื่องชงกาแฟ,38.0,4.222,4.222,4.222,GROWTH,live
2026-07-23T01:54:57.035913+00:00,หม้อทอดไร้น้ำมัน,0.0,5.889,0.0,4.122,INTRO,live
2026-07-23T01:54:57.035913+00:00,ที่ดูดฝุ่นไร้สาย,0.0,0.0,0.0,0.0,STABLE,live
2026-07-23T01:54:57.035913+00:00,ไฟ LED ติดผนัง,0.0,0.0,0.0,0.0,STABLE,live
2026-07-23T01:54:57.035913+00:00,รองเท้าผ้าใบ,50.0,2.556,-3.444,0.756,PEAK,live
2026-07-23T01:54:57.035913+00:00,กระเป๋าสะพาย,49.0,3.889,-9.0,0.022,PEAK,live
2026-07-23T01:54:57.035913+00:00,เสื้อโอเวอร์ไซส์,0.0,0.0,0.0,0.0,STABLE,live
2026-07-23T01:54:57.035913+00:00,กางเกงขายาวทรงสวย,0.0,0.0,0.0,0.0,STABLE,live
2026-07-23T01:54:57.035913+00:00,เดรสออกงาน,0.0,0.0,0.0,0.0,STABLE,live
2026-07-23T05:45:01.952132+00:00,ครีมกันแดดโกลว์,0.0,0.0,0.0,0.0,STABLE,live
2026-07-23T05:45:01.952132+00:00,เซรั่มหน้าใส,0.0,0.0,0.0,0.0,STABLE,live
2026-07-23T05:45:01.952132+00:00,น้ำหอมติดทน,0.0,0.0,0.0,0.0,STABLE,live
2026-07-23T05:45:01.952132+00:00,ลิปเปลี่ยนสี,0.0,-2.778,0.0,-1.944,DECLINE,live
2026-07-23T05:45:01.952132+00:00,คอนซีลเลอร์,0.0,-4.444,0.0,-3.111,DECLINE,live
2026-07-23T05:45:01.952132+00:00,ขนมเกาหลี,0.0,0.0,0.0,0.0,STABLE,live
2026-07-23T05:45:01.952132+00:00,กาแฟลดน้ำหนัก,0.0,0.0,0.0,0.0,STABLE,live
2026-07-23T05:45:01.952132+00:00,โพรไบโอติก,18.0,-0.444,-2.222,-0.978,DECLINE,live
2026-07-23T05:45:01.952132+00:00,คอลลาเจน,58.0,-2.444,-1.111,-2.044,DECLINE,live
2026-07-23T05:45:01.952132+00:00,วิตามินผิว,0.0,-2.0,-2.667,-2.2,DECLINE,live
2026-07-23T05:45:01.952132+00:00,หม้อทอดไร้น้ำมัน,24.0,5.333,7.333,5.933,INTRO,live
2026-07-23T05:45:01.952132+00:00,เครื่องชงกาแฟ,66.0,5.889,-4.0,2.922,PEAK,live
2026-07-23T05:45:01.952132+00:00,ที่ดูดฝุ่นไร้สาย,0.0,0.0,0.0,0.0,STABLE,live
2026-07-23T05:45:01.952132+00:00,ไฟ LED ติดผนัง,0.0,0.0,0.0,0.0,STABLE,live
2026-07-23T05:45:01.952132+00:00,เครื่องฟอกอากาศ,27.0,-2.0,-6.111,-3.233,DECLINE,live
2026-07-23T05:45:01.952132+00:00,กระเป๋าสะพาย,50.0,0.0,3.222,0.967,STABLE,live
2026-07-23T05:45:01.952132+00:00,รองเท้าผ้าใบ,43.0,0.556,0.667,0.589,GROWTH,live
2026-07-23T05:45:01.952132+00:00,เสื้อโอเวอร์ไซส์,0.0,0.0,0.0,0.0,STABLE,live
2026-07-23T05:45:01.952132+00:00,กางเกงขายาวทรงสวย,0.0,0.0,0.0,0.0,STABLE,live
2026-07-23T05:45:01.952132+00:00,เดรสออกงาน,0.0,0.0,0.0,0.0,STABLE,live
2026-07-23T08:12:42.524755+00:00,ลิปเปลี่ยนสี,0.0,0.0,0.0,0.0,STABLE,live
2026-07-23T08:12:42.524755+00:00,ครีมกันแดดโกลว์,0.0,0.0,0.0,0.0,STABLE,live
2026-07-23T08:12:42.524755+00:00,เซรั่มหน้าใส,0.0,0.0,0.0,0.0,STABLE,live
2026-07-23T08:12:42.524755+00:00,น้ำหอมติดทน,0.0,0.0,0.0,0.0,STABLE,live
2026-07-23T08:12:42.524755+00:00,คอนซีลเลอร์,0.0,0.0,0.0,0.0,STABLE,live
2026-07-23T08:12:42.524755+00:00,วิตามินผิว,0.0,0.0,0.0,0.0,STABLE,live
2026-07-23T08:12:42.524755+00:00,ขนมเกาหลี,0.0,0.0,0.0,0.0,STABLE,live
2026-07-23T08:12:42.524755+00:00,กาแฟลดน้ำหนัก,0.0,0.0,0.0,0.0,STABLE,live
2026-07-23T08:12:42.524755+00:00,โพรไบโอติก,0.0,-2.111,0.0,-1.478,DECLINE,live
2026-07-23T08:12:42.524755+00:00,คอลลาเจน,0.0,-4.333,-2.111,-3.667,DECLINE,live
2026-07-23T08:12:42.524755+00:00,เครื่องชงกาแฟ,0.0,-2.333,7.333,0.567,DECLINE,live
2026-07-23T08:12:42.524755+00:00,ที่ดูดฝุ่นไร้สาย,0.0,0.0,0.0,0.0,STABLE,live
2026-07-23T08:12:42.524755+00:00,หม้อทอดไร้น้ำมัน,0.0,0.0,0.0,0.0,STABLE,live
2026-07-23T08:12:42.524755+00:00,ไฟ LED ติดผนัง,0.0,0.0,0.0,0.0,STABLE,live
2026-07-23T08:12:42.524755+00:00,เครื่องฟอกอากาศ,0.0,-0.667,-2.222,-1.133,DECLINE,live
2026-07-23T08:12:42.524755+00:00,เสื้อโอเวอร์ไซส์,0.0,0.0,0.0,0.0,STABLE,live
2026-07-23T08:12:42.524755+00:00,กางเกงขายาวทรงสวย,0.0,0.0,0.0,0.0,STABLE,live
2026-07-23T08:12:42.524755+00:00,เดรสออกงาน,0.0,0.0,0.0,0.0,STABLE,live
2026-07-23T08:12:42.524755+00:00,กระเป๋าสะพาย,0.0,-3.222,-4.111,-3.489,DECLINE,live
2026-07-23T08:12:42.524755+00:00,รองเท้าผ้าใบ,0.0,-4.667,-2.778,-4.1,DECLINE,live
2026-07-23T11:01:07.074759+00:00,เซรั่มหน้าใส,29.49,0.323,-0.109,0.193,INTRO,simulate_fallback
2026-07-23T11:01:07.074759+00:00,ครีมกันแดดโกลว์,29.06,-0.149,0.113,-0.071,STABLE,simulate_fallback
2026-07-23T11:01:07.074759+00:00,คอนซีลเลอร์,31.56,-0.383,0.107,-0.236,DECLINE,simulate_fallback
2026-07-23T11:01:07.074759+00:00,ลิปเปลี่ยนสี,28.6,-0.075,-0.67,-0.254,STABLE,simulate_fallback
2026-07-23T11:01:07.074759+00:00,น้ำหอมติดทน,29.35,-0.6,0.155,-0.373,DECLINE,simulate_fallback
2026-07-23T11:01:07.074759+00:00,กาแฟลดน้ำหนัก,30.07,0.802,0.433,0.692,INTRO,simulate_fallback
2026-07-23T11:01:07.074759+00:00,วิตามินผิว,34.24,0.695,-0.098,0.457,INTRO,simulate_fallback
2026-07-23T11:01:07.074759+00:00,ขนมเกาหลี,32.08,0.478,0.285,0.42,INTRO,simulate_fallback
2026-07-23T11:01:07.074759+00:00,คอลลาเจน,30.7,0.126,0.339,0.19,STABLE,simulate_fallback
2026-07-23T11:01:07.074759+00:00,โพรไบโอติก,30.03,0.271,-0.002,0.189,STABLE,simulate_fallback
2026-07-23T11:01:07.074759+00:00,เครื่องชงกาแฟ,29.89,0.255,-0.155,0.132,STABLE,simulate_fallback
2026-07-23T11:01:07.074759+00:00,เครื่องฟอกอากาศ,29.69,0.083,0.15,0.103,STABLE,simulate_fallback
2026-07-23T11:01:07.074759+00:00,ที่ดูดฝุ่นไร้สาย,30.02,0.255,-0.3,0.088,STABLE,simulate_fallback
2026-07-23T11:01:07.074759+00:00,หม้อทอดไร้น้ำมัน,27.96,0.147,-0.284,0.018,STABLE,simulate_fallback
2026-07-23T11:01:07.074759+00:00,ไฟ LED ติดผนัง,25.69,-1.07,-0.652,-0.944,DECLINE,simulate_fallback
2026-07-23T11:01:07.074759+00:00,กางเกงขายาวทรงสวย,31.2,0.284,-0.11,0.166,STABLE,simulate_fallback
2026-07-23T11:01:07.074759+00:00,เดรสออกงาน,30.38,-0.272,-0.139,-0.232,STABLE,simulate_fallback
2026-07-23T11:01:07.074759+00:00,เสื้อโอเวอร์ไซส์,29.78,-0.57,-0.696,-0.608,DECLINE,simulate_fallback
2026-07-23T11:01:07.074759+00:00,กระเป๋าสะพาย,29.81,-0.573,-0.742,-0.624,DECLINE,simulate_fallback
2026-07-23T11:01:07.074759+00:00,รองเท้าผ้าใบ,27.3,-0.592,-0.743,-0.637,DECLINE,simulate_fallback
2026-07-23T13:25:26.551043+00:00,ลิปเปลี่ยนสี,32.24,0.589,0.539,0.574,INTRO,simulate_fallback
2026-07-23T13:25:26.551043+00:00,ครีมกันแดดโกลว์,32.0,0.667,0.27,0.548,INTRO,simulate_fallback
2026-07-23T13:25:26.551043+00:00,เซรั่มหน้าใส,31.85,0.172,0.737,0.342,STABLE,simulate_fallback
2026-07-23T13:25:26.551043+00:00,น้ำหอมติดทน,29.17,0.295,0.125,0.244,STABLE,simulate_fallback
2026-07-23T13:25:26.551043+00:00,คอนซีลเลอร์,30.83,0.003,0.401,0.123,STABLE,simulate_fallback
2026-07-23T13:25:26.551043+00:00,คอลลาเจน,74.0,1.778,-0.556,1.078,PEAK,live
2026-07-23T13:25:26.551043+00:00,ขนมเกาหลี,0.0,0.0,0.0,0.0,STABLE,live
2026-07-23T13:25:26.551043+00:00,กาแฟลดน้ำหนัก,0.0,0.0,0.0,0.0,STABLE,live
2026-07-23T13:25:26.551043+00:00,โพรไบโอติก,0.0,-2.667,1.444,-1.433,DECLINE,live
2026-07-23T13:25:26.551043+00:00,วิตามินผิว,0.0,-2.778,-2.111,-2.578,DECLINE,live
2026-07-23T13:25:26.551043+00:00,เครื่องฟอกอากาศ,77.0,6.222,7.778,6.689,GROWTH,live
2026-07-23T13:25:26.551043+00:00,ที่ดูดฝุ่นไร้สาย,0.0,0.0,0.0,0.0,STABLE,live
2026-07-23T13:25:26.551043+00:00,ไฟ LED ติดผนัง,0.0,0.0,0.0,0.0,STABLE,live
2026-07-23T13:25:26.551043+00:00,หม้อทอดไร้น้ำมัน,0.0,-3.333,-4.556,-3.7,DECLINE,live
2026-07-23T13:25:26.551043+00:00,เครื่องชงกาแฟ,0.0,-9.667,-2.778,-7.6,DECLINE,live
2026-07-23T13:25:26.551043+00:00,เดรสออกงาน,0.0,0.0,1.222,0.367,STABLE,live
2026-07-23T13:25:26.551043+00:00,กระเป๋าสะพาย,37.0,-0.444,1.556,0.156,DECLINE,live
2026-07-23T13:25:26.551043+00:00,เสื้อโอเวอร์ไซส์,0.0,0.0,0.0,0.0,STABLE,live
2026-07-23T13:25:26.551043+00:00,กางเกงขายาวทรงสวย,0.0,0.0,0.0,0.0,STABLE,live
2026-07-23T13:25:26.551043+00:00,รองเท้าผ้าใบ,47.0,-2.0,-4.889,-2.867,DECLINE,live
2026-07-23T16:20:17.783812+00:00,เซรั่มหน้าใส,32.11,0.4,-0.034,0.27,INTRO,simulate_fallback
2026-07-23T16:20:17.783812+00:00,ลิปเปลี่ยนสี,32.36,-0.144,-0.152,-0.146,STABLE,simulate_fallback
2026-07-23T16:20:17.783812+00:00,คอนซีลเลอร์,28.5,-0.272,-0.143,-0.234,STABLE,simulate_fallback
2026-07-23T16:20:17.783812+00:00,ครีมกันแดดโกลว์,29.78,-0.148,-0.532,-0.263,STABLE,simulate_fallback
2026-07-23T16:20:17.783812+00:00,น้ำหอมติดทน,28.58,-0.492,-0.323,-0.441,DECLINE,simulate_fallback
2026-07-23T16:20:17.783812+00:00,ขนมเกาหลี,33.83,0.727,1.119,0.845,INTRO,simulate_fallback
2026-07-23T16:20:17.783812+00:00,คอลลาเจน,29.76,0.061,-0.386,-0.073,STABLE,simulate_fallback
2026-07-23T16:20:17.783812+00:00,วิตามินผิว,30.92,-0.195,-0.181,-0.191,STABLE,simulate_fallback
2026-07-23T16:20:17.783812+00:00,กาแฟลดน้ำหนัก,30.02,-0.207,-0.222,-0.211,STABLE,simulate_fallback
2026-07-23T16:20:17.783812+00:00,โพรไบโอติก,30.95,-0.449,-0.34,-0.416,DECLINE,simulate_fallback
2026-07-23T16:20:17.783812+00:00,เครื่องชงกาแฟ,30.71,0.54,0.375,0.491,INTRO,simulate_fallback
2026-07-23T16:20:17.783812+00:00,หม้อทอดไร้น้ำมัน,32.82,0.195,1.123,0.474,STABLE,simulate_fallback
2026-07-23T16:20:17.783812+00:00,ที่ดูดฝุ่นไร้สาย,28.12,0.239,0.083,0.192,STABLE,simulate_fallback
2026-07-23T16:20:17.783812+00:00,ไฟ LED ติดผนัง,29.07,-0.338,0.306,-0.145,DECLINE,simulate_fallback
2026-07-23T16:20:17.783812+00:00,เครื่องฟอกอากาศ,30.22,-0.461,-0.201,-0.383,DECLINE,simulate_fallback
2026-07-23T16:20:17.783812+00:00,กระเป๋าสะพาย,29.75,0.484,0.028,0.347,INTRO,simulate_fallback
2026-07-23T16:20:17.783812+00:00,เดรสออกงาน,29.75,-0.233,-0.418,-0.289,STABLE,simulate_fallback
2026-07-23T16:20:17.783812+00:00,เสื้อโอเวอร์ไซส์,32.95,-0.232,-0.554,-0.329,STABLE,simulate_fallback
2026-07-23T16:20:17.783812+00:00,รองเท้าผ้าใบ,29.45,-0.377,-0.546,-0.428,DECLINE,simulate_fallback
2026-07-23T16:20:17.783812+00:00,กางเกงขายาวทรงสวย,29.7,-0.478,-0.613,-0.519,DECLINE,simulate_fallback
2026-07-23T19:00:01.506753+00:00,ลิปเปลี่ยนสี,0.0,0.0,0.0,0.0,STABLE,live
2026-07-23T19:00:01.506753+00:00,ครีมกันแดดโกลว์,0.0,0.0,0.0,0.0,STABLE,live
2026-07-23T19:00:01.506753+00:00,เซรั่มหน้าใส,0.0,0.0,0.0,0.0,STABLE,live
2026-07-23T19:00:01.506753+00:00,น้ำหอมติดทน,0.0,0.0,0.0,0.0,STABLE,live
2026-07-23T19:00:01.506753+00:00,คอนซีลเลอร์,0.0,-2.222,0.0,-1.556,DECLINE,live
2026-07-23T19:00:01.506753+00:00,ขนมเกาหลี,0.0,0.0,0.0,0.0,STABLE,live
2026-07-23T19:00:01.506753+00:00,กาแฟลดน้ำหนัก,0.0,0.0,0.0,0.0,STABLE,live
2026-07-23T19:00:01.506753+00:00,วิตามินผิว,0.0,-3.889,0.0,-2.722,DECLINE,live
2026-07-23T19:00:01.506753+00:00,คอลลาเจน,72.0,-4.889,-3.0,-4.322,DECLINE,live
2026-07-23T19:00:01.506753+00:00,โพรไบโอติก,0.0,-7.111,-2.0,-5.578,DECLINE,live
2026-07-23T19:00:01.506753+00:00,ที่ดูดฝุ่นไร้สาย,0.0,0.0,0.0,0.0,STABLE,live
2026-07-23T19:00:01.506753+00:00,ไฟ LED ติดผนัง,0.0,0.0,0.0,0.0,STABLE,live
2026-07-23T19:00:01.506753+00:00,หม้อทอดไร้น้ำมัน,0.0,-5.889,3.222,-3.156,DECLINE,live
2026-07-23T19:00:01.506753+00:00,เครื่องชงกาแฟ,0.0,-3.556,-3.111,-3.422,DECLINE,live
2026-07-23T19:00:01.506753+00:00,เครื่องฟอกอากาศ,0.0,-7.889,-4.0,-6.722,DECLINE,live
2026-07-23T19:00:01.506753+00:00,รองเท้าผ้าใบ,31.12,0.014,0.716,0.225,STABLE,simulate_fallback
2026-07-23T19:00:01.506753+00:00,เสื้อโอเวอร์ไซส์,33.11,-0.21,0.201,-0.087,STABLE,simulate_fallback
2026-07-23T19:00:01.506753+00:00,กระเป๋าสะพาย,30.24,-0.25,0.198,-0.115,STABLE,simulate_fallback
2026-07-23T19:00:01.506753+00:00,เดรสออกงาน,29.86,-0.835,-0.272,-0.666,DECLINE,simulate_fallback
2026-07-23T19:00:01.506753+00:00,กางเกงขายาวทรงสวย,30.12,-0.77,-0.678,-0.743,DECLINE,simulate_fallback
2026-07-23T21:57:24.386880+00:00,ลิปเปลี่ยนสี,0.0,0.0,0.0,0.0,STABLE,live
2026-07-23T21:57:24.386880+00:00,ครีมกันแดดโกลว์,0.0,0.0,0.0,0.0,STABLE,live
2026-07-23T21:57:24.386880+00:00,เซรั่มหน้าใส,0.0,0.0,0.0,0.0,STABLE,live
2026-07-23T21:57:24.386880+00:00,น้ำหอมติดทน,0.0,0.0,0.0,0.0,STABLE,live
2026-07-23T21:57:24.386880+00:00,คอนซีลเลอร์,0.0,0.0,0.0,0.0,STABLE,live
2026-07-23T21:57:24.386880+00:00,โพรไบโอติก,0.0,0.0,2.556,0.767,STABLE,live
2026-07-23T21:57:24.386880+00:00,วิตามินผิว,0.0,0.0,2.222,0.667,STABLE,live
2026-07-23T21:57:24.386880+00:00,ขนมเกาหลี,0.0,0.0,0.0,0.0,STABLE,live
2026-07-23T21:57:24.386880+00:00,กาแฟลดน้ำหนัก,0.0,0.0,0.0,0.0,STABLE,live
2026-07-23T21:57:24.386880+00:00,คอลลาเจน,0.0,-19.889,-6.667,-15.922,DECLINE,live
2026-07-23T21:57:24.386880+00:00,ที่ดูดฝุ่นไร้สาย,0.0,0.0,0.0,0.0,STABLE,live
2026-07-23T21:57:24.386880+00:00,หม้อทอดไร้น้ำมัน,0.0,0.0,0.0,0.0,STABLE,live
2026-07-23T21:57:24.386880+00:00,ไฟ LED ติดผนัง,0.0,0.0,0.0,0.0,STABLE,live
2026-07-23T21:57:24.386880+00:00,เครื่องฟอกอากาศ,0.0,-2.222,2.556,-0.789,DECLINE,live
2026-07-23T21:57:24.386880+00:00,เครื่องชงกาแฟ,0.0,-4.667,2.0,-2.667,DECLINE,live
2026-07-23T21:57:24.386880+00:00,เสื้อโอเวอร์ไซส์,0.0,0.0,0.0,0.0,STABLE,live
2026-07-23T21:57:24.386880+00:00,กางเกงขายาวทรงสวย,0.0,0.0,0.0,0.0,STABLE,live
2026-07-23T21:57:24.386880+00:00,เดรสออกงาน,0.0,-3.444,0.0,-2.411,DECLINE,live
2026-07-23T21:57:24.386880+00:00,กระเป๋าสะพาย,0.0,-6.333,5.889,-2.667,DECLINE,live
2026-07-23T21:57:24.386880+00:00,รองเท้าผ้าใบ,0.0,-8.444,-5.222,-7.478,DECLINE,live
2026-07-24T01:50:51.637953+00:00,น้ำหอมติดทน,30.98,0.558,0.577,0.563,INTRO,simulate_fallback
2026-07-24T01:50:51.637953+00:00,เซรั่มหน้าใส,32.44,0.465,-0.255,0.249,INTRO,simulate_fallback
2026-07-24T01:50:51.637953+00:00,ลิปเปลี่ยนสี,28.98,-0.172,-0.064,-0.139,STABLE,simulate_fallback
2026-07-24T01:50:51.637953+00:00,คอนซีลเลอร์,28.24,-0.214,-0.044,-0.163,STABLE,simulate_fallback
2026-07-24T01:50:51.637953+00:00,ครีมกันแดดโกลว์,30.11,-0.381,0.025,-0.259,DECLINE,simulate_fallback
2026-07-24T01:50:51.637953+00:00,กาแฟลดน้ำหนัก,31.29,0.318,0.21,0.285,INTRO,simulate_fallback
2026-07-24T01:50:51.637953+00:00,คอลลาเจน,29.94,0.261,0.141,0.225,STABLE,simulate_fallback
2026-07-24T01:50:51.637953+00:00,โพรไบโอติก,29.93,-0.04,0.356,0.079,STABLE,simulate_fallback
2026-07-24T01:50:51.637953+00:00,วิตามินผิว,29.93,-0.253,0.236,-0.106,STABLE,simulate_fallback
2026-07-24T01:50:51.637953+00:00,ขนมเกาหลี,28.2,-0.623,-0.26,-0.514,DECLINE,simulate_fallback
2026-07-24T01:50:51.637953+00:00,ไฟ LED ติดผนัง,31.45,0.49,0.775,0.575,INTRO,simulate_fallback
2026-07-24T01:50:51.637953+00:00,เครื่องฟอกอากาศ,27.45,0.245,-0.013,0.168,STABLE,simulate_fallback
2026-07-24T01:50:51.637953+00:00,เครื่องชงกาแฟ,29.33,0.146,-0.065,0.083,STABLE,simulate_fallback
2026-07-24T01:50:51.637953+00:00,หม้อทอดไร้น้ำมัน,29.46,-0.182,0.02,-0.121,STABLE,simulate_fallback
2026-07-24T01:50:51.637953+00:00,ที่ดูดฝุ่นไร้สาย,30.12,-0.504,-0.008,-0.355,DECLINE,simulate_fallback
2026-07-24T01:50:51.637953+00:00,กางเกงขายาวทรงสวย,30.69,0.021,-0.442,-0.118,STABLE,simulate_fallback
2026-07-24T01:50:51.637953+00:00,เสื้อโอเวอร์ไซส์,29.86,0.069,-0.596,-0.13,STABLE,simulate_fallback
2026-07-24T01:50:51.637953+00:00,เดรสออกงาน,29.55,-0.127,-0.225,-0.157,STABLE,simulate_fallback
2026-07-24T01:50:51.637953+00:00,รองเท้าผ้าใบ,28.99,-0.231,-0.648,-0.356,STABLE,simulate_fallback
2026-07-24T01:50:51.637953+00:00,กระเป๋าสะพาย,29.5,-0.536,-0.213,-0.439,DECLINE,simulate_fallback
2026-07-24T05:41:10.276951+00:00,คอนซีลเลอร์,0.0,2.667,0.0,1.867,INTRO,live
2026-07-24T05:41:10.276951+00:00,ลิปเปลี่ยนสี,0.0,0.0,0.0,0.0,STABLE,live
2026-07-24T05:41:10.276951+00:00,ครีมกันแดดโกลว์,0.0,0.0,0.0,0.0,STABLE,live
2026-07-24T05:41:10.276951+00:00,เซรั่มหน้าใส,0.0,0.0,0.0,0.0,STABLE,live
2026-07-24T05:41:10.276951+00:00,น้ำหอมติดทน,0.0,0.0,0.0,0.0,STABLE,live
2026-07-24T05:41:10.276951+00:00,โพรไบโอติก,30.38,0.322,0.088,0.252,INTRO,simulate_fallback
2026-07-24T05:41:10.276951+00:00,คอลลาเจน,29.38,-0.139,0.162,-0.048,STABLE,simulate_fallback
2026-07-24T05:41:10.276951+00:00,วิตามินผิว,29.76,-0.333,-0.515,-0.387,DECLINE,simulate_fallback
2026-07-24T05:41:10.276951+00:00,กาแฟลดน้ำหนัก,29.47,-0.898,0.118,-0.593,DECLINE,simulate_fallback
2026-07-24T05:41:10.276951+00:00,ขนมเกาหลี,26.47,-0.629,-0.693,-0.648,DECLINE,simulate_fallback
2026-07-24T05:41:10.276951+00:00,เครื่องฟอกอากาศ,42.0,3.556,-3.333,1.489,PEAK,live
2026-07-24T05:41:10.276951+00:00,หม้อทอดไร้น้ำมัน,0.0,1.778,-3.333,0.244,INTRO,live
2026-07-24T05:41:10.276951+00:00,ที่ดูดฝุ่นไร้สาย,0.0,0.0,0.0,0.0,STABLE,live
2026-07-24T05:41:10.276951+00:00,ไฟ LED ติดผนัง,0.0,0.0,0.0,0.0,STABLE,live
2026-07-24T05:41:10.276951+00:00,เครื่องชงกาแฟ,54.0,-1.0,-3.333,-1.7,DECLINE,live
2026-07-24T05:41:10.276951+00:00,รองเท้าผ้าใบ,29.9,0.142,0.811,0.343,STABLE,simulate_fallback
2026-07-24T05:41:10.276951+00:00,กระเป๋าสะพาย,32.2,0.219,0.347,0.257,STABLE,simulate_fallback
2026-07-24T05:41:10.276951+00:00,เสื้อโอเวอร์ไซส์,30.48,0.324,-0.103,0.196,INTRO,simulate_fallback
2026-07-24T05:41:10.276951+00:00,เดรสออกงาน,30.31,-0.028,0.53,0.14,STABLE,simulate_fallback
2026-07-24T05:41:10.276951+00:00,กางเกงขายาวทรงสวย,29.14,-0.179,0.246,-0.052,STABLE,simulate_fallback
2026-07-24T08:08:46.248543+00:00,น้ำหอมติดทน,0.0,5.0,0.0,3.5,INTRO,live
2026-07-24T08:08:46.248543+00:00,ลิปเปลี่ยนสี,0.0,0.0,0.0,0.0,STABLE,live
2026-07-24T08:08:46.248543+00:00,ครีมกันแดดโกลว์,0.0,0.0,0.0,0.0,STABLE,live
2026-07-24T08:08:46.248543+00:00,เซรั่มหน้าใส,0.0,0.0,0.0,0.0,STABLE,live
2026-07-24T08:08:46.248543+00:00,คอนซีลเลอร์,0.0,0.0,0.0,0.0,STABLE,live
2026-07-24T08:08:46.248543+00:00,ขนมเกาหลี,0.0,1.444,0.0,1.011,INTRO,live
2026-07-24T08:08:46.248543+00:00,วิตามินผิว,0.0,-0.111,1.556,0.389,STABLE,live
2026-07-24T08:08:46.248543+00:00,กาแฟลดน้ำหนัก,0.0,0.0,0.0,0.0,STABLE,live
2026-07-24T08:08:46.248543+00:00,โพรไบโอติก,0.0,-1.778,-1.667,-1.744,DECLINE,live
2026-07-24T08:08:46.248543+00:00,คอลลาเจน,0.0,-9.889,-4.556,-8.289,DECLINE,live
2026-07-24T08:08:46.248543+00:00,ที่ดูดฝุ่นไร้สาย,0.0,0.0,0.0,0.0,STABLE,live
2026-07-24T08:08:46.248543+00:00,ไฟ LED ติดผนัง,0.0,0.0,0.0,0.0,STABLE,live
2026-07-24T08:08:46.248543+00:00,หม้อทอดไร้น้ำมัน,0.0,-1.556,-5.556,-2.756,DECLINE,live
2026-07-24T08:08:46.248543+00:00,เครื่องฟอกอากาศ,0.0,-5.556,-3.111,-4.822,DECLINE,live
2026-07-24T08:08:46.248543+00:00,เครื่องชงกาแฟ,0.0,-8.111,-8.222,-8.144,DECLINE,live
2026-07-24T08:08:46.248543+00:00,เสื้อโอเวอร์ไซส์,0.0,0.0,0.0,0.0,STABLE,live
2026-07-24T08:08:46.248543+00:00,กางเกงขายาวทรงสวย,0.0,0.0,0.0,0.0,STABLE,live
2026-07-24T08:08:46.248543+00:00,เดรสออกงาน,0.0,0.0,0.0,0.0,STABLE,live
2026-07-24T08:08:46.248543+00:00,กระเป๋าสะพาย,0.0,-1.667,-2.556,-1.933,DECLINE,live
2026-07-24T08:08:46.248543+00:00,รองเท้าผ้าใบ,0.0,-3.889,-5.0,-4.222,DECLINE,live
2026-07-24T10:54:41.871288+00:00,เซรั่มหน้าใส,31.17,0.28,0.366,0.306,STABLE,simulate_fallback
2026-07-24T10:54:41.871288+00:00,ครีมกันแดดโกลว์,28.89,0.233,0.224,0.23,STABLE,simulate_fallback
2026-07-24T10:54:41.871288+00:00,ลิปเปลี่ยนสี,29.3,0.159,-0.439,-0.021,STABLE,simulate_fallback
2026-07-24T10:54:41.871288+00:00,คอนซีลเลอร์,29.32,-0.056,-0.21,-0.102,STABLE,simulate_fallback
2026-07-24T10:54:41.871288+00:00,น้ำหอมติดทน,30.72,-0.338,-0.696,-0.445,DECLINE,simulate_fallback
2026-07-24T10:54:41.871288+00:00,คอลลาเจน,31.21,0.244,0.232,0.24,STABLE,simulate_fallback
2026-07-24T10:54:41.871288+00:00,กาแฟลดน้ำหนัก,31.13,0.192,0.267,0.215,STABLE,simulate_fallback
2026-07-24T10:54:41.871288+00:00,โพรไบโอติก,29.2,0.089,-0.021,0.056,STABLE,simulate_fallback
2026-07-24T10:54:41.871288+00:00,ขนมเกาหลี,28.44,-0.475,-0.166,-0.383,DECLINE,simulate_fallback
2026-07-24T10:54:41.871288+00:00,วิตามินผิว,27.96,-0.359,-0.535,-0.412,DECLINE,simulate_fallback
2026-07-24T10:54:41.871288+00:00,ที่ดูดฝุ่นไร้สาย,30.67,0.62,0.44,0.566,INTRO,simulate_fallback
2026-07-24T10:54:41.871288+00:00,เครื่องฟอกอากาศ,30.02,0.392,-0.4,0.154,INTRO,simulate_fallback
2026-07-24T10:54:41.871288+00:00,เครื่องชงกาแฟ,28.72,-0.171,0.62,0.066,STABLE,simulate_fallback
2026-07-24T10:54:41.871288+00:00,หม้อทอดไร้น้ำมัน,28.82,-0.008,-0.557,-0.173,STABLE,simulate_fallback
2026-07-24T10:54:41.871288+00:00,ไฟ LED ติดผนัง,32.52,-0.438,-0.359,-0.415,DECLINE,simulate_fallback
2026-07-24T10:54:41.871288+00:00,กระเป๋าสะพาย,61.0,1.778,2.556,2.011,GROWTH,live
2026-07-24T10:54:41.871288+00:00,รองเท้าผ้าใบ,54.0,2.222,-2.222,0.889,PEAK,live
2026-07-24T10:54:41.871288+00:00,เสื้อโอเวอร์ไซส์,0.0,0.0,0.0,0.0,STABLE,live
2026-07-24T10:54:41.871288+00:00,กางเกงขายาวทรงสวย,0.0,0.0,0.0,0.0,STABLE,live
2026-07-24T10:54:41.871288+00:00,เดรสออกงาน,0.0,0.0,0.0,0.0,STABLE,live
2026-07-24T13:18:54.066333+00:00,น้ำหอมติดทน,29.83,0.216,-0.661,-0.047,STABLE,simulate_fallback
2026-07-24T13:18:54.066333+00:00,ลิปเปลี่ยนสี,30.44,-0.204,-0.075,-0.165,STABLE,simulate_fallback
2026-07-24T13:18:54.066333+00:00,คอนซีลเลอร์,27.67,-0.594,-0.415,-0.541,DECLINE,simulate_fallback
2026-07-24T13:18:54.066333+00:00,ครีมกันแดดโกลว์,29.61,-0.731,-0.331,-0.611,DECLINE,simulate_fallback
2026-07-24T13:18:54.066333+00:00,เซรั่มหน้าใส,27.75,-0.81,-0.288,-0.653,DECLINE,simulate_fallback
2026-07-24T13:18:54.066333+00:00,โพรไบโอติก,34.64,0.253,0.876,0.44,STABLE,simulate_fallback
2026-07-24T13:18:54.066333+00:00,กาแฟลดน้ำหนัก,30.46,-0.264,-0.598,-0.364,STABLE,simulate_fallback
2026-07-24T13:18:54.066333+00:00,ขนมเกาหลี,28.76,-0.567,-0.528,-0.556,DECLINE,simulate_fallback
2026-07-24T13:18:54.066333+00:00,วิตามินผิว,29.59,-0.514,-0.753,-0.586,DECLINE,simulate_fallback
2026-07-24T13:18:54.066333+00:00,คอลลาเจน,27.6,-0.851,-0.06,-0.614,DECLINE,simulate_fallback
2026-07-24T13:18:54.066333+00:00,เครื่องชงกาแฟ,31.46,0.34,0.828,0.487,INTRO,simulate_fallback
2026-07-24T13:18:54.066333+00:00,ที่ดูดฝุ่นไร้สาย,30.16,0.335,0.029,0.243,INTRO,simulate_fallback
2026-07-24T13:18:54.066333+00:00,เครื่องฟอกอากาศ,29.74,-0.008,0.046,0.008,STABLE,simulate_fallback
2026-07-24T13:18:54.066333+00:00,หม้อทอดไร้น้ำมัน,29.87,-0.146,-0.165,-0.151,STABLE,simulate_fallback
2026-07-24T13:18:54.066333+00:00,ไฟ LED ติดผนัง,28.3,-0.538,0.588,-0.2,DECLINE,simulate_fallback
2026-07-24T13:18:54.066333+00:00,เดรสออกงาน,31.28,0.477,0.639,0.526,INTRO,simulate_fallback
2026-07-24T13:18:54.066333+00:00,กระเป๋าสะพาย,29.54,0.158,0.106,0.143,STABLE,simulate_fallback
2026-07-24T13:18:54.066333+00:00,เสื้อโอเวอร์ไซส์,30.34,0.38,-0.749,0.041,INTRO,simulate_fallback
2026-07-24T13:18:54.066333+00:00,รองเท้าผ้าใบ,30.68,0.216,-0.441,0.019,STABLE,simulate_fallback
2026-07-24T13:18:54.066333+00:00,กางเกงขายาวทรงสวย,30.08,-0.825,-0.374,-0.69,DECLINE,simulate_fallback
2026-07-24T19:13:19.752481+00:00,ลิปเปลี่ยนสี,33.05,0.863,0.387,0.72,INTRO,simulate_fallback
2026-07-24T19:13:19.752481+00:00,เซรั่มหน้าใส,31.26,0.261,0.39,0.3,STABLE,simulate_fallback
2026-07-24T19:13:19.752481+00:00,ครีมกันแดดโกลว์,28.74,0.209,0.266,0.226,STABLE,simulate_fallback
2026-07-24T19:13:19.752481+00:00,น้ำหอมติดทน,31.64,0.145,-0.043,0.089,STABLE,simulate_fallback
2026-07-24T19:13:19.752481+00:00,คอนซีลเลอร์,29.21,-0.079,-0.105,-0.087,STABLE,simulate_fallback
2026-07-24T19:13:19.752481+00:00,คอลลาเจน,32.03,0.704,0.815,0.737,INTRO,simulate_fallback
2026-07-24T19:13:19.752481+00:00,โพรไบโอติก,30.28,0.764,0.137,0.576,INTRO,simulate_fallback
2026-07-24T19:13:19.752481+00:00,วิตามินผิว,29.05,0.286,0.058,0.218,STABLE,simulate_fallback
2026-07-24T19:13:19.752481+00:00,ขนมเกาหลี,30.57,-0.015,0.563,0.159,STABLE,simulate_fallback
2026-07-24T19:13:19.752481+00:00,กาแฟลดน้ำหนัก,30.38,0.037,-0.472,-0.116,STABLE,simulate_fallback
2026-07-24T19:13:19.752481+00:00,เครื่องชงกาแฟ,31.94,0.653,-0.087,0.431,INTRO,simulate_fallback
2026-07-24T19:13:19.752481+00:00,เครื่องฟอกอากาศ,30.31,0.329,-0.229,0.161,INTRO,simulate_fallback
2026-07-24T19:13:19.752481+00:00,ไฟ LED ติดผนัง,29.31,0.048,-0.131,-0.006,STABLE,simulate_fallback
2026-07-24T19:13:19.752481+00:00,หม้อทอดไร้น้ำมัน,29.2,-0.75,-0.325,-0.622,DECLINE,simulate_fallback
2026-07-24T19:13:19.752481+00:00,ที่ดูดฝุ่นไร้สาย,30.03,-1.195,-0.662,-1.035,DECLINE,simulate_fallback
2026-07-24T19:13:19.752481+00:00,กางเกงขายาวทรงสวย,31.64,0.378,0.378,0.378,INTRO,simulate_fallback
2026-07-24T19:13:19.752481+00:00,กระเป๋าสะพาย,30.32,0.151,0.147,0.15,STABLE,simulate_fallback
2026-07-24T19:13:19.752481+00:00,เสื้อโอเวอร์ไซส์,29.83,0.142,-0.037,0.089,STABLE,simulate_fallback
2026-07-24T19:13:19.752481+00:00,เดรสออกงาน,31.38,-0.191,-0.167,-0.184,STABLE,simulate_fallback
2026-07-24T19:13:19.752481+00:00,รองเท้าผ้าใบ,29.21,-0.419,0.063,-0.274,DECLINE,simulate_fallback
2026-07-24T21:56:40.180311+00:00,ครีมกันแดดโกลว์,30.27,0.667,0.824,0.714,INTRO,simulate_fallback
2026-07-24T21:56:40.180311+00:00,น้ำหอมติดทน,30.59,0.41,0.788,0.523,INTRO,simulate_fallback
2026-07-24T21:56:40.180311+00:00,ลิปเปลี่ยนสี,33.16,0.797,-0.12,0.522,INTRO,simulate_fallback
2026-07-24T21:56:40.180311+00:00,คอนซีลเลอร์,32.68,0.171,0.736,0.34,STABLE,simulate_fallback
2026-07-24T21:56:40.180311+00:00,เซรั่มหน้าใส,28.6,-0.044,-0.422,-0.157,STABLE,simulate_fallback
2026-07-24T21:56:40.180311+00:00,กาแฟลดน้ำหนัก,0.0,7.444,0.0,5.211,INTRO,live
2026-07-24T21:56:40.180311+00:00,วิตามินผิว,0.0,0.0,2.333,0.7,STABLE,live
2026-07-24T21:56:40.180311+00:00,โพรไบโอติก,0.0,0.0,2.222,0.667,STABLE,live
2026-07-24T21:56:40.180311+00:00,ขนมเกาหลี,0.0,0.0,0.0,0.0,STABLE,live
2026-07-24T21:56:40.180311+00:00,คอลลาเจน,0.0,-8.778,-4.333,-7.444,DECLINE,live
2026-07-24T21:56:40.180311+00:00,ที่ดูดฝุ่นไร้สาย,0.0,0.0,0.0,0.0,STABLE,live
2026-07-24T21:56:40.180311+00:00,หม้อทอดไร้น้ำมัน,0.0,0.0,0.0,0.0,STABLE,live
2026-07-24T21:56:40.180311+00:00,ไฟ LED ติดผนัง,0.0,0.0,0.0,0.0,STABLE,live
2026-07-24T21:56:40.180311+00:00,เครื่องชงกาแฟ,0.0,-3.0,2.333,-1.4,DECLINE,live
2026-07-24T21:56:40.180311+00:00,เครื่องฟอกอากาศ,0.0,-6.889,3.0,-3.922,DECLINE,live
2026-07-24T21:56:40.180311+00:00,เสื้อโอเวอร์ไซส์,0.0,0.0,0.0,0.0,STABLE,live
2026-07-24T21:56:40.180311+00:00,กางเกงขายาวทรงสวย,0.0,0.0,0.0,0.0,STABLE,live
2026-07-24T21:56:40.180311+00:00,เดรสออกงาน,0.0,0.0,0.0,0.0,STABLE,live
2026-07-24T21:56:40.180311+00:00,กระเป๋าสะพาย,0.0,-8.778,6.333,-4.244,DECLINE,live
2026-07-24T21:56:40.180311+00:00,รองเท้าผ้าใบ,0.0,-10.333,5.333,-5.633,DECLINE,live
2026-07-25T01:50:35.676955+00:00,คอนซีลเลอร์,39.0,4.333,4.333,4.333,GROWTH,live
2026-07-25T01:50:35.676955+00:00,ลิปเปลี่ยนสี,0.0,0.0,0.0,0.0,STABLE,live
2026-07-25T01:50:35.676955+00:00,ครีมกันแดดโกลว์,0.0,0.0,0.0,0.0,STABLE,live
2026-07-25T01:50:35.676955+00:00,เซรั่มหน้าใส,0.0,0.0,0.0,0.0,STABLE,live
2026-07-25T01:50:35.676955+00:00,น้ำหอมติดทน,0.0,0.0,0.0,0.0,STABLE,live
2026-07-25T01:50:35.676955+00:00,กาแฟลดน้ำหนัก,31.41,0.636,0.265,0.525,INTRO,simulate_fallback
2026-07-25T01:50:35.676955+00:00,ขนมเกาหลี,29.96,0.481,0.563,0.506,INTRO,simulate_fallback
2026-07-25T01:50:35.676955+00:00,โพรไบโอติก,34.58,0.535,0.247,0.449,INTRO,simulate_fallback
2026-07-25T01:50:35.676955+00:00,วิตามินผิว,27.53,-0.024,0.417,0.108,STABLE,simulate_fallback
2026-07-25T01:50:35.676955+00:00,คอลลาเจน,31.53,0.18,-0.099,0.096,STABLE,simulate_fallback
2026-07-25T01:50:35.676955+00:00,เครื่องชงกาแฟ,45.0,7.667,5.0,6.867,GROWTH,live
2026-07-25T01:50:35.676955+00:00,หม้อทอดไร้น้ำมัน,31.0,3.444,3.444,3.444,INTRO,live
2026-07-25T01:50:35.676955+00:00,ที่ดูดฝุ่นไร้สาย,0.0,0.0,0.0,0.0,STABLE,live
2026-07-25T01:50:35.676955+00:00,เครื่องฟอกอากาศ,0.0,0.0,0.0,0.0,STABLE,live
2026-07-25T01:50:35.676955+00:00,ไฟ LED ติดผนัง,0.0,0.0,0.0,0.0,STABLE,live
2026-07-25T01:50:35.676955+00:00,กระเป๋าสะพาย,30.0,7.444,3.333,6.211,INTRO,live
2026-07-25T01:50:35.676955+00:00,รองเท้าผ้าใบ,24.0,5.222,2.667,4.456,INTRO,live
2026-07-25T01:50:35.676955+00:00,เสื้อโอเวอร์ไซส์,0.0,0.0,0.0,0.0,STABLE,live
2026-07-25T01:50:35.676955+00:00,กางเกงขายาวทรงสวย,0.0,0.0,0.0,0.0,STABLE,live
2026-07-25T01:50:35.676955+00:00,เดรสออกงาน,0.0,0.0,0.0,0.0,STABLE,live
2026-07-25T05:35:26.978426+00:00,น้ำหอมติดทน,0.0,2.778,0.0,1.944,INTRO,live
2026-07-25T05:35:26.978426+00:00,ลิปเปลี่ยนสี,0.0,0.0,0.0,0.0,STABLE,live
2026-07-25T05:35:26.978426+00:00,ครีมกันแดดโกลว์,0.0,0.0,0.0,0.0,STABLE,live
2026-07-25T05:35:26.978426+00:00,เซรั่มหน้าใส,0.0,0.0,0.0,0.0,STABLE,live
2026-07-25T05:35:26.978426+00:00,คอนซีลเลอร์,0.0,0.0,0.0,0.0,STABLE,live
2026-07-25T05:35:26.978426+00:00,โพรไบโอติก,0.0,2.444,0.0,1.711,INTRO,live
2026-07-25T05:35:26.978426+00:00,ขนมเกาหลี,0.0,0.0,0.0,0.0,STABLE,live
2026-07-25T05:35:26.978426+00:00,กาแฟลดน้ำหนัก,0.0,0.0,0.0,0.0,STABLE,live
2026-07-25T05:35:26.978426+00:00,วิตามินผิว,26.0,0.556,-1.556,-0.078,INTRO,live
2026-07-25T05:35:26.978426+00:00,คอลลาเจน,61.0,-4.222,-2.667,-3.756,DECLINE,live
2026-07-25T05:35:26.978426+00:00,เครื่องฟอกอากาศ,49.0,8.0,-0.111,5.567,PEAK,live
2026-07-25T05:35:26.978426+00:00,เครื่องชงกาแฟ,42.0,6.222,-2.444,3.622,PEAK,live
2026-07-25T05:35:26.978426+00:00,ที่ดูดฝุ่นไร้สาย,0.0,0.0,0.0,0.0,STABLE,live
2026-07-25T05:35:26.978426+00:00,ไฟ LED ติดผนัง,0.0,0.0,0.0,0.0,STABLE,live
2026-07-25T05:35:26.978426+00:00,หม้อทอดไร้น้ำมัน,0.0,-1.111,-6.0,-2.578,DECLINE,live
2026-07-25T05:35:26.978426+00:00,รองเท้าผ้าใบ,48.0,4.667,-7.556,1.0,PEAK,live
2026-07-25T05:35:26.978426+00:00,เสื้อโอเวอร์ไซส์,0.0,0.0,0.0,0.0,STABLE,live
2026-07-25T05:35:26.978426+00:00,กางเกงขายาวทรงสวย,0.0,0.0,0.0,0.0,STABLE,live
2026-07-25T05:35:26.978426+00:00,เดรสออกงาน,0.0,0.0,0.0,0.0,STABLE,live
2026-07-25T05:35:26.978426+00:00,กระเป๋าสะพาย,35.0,0.444,-5.667,-1.389,PEAK,live
2026-07-25T07:51:30.406343+00:00,คอนซีลเลอร์,0.0,3.444,0.0,2.411,INTRO,live
2026-07-25T07:51:30.406343+00:00,น้ำหอมติดทน,0.0,0.0,5.444,1.633,STABLE,live
2026-07-25T07:51:30.406343+00:00,ลิปเปลี่ยนสี,0.0,0.0,0.0,0.0,STABLE,live
2026-07-25T07:51:30.406343+00:00,ครีมกันแดดโกลว์,0.0,0.0,0.0,0.0,STABLE,live
2026-07-25T07:51:30.406343+00:00,เซรั่มหน้าใส,0.0,0.0,0.0,0.0,STABLE,live
2026-07-25T07:51:30.406343+00:00,คอลลาเจน,28.49,0.174,-0.264,0.043,STABLE,simulate_fallback
2026-07-25T07:51:30.406343+00:00,กาแฟลดน้ำหนัก,28.64,0.12,-0.23,0.015,STABLE,simulate_fallback
2026-07-25T07:51:30.406343+00:00,วิตามินผิว,29.5,-0.735,0.151,-0.469,DECLINE,simulate_fallback
2026-07-25T07:51:30.406343+00:00,ขนมเกาหลี,29.05,-1.005,0.216,-0.639,DECLINE,simulate_fallback
2026-07-25T07:51:30.406343+00:00,โพรไบโอติก,27.53,-1.339,-0.345,-1.041,DECLINE,simulate_fallback
2026-07-25T07:51:30.406343+00:00,เครื่องชงกาแฟ,75.0,4.444,4.556,4.478,GROWTH,live
2026-07-25T07:51:30.406343+00:00,เครื่องฟอกอากาศ,42.0,2.889,3.222,2.989,GROWTH,live
2026-07-25T07:51:30.406343+00:00,ที่ดูดฝุ่นไร้สาย,0.0,0.0,0.0,0.0,STABLE,live
2026-07-25T07:51:30.406343+00:00,ไฟ LED ติดผนัง,0.0,0.0,0.0,0.0,STABLE,live
2026-07-25T07:51:30.406343+00:00,หม้อทอดไร้น้ำมัน,30.0,-3.778,-1.667,-3.144,DECLINE,live
2026-07-25T07:51:30.406343+00:00,เสื้อโอเวอร์ไซส์,0.0,0.0,0.0,0.0,STABLE,live
2026-07-25T07:51:30.406343+00:00,กางเกงขายาวทรงสวย,0.0,0.0,0.0,0.0,STABLE,live
2026-07-25T07:51:30.406343+00:00,เดรสออกงาน,0.0,0.0,0.0,0.0,STABLE,live
2026-07-25T07:51:30.406343+00:00,กระเป๋าสะพาย,55.0,0.0,-1.111,-0.333,STABLE,live
2026-07-25T07:51:30.406343+00:00,รองเท้าผ้าใบ,66.0,-1.0,-3.111,-1.633,DECLINE,live
2026-07-25T10:20:40.070787+00:00,ลิปเปลี่ยนสี,0.0,0.0,0.0,0.0,STABLE,live
2026-07-25T10:20:40.070787+00:00,ครีมกันแดดโกลว์,0.0,0.0,0.0,0.0,STABLE,live
2026-07-25T10:20:40.070787+00:00,เซรั่มหน้าใส,0.0,0.0,0.0,0.0,STABLE,live
2026-07-25T10:20:40.070787+00:00,น้ำหอมติดทน,0.0,0.0,0.0,0.0,STABLE,live
2026-07-25T10:20:40.070787+00:00,คอนซีลเลอร์,0.0,-1.667,0.0,-1.167,DECLINE,live
2026-07-25T10:20:40.070787+00:00,คอลลาเจน,45.0,1.0,1.778,1.233,GROWTH,live
2026-07-25T10:20:40.070787+00:00,ขนมเกาหลี,0.0,0.0,0.0,0.0,STABLE,live
2026-07-25T10:20:40.070787+00:00,กาแฟลดน้ำหนัก,0.0,0.0,0.0,0.0,STABLE,live
2026-07-25T10:20:40.070787+00:00,วิตามินผิว,0.0,0.111,-1.889,-0.489,STABLE,live
2026-07-25T10:20:40.070787+00:00,โพรไบโอติก,0.0,-2.333,-1.444,-2.067,DECLINE,live
2026-07-25T10:20:40.070787+00:00,เครื่องชงกาแฟ,34.0,0.889,-1.778,0.089,INTRO,live
2026-07-25T10:20:40.070787+00:00,ที่ดูดฝุ่นไร้สาย,0.0,0.0,0.0,0.0,STABLE,live
2026-07-25T10:20:40.070787+00:00,ไฟ LED ติดผนัง,0.0,0.0,0.0,0.0,STABLE,live
2026-07-25T10:20:40.070787+00:00,หม้อทอดไร้น้ำมัน,0.0,-1.556,-1.667,-1.589,DECLINE,live
2026-07-25T10:20:40.070787+00:00,เครื่องฟอกอากาศ,0.0,-2.333,-2.889,-2.5,DECLINE,live
2026-07-25T10:20:40.070787+00:00,เสื้อโอเวอร์ไซส์,0.0,0.0,0.0,0.0,STABLE,live
2026-07-25T10:20:40.070787+00:00,กางเกงขายาวทรงสวย,0.0,0.0,0.0,0.0,STABLE,live
2026-07-25T10:20:40.070787+00:00,เดรสออกงาน,0.0,0.0,0.0,0.0,STABLE,live
2026-07-25T10:20:40.070787+00:00,รองเท้าผ้าใบ,58.0,-2.444,-0.333,-1.811,DECLINE,live
2026-07-25T10:20:40.070787+00:00,กระเป๋าสะพาย,0.0,-4.667,-5.556,-4.933,DECLINE,live
2026-07-25T13:02:51.130454+00:00,ลิปเปลี่ยนสี,0.0,0.0,0.0,0.0,STABLE,live
2026-07-25T13:02:51.130454+00:00,ครีมกันแดดโกลว์,0.0,0.0,0.0,0.0,STABLE,live
2026-07-25T13:02:51.130454+00:00,เซรั่มหน้าใส,0.0,0.0,0.0,0.0,STABLE,live
2026-07-25T13:02:51.130454+00:00,น้ำหอมติดทน,0.0,0.0,0.0,0.0,STABLE,live
2026-07-25T13:02:51.130454+00:00,คอนซีลเลอร์,0.0,-6.556,-4.333,-5.889,DECLINE,live
2026-07-25T13:02:51.130454+00:00,โพรไบโอติก,0.0,0.778,-1.0,0.244,INTRO,live
2026-07-25T13:02:51.130454+00:00,ขนมเกาหลี,0.0,0.0,0.0,0.0,STABLE,live
2026-07-25T13:02:51.130454+00:00,กาแฟลดน้ำหนัก,0.0,0.0,0.0,0.0,STABLE,live
2026-07-25T13:02:51.130454+00:00,วิตามินผิว,0.0,-1.444,-3.556,-2.078,DECLINE,live
2026-07-25T13:02:51.130454+00:00,คอลลาเจน,0.0,-7.333,-7.0,-7.233,DECLINE,live
2026-07-25T13:02:51.130454+00:00,ที่ดูดฝุ่นไร้สาย,0.0,0.0,0.0,0.0,STABLE,live
2026-07-25T13:02:51.130454+00:00,ไฟ LED ติดผนัง,0.0,0.0,0.0,0.0,STABLE,live
2026-07-25T13:02:51.130454+00:00,เครื่องฟอกอากาศ,0.0,-2.111,-4.333,-2.778,DECLINE,live
2026-07-25T13:02:51.130454+00:00,หม้อทอดไร้น้ำมัน,0.0,-1.556,-6.667,-3.089,DECLINE,live
2026-07-25T13:02:51.130454+00:00,เครื่องชงกาแฟ,0.0,-7.333,-1.556,-5.6,DECLINE,live
2026-07-25T13:02:51.130454+00:00,เสื้อโอเวอร์ไซส์,0.0,0.0,0.0,0.0,STABLE,live
2026-07-25T13:02:51.130454+00:00,กางเกงขายาวทรงสวย,0.0,0.0,0.0,0.0,STABLE,live
2026-07-25T13:02:51.130454+00:00,เดรสออกงาน,0.0,0.0,0.0,0.0,STABLE,live
2026-07-25T13:02:51.130454+00:00,กระเป๋าสะพาย,0.0,-3.778,-5.778,-4.378,DECLINE,live
2026-07-25T13:02:51.130454+00:00,รองเท้าผ้าใบ,0.0,-9.111,-5.556,-8.044,DECLINE,live
2026-07-25T15:57:18.156288+00:00,คอนซีลเลอร์,0.0,1.778,3.222,2.211,INTRO,live
2026-07-25T15:57:18.156288+00:00,ลิปเปลี่ยนสี,0.0,0.0,0.0,0.0,STABLE,live
2026-07-25T15:57:18.156288+00:00,ครีมกันแดดโกลว์,0.0,0.0,0.0,0.0,STABLE,live
2026-07-25T15:57:18.156288+00:00,เซรั่มหน้าใส,0.0,0.0,0.0,0.0,STABLE,live
2026-07-25T15:57:18.156288+00:00,น้ำหอมติดทน,0.0,0.0,0.0,0.0,STABLE,live
2026-07-25T15:57:18.156288+00:00,กาแฟลดน้ำหนัก,0.0,1.778,0.0,1.244,INTRO,live
2026-07-25T15:57:18.156288+00:00,คอลลาเจน,42.0,0.556,-0.556,0.222,PEAK,live
2026-07-25T15:57:18.156288+00:00,ขนมเกาหลี,0.0,0.0,0.0,0.0,STABLE,live
2026-07-25T15:57:18.156288+00:00,โพรไบโอติก,0.0,-2.111,-2.778,-2.311,DECLINE,live
2026-07-25T15:57:18.156288+00:00,วิตามินผิว,0.0,-6.667,-5.444,-6.3,DECLINE,live
2026-07-25T15:57:18.156288+00:00,เครื่องฟอกอากาศ,51.0,1.333,1.444,1.367,GROWTH,live
2026-07-25T15:57:18.156288+00:00,ที่ดูดฝุ่นไร้สาย,0.0,0.0,0.0,0.0,STABLE,live
2026-07-25T15:57:18.156288+00:00,ไฟ LED ติดผนัง,0.0,0.0,0.0,0.0,STABLE,live
2026-07-25T15:57:18.156288+00:00,เครื่องชงกาแฟ,31.0,-2.444,1.889,-1.144,DECLINE,live
2026-07-25T15:57:18.156288+00:00,หม้อทอดไร้น้ำมัน,0.0,-7.333,-2.222,-5.8,DECLINE,live
2026-07-25T15:57:18.156288+00:00,เสื้อโอเวอร์ไซส์,0.0,0.0,0.0,0.0,STABLE,live
2026-07-25T15:57:18.156288+00:00,กางเกงขายาวทรงสวย,0.0,0.0,0.0,0.0,STABLE,live
2026-07-25T15:57:18.156288+00:00,เดรสออกงาน,0.0,0.0,0.0,0.0,STABLE,live
2026-07-25T15:57:18.156288+00:00,กระเป๋าสะพาย,55.0,-1.333,1.111,-0.6,DECLINE,live
2026-07-25T15:57:18.156288+00:00,รองเท้าผ้าใบ,57.0,-1.0,-0.778,-0.933,DECLINE,live
2026-07-25T18:53:55.441845+00:00,ลิปเปลี่ยนสี,0.0,0.0,0.0,0.0,STABLE,live
2026-07-25T18:53:55.441845+00:00,ครีมกันแดดโกลว์,0.0,0.0,0.0,0.0,STABLE,live
2026-07-25T18:53:55.441845+00:00,เซรั่มหน้าใส,0.0,0.0,0.0,0.0,STABLE,live
2026-07-25T18:53:55.441845+00:00,น้ำหอมติดทน,0.0,0.0,0.0,0.0,STABLE,live
2026-07-25T18:53:55.441845+00:00,คอนซีลเลอร์,0.0,-1.444,0.0,-1.011,DECLINE,live
2026-07-25T18:53:55.441845+00:00,วิตามินผิว,0.0,0.0,0.0,0.0,STABLE,live
2026-07-25T18:53:55.441845+00:00,ขนมเกาหลี,0.0,0.0,0.0,0.0,STABLE,live
2026-07-25T18:53:55.441845+00:00,กาแฟลดน้ำหนัก,0.0,0.0,0.0,0.0,STABLE,live
2026-07-25T18:53:55.441845+00:00,คอลลาเจน,44.0,-0.222,-0.444,-0.289,STABLE,live
2026-07-25T18:53:55.441845+00:00,โพรไบโอติก,0.0,-4.667,-3.0,-4.167,DECLINE,live
2026-07-25T18:53:55.441845+00:00,ที่ดูดฝุ่นไร้สาย,0.0,0.0,0.0,0.0,STABLE,live
2026-07-25T18:53:55.441845+00:00,ไฟ LED ติดผนัง,0.0,0.0,0.0,0.0,STABLE,live
2026-07-25T18:53:55.441845+00:00,เครื่องชงกาแฟ,0.0,-4.444,-2.444,-3.844,DECLINE,live
2026-07-25T18:53:55.441845+00:00,หม้อทอดไร้น้ำมัน,0.0,-5.444,-1.333,-4.211,DECLINE,live
2026-07-25T18:53:55.441845+00:00,เครื่องฟอกอากาศ,0.0,-7.0,-4.778,-6.333,DECLINE,live
2026-07-25T18:53:55.441845+00:00,รองเท้าผ้าใบ,59.0,0.889,4.222,1.889,GROWTH,live
2026-07-25T18:53:55.441845+00:00,เสื้อโอเวอร์ไซส์,0.0,0.0,0.0,0.0,STABLE,live
2026-07-25T18:53:55.441845+00:00,กางเกงขายาวทรงสวย,0.0,0.0,0.0,0.0,STABLE,live
2026-07-25T18:53:55.441845+00:00,เดรสออกงาน,0.0,0.0,0.0,0.0,STABLE,live
2026-07-25T18:53:55.441845+00:00,กระเป๋าสะพาย,35.0,-0.667,1.0,-0.167,DECLINE,live
2026-07-25T21:44:32.753402+00:00,ครีมกันแดดโกลว์,32.15,0.607,-0.154,0.379,INTRO,simulate_fallback
2026-07-25T21:44:32.753402+00:00,เซรั่มหน้าใส,30.83,0.319,0.506,0.375,INTRO,simulate_fallback
2026-07-25T21:44:32.753402+00:00,น้ำหอมติดทน,30.09,0.229,-0.633,-0.029,STABLE,simulate_fallback
2026-07-25T21:44:32.753402+00:00,ลิปเปลี่ยนสี,28.12,0.025,-0.237,-0.054,STABLE,simulate_fallback
2026-07-25T21:44:32.753402+00:00,คอนซีลเลอร์,27.64,-0.503,0.131,-0.313,DECLINE,simulate_fallback
2026-07-25T21:44:32.753402+00:00,วิตามินผิว,0.0,0.0,0.0,0.0,STABLE,live
2026-07-25T21:44:32.753402+00:00,ขนมเกาหลี,0.0,0.0,0.0,0.0,STABLE,live
2026-07-25T21:44:32.753402+00:00,กาแฟลดน้ำหนัก,0.0,0.0,0.0,0.0,STABLE,live
2026-07-25T21:44:32.753402+00:00,โพรไบโอติก,0.0,-2.889,0.0,-2.022,DECLINE,live
2026-07-25T21:44:32.753402+00:00,คอลลาเจน,0.0,-6.0,4.889,-2.733,DECLINE,live
2026-07-25T21:44:32.753402+00:00,ที่ดูดฝุ่นไร้สาย,0.0,0.0,0.0,0.0,STABLE,live
2026-07-25T21:44:32.753402+00:00,หม้อทอดไร้น้ำมัน,0.0,0.0,0.0,0.0,STABLE,live
2026-07-25T21:44:32.753402+00:00,ไฟ LED ติดผนัง,0.0,0.0,0.0,0.0,STABLE,live
2026-07-25T21:44:32.753402+00:00,เครื่องฟอกอากาศ,0.0,-2.0,3.889,-0.233,DECLINE,live
2026-07-25T21:44:32.753402+00:00,เครื่องชงกาแฟ,0.0,-6.222,2.222,-3.689,DECLINE,live
2026-07-25T21:44:32.753402+00:00,เสื้อโอเวอร์ไซส์,0.0,0.0,0.0,0.0,STABLE,live
2026-07-25T21:44:32.753402+00:00,กางเกงขายาวทรงสวย,0.0,0.0,0.0,0.0,STABLE,live
2026-07-25T21:44:32.753402+00:00,เดรสออกงาน,0.0,0.0,0.0,0.0,STABLE,live
2026-07-25T21:44:32.753402+00:00,กระเป๋าสะพาย,0.0,-9.889,-7.778,-9.256,DECLINE,live
2026-07-25T21:44:32.753402+00:00,รองเท้าผ้าใบ,0.0,-17.667,-9.333,-15.167,DECLINE,live
2026-07-26T01:53:54.378582+00:00,ลิปเปลี่ยนสี,0.0,0.0,0.0,0.0,STABLE,live
2026-07-26T01:53:54.378582+00:00,ครีมกันแดดโกลว์,0.0,0.0,0.0,0.0,STABLE,live
2026-07-26T01:53:54.378582+00:00,เซรั่มหน้าใส,0.0,0.0,0.0,0.0,STABLE,live
2026-07-26T01:53:54.378582+00:00,น้ำหอมติดทน,0.0,0.0,0.0,0.0,STABLE,live
2026-07-26T01:53:54.378582+00:00,คอนซีลเลอร์,0.0,0.0,0.0,0.0,STABLE,live
2026-07-26T01:53:54.378582+00:00,คอลลาเจน,70.0,20.556,7.778,16.722,GROWTH,live
2026-07-26T01:53:54.378582+00:00,โพรไบโอติก,33.0,3.667,3.667,3.667,INTRO,live
2026-07-26T01:53:54.378582+00:00,วิตามินผิว,0.0,0.0,0.0,0.0,STABLE,live
2026-07-26T01:53:54.378582+00:00,ขนมเกาหลี,0.0,0.0,0.0,0.0,STABLE,live
2026-07-26T01:53:54.378582+00:00,กาแฟลดน้ำหนัก,0.0,0.0,0.0,0.0,STABLE,live
2026-07-26T01:53:54.378582+00:00,เครื่องชงกาแฟ,37.0,10.444,4.111,8.544,GROWTH,live
2026-07-26T01:53:54.378582+00:00,เครื่องฟอกอากาศ,0.0,2.444,0.0,1.711,INTRO,live
2026-07-26T01:53:54.378582+00:00,ที่ดูดฝุ่นไร้สาย,0.0,0.0,0.0,0.0,STABLE,live
2026-07-26T01:53:54.378582+00:00,หม้อทอดไร้น้ำมัน,0.0,0.0,0.0,0.0,STABLE,live
2026-07-26T01:53:54.378582+00:00,ไฟ LED ติดผนัง,0.0,0.0,0.0,0.0,STABLE,live
2026-07-26T01:53:54.378582+00:00,กระเป๋าสะพาย,53.0,15.556,5.889,12.656,GROWTH,live
2026-07-26T01:53:54.378582+00:00,รองเท้าผ้าใบ,43.0,9.556,4.778,8.122,GROWTH,live
2026-07-26T01:53:54.378582+00:00,เสื้อโอเวอร์ไซส์,0.0,0.0,0.0,0.0,STABLE,live
2026-07-26T01:53:54.378582+00:00,กางเกงขายาวทรงสวย,0.0,0.0,0.0,0.0,STABLE,live
2026-07-26T01:53:54.378582+00:00,เดรสออกงาน,0.0,0.0,0.0,0.0,STABLE,live
2026-07-26T05:51:27.328985+00:00,ลิปเปลี่ยนสี,0.0,0.0,0.0,0.0,STABLE,live
2026-07-26T05:51:27.328985+00:00,ครีมกันแดดโกลว์,0.0,0.0,0.0,0.0,STABLE,live
2026-07-26T05:51:27.328985+00:00,เซรั่มหน้าใส,0.0,0.0,0.0,0.0,STABLE,live
2026-07-26T05:51:27.328985+00:00,น้ำหอมติดทน,0.0,0.0,0.0,0.0,STABLE,live
2026-07-26T05:51:27.328985+00:00,คอนซีลเลอร์,0.0,0.0,0.0,0.0,STABLE,live
2026-07-26T05:51:27.328985+00:00,วิตามินผิว,18.0,6.222,2.0,4.956,INTRO,live
2026-07-26T05:51:27.328985+00:00,ขนมเกาหลี,17.0,1.889,1.889,1.889,INTRO,live
2026-07-26T05:51:27.328985+00:00,กาแฟลดน้ำหนัก,0.0,0.0,0.0,0.0,STABLE,live
2026-07-26T05:51:27.328985+00:00,โพรไบโอติก,25.0,-0.667,-1.667,-0.967,DECLINE,live
2026-07-26T05:51:27.328985+00:00,คอลลาเจน,73.0,-1.889,-0.444,-1.456,DECLINE,live
2026-07-26T05:51:27.328985+00:00,หม้อทอดไร้น้ำมัน,18.0,1.778,-1.333,0.844,INTRO,live
2026-07-26T05:51:27.328985+00:00,ที่ดูดฝุ่นไร้สาย,0.0,0.0,0.0,0.0,STABLE,live
2026-07-26T05:51:27.328985+00:00,ไฟ LED ติดผนัง,0.0,0.0,0.0,0.0,STABLE,live
2026-07-26T05:51:27.328985+00:00,เครื่องฟอกอากาศ,21.0,-0.222,-1.0,-0.456,STABLE,live
2026-07-26T05:51:27.328985+00:00,เครื่องชงกาแฟ,22.0,-0.889,-3.111,-1.556,DECLINE,live
2026-07-26T05:51:27.328985+00:00,รองเท้าผ้าใบ,77.0,10.111,3.222,8.044,GROWTH,live
2026-07-26T05:51:27.328985+00:00,เสื้อโอเวอร์ไซส์,0.0,2.222,0.0,1.556,INTRO,live
2026-07-26T05:51:27.328985+00:00,กระเป๋าสะพาย,49.0,4.333,-6.111,1.2,PEAK,live
2026-07-26T05:51:27.328985+00:00,กางเกงขายาวทรงสวย,0.0,0.0,0.0,0.0,STABLE,live
2026-07-26T05:51:27.328985+00:00,เดรสออกงาน,0.0,0.0,0.0,0.0,STABLE,live
2026-07-26T08:09:28.383135+00:00,ลิปเปลี่ยนสี,0.0,0.0,0.0,0.0,STABLE,live
2026-07-26T08:09:28.383135+00:00,ครีมกันแดดโกลว์,0.0,0.0,0.0,0.0,STABLE,live
2026-07-26T08:09:28.383135+00:00,เซรั่มหน้าใส,0.0,0.0,0.0,0.0,STABLE,live
2026-07-26T08:09:28.383135+00:00,น้ำหอมติดทน,0.0,0.0,0.0,0.0,STABLE,live
2026-07-26T08:09:28.383135+00:00,คอนซีลเลอร์,0.0,-4.444,-3.111,-4.044,DECLINE,live
2026-07-26T08:09:28.383135+00:00,ขนมเกาหลี,0.0,1.667,0.0,1.167,INTRO,live
2026-07-26T08:09:28.383135+00:00,กาแฟลดน้ำหนัก,0.0,0.0,0.0,0.0,STABLE,live
2026-07-26T08:09:28.383135+00:00,โพรไบโอติก,0.0,-1.778,-2.667,-2.044,DECLINE,live
2026-07-26T08:09:28.383135+00:00,วิตามินผิว,0.0,-1.667,-4.222,-2.433,DECLINE,live
2026-07-26T08:09:28.383135+00:00,คอลลาเจน,0.0,-8.111,-8.778,-8.311,DECLINE,live
2026-07-26T08:09:28.383135+00:00,หม้อทอดไร้น้ำมัน,31.25,0.82,0.45,0.709,INTRO,simulate_fallback
2026-07-26T08:09:28.383135+00:00,เครื่องชงกาแฟ,28.52,-0.123,0.417,0.039,STABLE,simulate_fallback
2026-07-26T08:09:28.383135+00:00,ไฟ LED ติดผนัง,31.39,-0.126,0.217,-0.023,STABLE,simulate_fallback
2026-07-26T08:09:28.383135+00:00,เครื่องฟอกอากาศ,28.14,-0.203,0.389,-0.026,STABLE,simulate_fallback
2026-07-26T08:09:28.383135+00:00,ที่ดูดฝุ่นไร้สาย,31.76,-0.347,-0.721,-0.459,DECLINE,simulate_fallback
2026-07-26T08:09:28.383135+00:00,กระเป๋าสะพาย,76.0,3.778,5.333,4.244,GROWTH,live
2026-07-26T08:09:28.383135+00:00,เสื้อโอเวอร์ไซส์,0.0,0.0,0.0,0.0,STABLE,live
2026-07-26T08:09:28.383135+00:00,กางเกงขายาวทรงสวย,0.0,0.0,0.0,0.0,STABLE,live
2026-07-26T08:09:28.383135+00:00,เดรสออกงาน,0.0,0.0,0.0,0.0,STABLE,live
2026-07-26T08:09:28.383135+00:00,รองเท้าผ้าใบ,64.0,1.0,-4.222,-0.567,PEAK,live
2026-07-26T10:29:45.927440+00:00,ลิปเปลี่ยนสี,0.0,0.0,0.0,0.0,STABLE,live
2026-07-26T10:29:45.927440+00:00,ครีมกันแดดโกลว์,0.0,0.0,0.0,0.0,STABLE,live
2026-07-26T10:29:45.927440+00:00,เซรั่มหน้าใส,0.0,0.0,0.0,0.0,STABLE,live
2026-07-26T10:29:45.927440+00:00,น้ำหอมติดทน,0.0,0.0,0.0,0.0,STABLE,live
2026-07-26T10:29:45.927440+00:00,คอนซีลเลอร์,0.0,-2.444,2.0,-1.111,DECLINE,live
2026-07-26T10:29:45.927440+00:00,ขนมเกาหลี,0.0,0.0,0.0,0.0,STABLE,live
2026-07-26T10:29:45.927440+00:00,กาแฟลดน้ำหนัก,0.0,0.0,0.0,0.0,STABLE,live
2026-07-26T10:29:45.927440+00:00,วิตามินผิว,0.0,-0.111,0.0,-0.078,STABLE,live
2026-07-26T10:29:45.927440+00:00,โพรไบโอติก,0.0,-0.444,0.0,-0.311,DECLINE,live
2026-07-26T10:29:45.927440+00:00,คอลลาเจน,43.0,-5.667,-3.111,-4.9,DECLINE,live
2026-07-26T10:29:45.927440+00:00,หม้อทอดไร้น้ำมัน,37.0,4.0,7.778,5.133,GROWTH,live
2026-07-26T10:29:45.927440+00:00,ไฟ LED ติดผนัง,0.0,1.778,0.0,1.244,INTRO,live
2026-07-26T10:29:45.927440+00:00,ที่ดูดฝุ่นไร้สาย,0.0,0.0,0.0,0.0,STABLE,live
2026-07-26T10:29:45.927440+00:00,เครื่องชงกาแฟ,43.0,0.444,-1.778,-0.222,PEAK,live
2026-07-26T10:29:45.927440+00:00,เครื่องฟอกอากาศ,0.0,-2.333,-6.222,-3.5,DECLINE,live
2026-07-26T10:29:45.927440+00:00,เดรสออกงาน,32.0,0.576,0.708,0.615,INTRO,simulate_fallback
2026-07-26T10:29:45.927440+00:00,รองเท้าผ้าใบ,30.19,0.473,0.596,0.51,INTRO,simulate_fallback
2026-07-26T10:29:45.927440+00:00,เสื้อโอเวอร์ไซส์,30.86,0.654,-0.058,0.441,INTRO,simulate_fallback
2026-07-26T10:29:45.927440+00:00,กางเกงขายาวทรงสวย,30.05,0.24,0.587,0.344,STABLE,simulate_fallback
2026-07-26T10:29:45.927440+00:00,กระเป๋าสะพาย,29.98,-0.375,-0.742,-0.485,DECLINE,simulate_fallback
2026-07-26T12:59:19.462369+00:00,คอนซีลเลอร์,30.96,0.303,0.207,0.274,INTRO,simulate_fallback
2026-07-26T12:59:19.462369+00:00,ครีมกันแดดโกลว์,30.44,0.243,-0.355,0.064,STABLE,simulate_fallback
2026-07-26T12:59:19.462369+00:00,เซรั่มหน้าใส,28.09,-0.336,-0.208,-0.298,DECLINE,simulate_fallback
2026-07-26T12:59:19.462369+00:00,น้ำหอมติดทน,27.7,-0.344,-0.88,-0.505,DECLINE,simulate_fallback
2026-07-26T12:59:19.462369+00:00,ลิปเปลี่ยนสี,27.69,-0.79,-0.759,-0.781,DECLINE,simulate_fallback
2026-07-26T12:59:19.462369+00:00,โพรไบโอติก,28.49,0.387,0.633,0.461,INTRO,simulate_fallback
2026-07-26T12:59:19.462369+00:00,กาแฟลดน้ำหนัก,31.68,0.229,0.098,0.19,STABLE,simulate_fallback
2026-07-26T12:59:19.462369+00:00,คอลลาเจน,29.88,-0.136,0.283,-0.01,STABLE,simulate_fallback
2026-07-26T12:59:19.462369+00:00,ขนมเกาหลี,28.44,0.182,-0.747,-0.097,STABLE,simulate_fallback
2026-07-26T12:59:19.462369+00:00,วิตามินผิว,31.68,-0.322,-0.09,-0.252,DECLINE,simulate_fallback
2026-07-26T12:59:19.462369+00:00,หม้อทอดไร้น้ำมัน,32.94,0.376,0.662,0.462,INTRO,simulate_fallback
2026-07-26T12:59:19.462369+00:00,เครื่องชงกาแฟ,30.31,-0.058,0.087,-0.015,STABLE,simulate_fallback
2026-07-26T12:59:19.462369+00:00,ไฟ LED ติดผนัง,29.57,-0.372,-0.1,-0.29,DECLINE,simulate_fallback
2026-07-26T12:59:19.462369+00:00,เครื่องฟอกอากาศ,28.27,-0.322,-0.586,-0.401,DECLINE,simulate_fallback
2026-07-26T12:59:19.462369+00:00,ที่ดูดฝุ่นไร้สาย,27.36,-0.514,-0.622,-0.547,DECLINE,simulate_fallback
2026-07-26T12:59:19.462369+00:00,เดรสออกงาน,29.17,-0.201,0.036,-0.13,STABLE,simulate_fallback
2026-07-26T12:59:19.462369+00:00,เสื้อโอเวอร์ไซส์,31.78,-0.547,0.749,-0.158,DECLINE,simulate_fallback
2026-07-26T12:59:19.462369+00:00,กางเกงขายาวทรงสวย,31.51,-0.366,0.164,-0.207,DECLINE,simulate_fallback
2026-07-26T12:59:19.462369+00:00,รองเท้าผ้าใบ,28.38,-0.217,-0.333,-0.252,STABLE,simulate_fallback
2026-07-26T12:59:19.462369+00:00,กระเป๋าสะพาย,30.25,-0.582,-0.104,-0.439,DECLINE,simulate_fallback
2026-07-26T15:55:40.598478+00:00,ครีมกันแดดโกลว์,30.66,-0.058,0.173,0.012,STABLE,simulate_fallback
2026-07-26T15:55:40.598478+00:00,น้ำหอมติดทน,30.62,0.127,-0.629,-0.1,STABLE,simulate_fallback
2026-07-26T15:55:40.598478+00:00,เซรั่มหน้าใส,30.81,-0.157,-0.114,-0.144,STABLE,simulate_fallback
2026-07-26T15:55:40.598478+00:00,คอนซีลเลอร์,28.09,-0.425,-0.514,-0.452,DECLINE,simulate_fallback
2026-07-26T15:55:40.598478+00:00,ลิปเปลี่ยนสี,30.04,-0.82,-0.45,-0.709,DECLINE,simulate_fallback
2026-07-26T15:55:40.598478+00:00,โพรไบโอติก,17.0,6.111,3.889,5.444,INTRO,live
2026-07-26T15:55:40.598478+00:00,คอลลาเจน,49.0,1.667,2.667,1.967,GROWTH,live
2026-07-26T15:55:40.598478+00:00,กาแฟลดน้ำหนัก,0.0,1.222,0.0,0.856,INTRO,live
2026-07-26T15:55:40.598478+00:00,ขนมเกาหลี,0.0,0.0,0.0,0.0,STABLE,live
2026-07-26T15:55:40.598478+00:00,วิตามินผิว,0.0,-0.778,0.0,-0.544,DECLINE,live
2026-07-26T15:55:40.598478+00:00,ที่ดูดฝุ่นไร้สาย,30.4,0.362,0.642,0.446,INTRO,simulate_fallback
2026-07-26T15:55:40.598478+00:00,หม้อทอดไร้น้ำมัน,29.55,0.513,0.112,0.393,INTRO,simulate_fallback
2026-07-26T15:55:40.598478+00:00,เครื่องชงกาแฟ,29.6,0.374,0.325,0.359,INTRO,simulate_fallback
2026-07-26T15:55:40.598478+00:00,ไฟ LED ติดผนัง,28.93,0.03,0.223,0.088,STABLE,simulate_fallback
2026-07-26T15:55:40.598478+00:00,เครื่องฟอกอากาศ,29.22,-0.036,-0.135,-0.065,STABLE,simulate_fallback
2026-07-26T15:55:40.598478+00:00,เสื้อโอเวอร์ไซส์,0.0,0.0,0.0,0.0,STABLE,live
2026-07-26T15:55:40.598478+00:00,กางเกงขายาวทรงสวย,0.0,0.0,0.0,0.0,STABLE,live
2026-07-26T15:55:40.598478+00:00,เดรสออกงาน,0.0,0.0,0.0,0.0,STABLE,live
2026-07-26T15:55:40.598478+00:00,กระเป๋าสะพาย,49.0,0.111,-0.667,-0.122,STABLE,live
2026-07-26T15:55:40.598478+00:00,รองเท้าผ้าใบ,62.0,-0.667,0.222,-0.4,DECLINE,live
2026-07-26T18:57:46.599135+00:00,ลิปเปลี่ยนสี,0.0,0.0,0.0,0.0,STABLE,live
2026-07-26T18:57:46.599135+00:00,ครีมกันแดดโกลว์,0.0,0.0,0.0,0.0,STABLE,live
2026-07-26T18:57:46.599135+00:00,เซรั่มหน้าใส,0.0,0.0,0.0,0.0,STABLE,live
2026-07-26T18:57:46.599135+00:00,น้ำหอมติดทน,0.0,0.0,0.0,0.0,STABLE,live
2026-07-26T18:57:46.599135+00:00,คอนซีลเลอร์,0.0,0.0,0.0,0.0,STABLE,live
2026-07-26T18:57:46.599135+00:00,วิตามินผิว,0.0,0.0,2.333,0.7,STABLE,live
2026-07-26T18:57:46.599135+00:00,ขนมเกาหลี,0.0,0.0,0.0,0.0,STABLE,live
2026-07-26T18:57:46.599135+00:00,กาแฟลดน้ำหนัก,0.0,0.0,0.0,0.0,STABLE,live
2026-07-26T18:57:46.599135+00:00,คอลลาเจน,63.0,-0.556,-0.778,-0.622,DECLINE,live
2026-07-26T18:57:46.599135+00:00,โพรไบโอติก,0.0,-4.889,-3.0,-4.322,DECLINE,live
2026-07-26T18:57:46.599135+00:00,ที่ดูดฝุ่นไร้สาย,0.0,0.0,0.0,0.0,STABLE,live
2026-07-26T18:57:46.599135+00:00,ไฟ LED ติดผนัง,0.0,0.0,0.0,0.0,STABLE,live
2026-07-26T18:57:46.599135+00:00,เครื่องชงกาแฟ,0.0,-2.444,-2.667,-2.511,DECLINE,live
2026-07-26T18:57:46.599135+00:00,หม้อทอดไร้น้ำมัน,0.0,-8.111,-2.222,-6.344,DECLINE,live
2026-07-26T18:57:46.599135+00:00,เครื่องฟอกอากาศ,0.0,-8.556,-9.556,-8.856,DECLINE,live
2026-07-26T18:57:46.599135+00:00,เสื้อโอเวอร์ไซส์,0.0,0.0,0.0,0.0,STABLE,live
2026-07-26T18:57:46.599135+00:00,กางเกงขายาวทรงสวย,0.0,0.0,0.0,0.0,STABLE,live
2026-07-26T18:57:46.599135+00:00,เดรสออกงาน,0.0,0.0,0.0,0.0,STABLE,live
2026-07-26T18:57:46.599135+00:00,รองเท้าผ้าใบ,0.0,-6.778,-1.222,-5.111,DECLINE,live
2026-07-26T18:57:46.599135+00:00,กระเป๋าสะพาย,0.0,-8.444,-4.556,-7.278,DECLINE,live
2026-07-26T21:51:17.449298+00:00,คอนซีลเลอร์,0.0,0.0,1.778,0.533,STABLE,live
2026-07-26T21:51:17.449298+00:00,ลิปเปลี่ยนสี,0.0,0.0,0.0,0.0,STABLE,live
2026-07-26T21:51:17.449298+00:00,ครีมกันแดดโกลว์,0.0,0.0,0.0,0.0,STABLE,live
2026-07-26T21:51:17.449298+00:00,เซรั่มหน้าใส,0.0,0.0,0.0,0.0,STABLE,live
2026-07-26T21:51:17.449298+00:00,น้ำหอมติดทน,0.0,0.0,0.0,0.0,STABLE,live
2026-07-26T21:51:17.449298+00:00,วิตามินผิว,0.0,0.0,0.0,0.0,STABLE,live
2026-07-26T21:51:17.449298+00:00,ขนมเกาหลี,0.0,0.0,0.0,0.0,STABLE,live
2026-07-26T21:51:17.449298+00:00,กาแฟลดน้ำหนัก,0.0,0.0,0.0,0.0,STABLE,live
2026-07-26T21:51:17.449298+00:00,คอลลาเจน,0.0,-4.889,-1.667,-3.922,DECLINE,live
2026-07-26T21:51:17.449298+00:00,โพรไบโอติก,0.0,-6.778,1.889,-4.178,DECLINE,live
2026-07-26T21:51:17.449298+00:00,ที่ดูดฝุ่นไร้สาย,0.0,0.0,2.667,0.8,STABLE,live
2026-07-26T21:51:17.449298+00:00,หม้อทอดไร้น้ำมัน,0.0,0.0,2.556,0.767,STABLE,live
2026-07-26T21:51:17.449298+00:00,ไฟ LED ติดผนัง,0.0,0.0,0.0,0.0,STABLE,live
2026-07-26T21:51:17.449298+00:00,เครื่องชงกาแฟ,0.0,-5.778,3.889,-2.878,DECLINE,live
2026-07-26T21:51:17.449298+00:00,เครื่องฟอกอากาศ,0.0,-10.333,4.222,-5.967,DECLINE,live
2026-07-26T21:51:17.449298+00:00,กระเป๋าสะพาย,0.0,0.556,3.444,1.422,INTRO,live
2026-07-26T21:51:17.449298+00:00,เดรสออกงาน,0.0,0.0,1.444,0.433,STABLE,live
2026-07-26T21:51:17.449298+00:00,เสื้อโอเวอร์ไซส์,0.0,0.0,0.0,0.0,STABLE,live
2026-07-26T21:51:17.449298+00:00,กางเกงขายาวทรงสวย,0.0,0.0,0.0,0.0,STABLE,live
2026-07-26T21:51:17.449298+00:00,รองเท้าผ้าใบ,0.0,-6.889,3.333,-3.822,DECLINE,live
2026-07-27T02:01:38.352501+00:00,เซรั่มหน้าใส,28.8,0.281,0.237,0.268,STABLE,simulate_fallback
2026-07-27T02:01:38.352501+00:00,ครีมกันแดดโกลว์,30.07,0.026,-0.047,0.004,STABLE,simulate_fallback
2026-07-27T02:01:38.352501+00:00,ลิปเปลี่ยนสี,30.12,-0.31,-0.153,-0.263,DECLINE,simulate_fallback
2026-07-27T02:01:38.352501+00:00,น้ำหอมติดทน,31.39,-0.554,-0.468,-0.528,DECLINE,simulate_fallback
2026-07-27T02:01:38.352501+00:00,คอนซีลเลอร์,27.46,-0.542,-0.65,-0.574,DECLINE,simulate_fallback
2026-07-27T02:01:38.352501+00:00,คอลลาเจน,50.0,4.333,1.556,3.5,GROWTH,live
2026-07-27T02:01:38.352501+00:00,โพรไบโอติก,18.0,2.0,2.0,2.0,INTRO,live
2026-07-27T02:01:38.352501+00:00,วิตามินผิว,0.0,0.0,0.0,0.0,STABLE,live
2026-07-27T02:01:38.352501+00:00,ขนมเกาหลี,0.0,0.0,0.0,0.0,STABLE,live
2026-07-27T02:01:38.352501+00:00,กาแฟลดน้ำหนัก,0.0,0.0,0.0,0.0,STABLE,live
2026-07-27T02:01:38.352501+00:00,เครื่องชงกาแฟ,56.0,9.556,6.222,8.556,GROWTH,live
2026-07-27T02:01:38.352501+00:00,เครื่องฟอกอากาศ,23.0,2.556,2.556,2.556,INTRO,live
2026-07-27T02:01:38.352501+00:00,หม้อทอดไร้น้ำมัน,19.0,2.111,2.111,2.111,INTRO,live
2026-07-27T02:01:38.352501+00:00,ที่ดูดฝุ่นไร้สาย,0.0,0.0,0.0,0.0,STABLE,live
2026-07-27T02:01:38.352501+00:00,ไฟ LED ติดผนัง,0.0,0.0,0.0,0.0,STABLE,live
2026-07-27T02:01:38.352501+00:00,รองเท้าผ้าใบ,31.0,10.778,3.444,8.578,INTRO,live
2026-07-27T02:01:38.352501+00:00,กระเป๋าสะพาย,21.0,7.889,2.333,6.222,INTRO,live
2026-07-27T02:01:38.352501+00:00,เสื้อโอเวอร์ไซส์,0.0,0.0,0.0,0.0,STABLE,live
2026-07-27T02:01:38.352501+00:00,กางเกงขายาวทรงสวย,0.0,0.0,0.0,0.0,STABLE,live
2026-07-27T02:01:38.352501+00:00,เดรสออกงาน,0.0,0.0,0.0,0.0,STABLE,live
2026-07-27T06:18:09.172473+00:00,ลิปเปลี่ยนสี,30.32,0.479,0.807,0.577,INTRO,simulate_fallback
2026-07-27T06:18:09.172473+00:00,เซรั่มหน้าใส,30.69,0.312,0.306,0.31,INTRO,simulate_fallback
2026-07-27T06:18:09.172473+00:00,คอนซีลเลอร์,30.56,0.312,0.292,0.306,INTRO,simulate_fallback
2026-07-27T06:18:09.172473+00:00,น้ำหอมติดทน,29.62,-0.225,-0.221,-0.224,STABLE,simulate_fallback
2026-07-27T06:18:09.172473+00:00,ครีมกันแดดโกลว์,30.88,-0.096,-0.639,-0.259,STABLE,simulate_fallback
2026-07-27T06:18:09.172473+00:00,ขนมเกาหลี,30.06,0.44,0.371,0.419,INTRO,simulate_fallback
2026-07-27T06:18:09.172473+00:00,คอลลาเจน,31.29,0.27,0.473,0.331,STABLE,simulate_fallback
2026-07-27T06:18:09.172473+00:00,วิตามินผิว,30.87,0.352,-0.254,0.17,INTRO,simulate_fallback
2026-07-27T06:18:09.172473+00:00,โพรไบโอติก,27.91,-0.551,-0.989,-0.682,DECLINE,simulate_fallback
2026-07-27T06:18:09.172473+00:00,กาแฟลดน้ำหนัก,28.43,-0.788,-0.471,-0.693,DECLINE,simulate_fallback
2026-07-27T06:18:09.172473+00:00,หม้อทอดไร้น้ำมัน,27.27,0.349,-0.108,0.212,INTRO,simulate_fallback
2026-07-27T06:18:09.172473+00:00,ที่ดูดฝุ่นไร้สาย,32.42,0.083,0.445,0.192,STABLE,simulate_fallback
2026-07-27T06:18:09.172473+00:00,เครื่องชงกาแฟ,29.54,-0.204,0.295,-0.054,STABLE,simulate_fallback
2026-07-27T06:18:09.172473+00:00,เครื่องฟอกอากาศ,29.0,-0.405,-0.02,-0.29,DECLINE,simulate_fallback
2026-07-27T06:18:09.172473+00:00,ไฟ LED ติดผนัง,27.99,-0.652,0.196,-0.398,DECLINE,simulate_fallback
2026-07-27T06:18:09.172473+00:00,รองเท้าผ้าใบ,30.6,0.405,0.278,0.367,INTRO,simulate_fallback
2026-07-27T06:18:09.172473+00:00,เดรสออกงาน,32.32,-0.005,0.532,0.156,STABLE,simulate_fallback
2026-07-27T06:18:09.172473+00:00,เสื้อโอเวอร์ไซส์,29.93,-0.056,0.236,0.031,STABLE,simulate_fallback
2026-07-27T06:18:09.172473+00:00,กระเป๋าสะพาย,30.59,0.003,0.033,0.012,STABLE,simulate_fallback
2026-07-27T06:18:09.172473+00:00,กางเกงขายาวทรงสวย,26.63,-0.989,-0.178,-0.746,DECLINE,simulate_fallback
2026-07-27T12:12:08.568692+00:00,ครีมกันแดดโกลว์,30.0,0.466,0.201,0.387,INTRO,simulate_fallback
2026-07-27T12:12:08.568692+00:00,เซรั่มหน้าใส,31.3,0.251,0.01,0.179,STABLE,simulate_fallback
2026-07-27T12:12:08.568692+00:00,คอนซีลเลอร์,29.05,0.016,0.381,0.126,STABLE,simulate_fallback
2026-07-27T12:12:08.568692+00:00,ลิปเปลี่ยนสี,28.46,0.07,0.087,0.076,STABLE,simulate_fallback
2026-07-27T12:12:08.568692+00:00,น้ำหอมติดทน,29.85,-0.339,-0.218,-0.302,DECLINE,simulate_fallback
2026-07-27T12:12:08.568692+00:00,ขนมเกาหลี,0.0,0.0,0.0,0.0,STABLE,live
2026-07-27T12:12:08.568692+00:00,กาแฟลดน้ำหนัก,0.0,0.0,0.0,0.0,STABLE,live
2026-07-27T12:12:08.568692+00:00,คอลลาเจน,0.0,-2.556,-0.889,-2.056,DECLINE,live
2026-07-27T12:12:08.568692+00:00,วิตามินผิว,0.0,-3.111,-2.111,-2.811,DECLINE,live
2026-07-27T12:12:08.568692+00:00,โพรไบโอติก,0.0,-2.444,-3.778,-2.844,DECLINE,live
2026-07-27T12:12:08.568692+00:00,ที่ดูดฝุ่นไร้สาย,31.27,0.832,0.509,0.735,INTRO,simulate_fallback
2026-07-27T12:12:08.568692+00:00,เครื่องฟอกอากาศ,30.98,0.513,0.453,0.495,INTRO,simulate_fallback
2026-07-27T12:12:08.568692+00:00,เครื่องชงกาแฟ,31.22,0.129,-0.114,0.056,STABLE,simulate_fallback
2026-07-27T12:12:08.568692+00:00,ไฟ LED ติดผนัง,29.2,-0.23,0.42,-0.035,STABLE,simulate_fallback
2026-07-27T12:12:08.568692+00:00,หม้อทอดไร้น้ำมัน,28.45,-0.497,-0.449,-0.482,DECLINE,simulate_fallback
2026-07-27T12:12:08.568692+00:00,เดรสออกงาน,31.18,0.334,0.098,0.264,INTRO,simulate_fallback
2026-07-27T12:12:08.568692+00:00,รองเท้าผ้าใบ,32.3,0.075,0.323,0.15,STABLE,simulate_fallback
2026-07-27T12:12:08.568692+00:00,กระเป๋าสะพาย,30.76,0.202,0.003,0.142,STABLE,simulate_fallback
2026-07-27T12:12:08.568692+00:00,เสื้อโอเวอร์ไซส์,31.8,-0.153,0.041,-0.095,STABLE,simulate_fallback
2026-07-27T12:12:08.568692+00:00,กางเกงขายาวทรงสวย,30.03,-0.366,-0.62,-0.442,DECLINE,simulate_fallback
2026-07-27T16:52:47.694878+00:00,ลิปเปลี่ยนสี,0.0,0.0,0.0,0.0,STABLE,live
2026-07-27T16:52:47.694878+00:00,ครีมกันแดดโกลว์,0.0,0.0,0.0,0.0,STABLE,live
2026-07-27T16:52:47.694878+00:00,เซรั่มหน้าใส,0.0,0.0,0.0,0.0,STABLE,live
2026-07-27T16:52:47.694878+00:00,น้ำหอมติดทน,0.0,0.0,0.0,0.0,STABLE,live
2026-07-27T16:52:47.694878+00:00,คอนซีลเลอร์,0.0,0.0,0.0,0.0,STABLE,live
2026-07-27T16:52:47.694878+00:00,คอลลาเจน,39.0,0.889,-1.556,0.156,PEAK,live
2026-07-27T16:52:47.694878+00:00,ขนมเกาหลี,0.0,0.0,0.0,0.0,STABLE,live
2026-07-27T16:52:47.694878+00:00,กาแฟลดน้ำหนัก,0.0,0.0,0.0,0.0,STABLE,live
2026-07-27T16:52:47.694878+00:00,วิตามินผิว,0.0,-2.0,0.0,-1.4,DECLINE,live
2026-07-27T16:52:47.694878+00:00,โพรไบโอติก,0.0,-1.111,-4.444,-2.111,DECLINE,live
2026-07-27T16:52:47.694878+00:00,ที่ดูดฝุ่นไร้สาย,29.85,0.129,0.075,0.113,STABLE,simulate_fallback
2026-07-27T16:52:47.694878+00:00,เครื่องชงกาแฟ,32.01,-0.025,0.218,0.048,STABLE,simulate_fallback
2026-07-27T16:52:47.694878+00:00,หม้อทอดไร้น้ำมัน,29.03,-0.235,0.416,-0.039,STABLE,simulate_fallback
2026-07-27T16:52:47.694878+00:00,เครื่องฟอกอากาศ,30.15,-0.286,-0.013,-0.204,STABLE,simulate_fallback
2026-07-27T16:52:47.694878+00:00,ไฟ LED ติดผนัง,30.31,-0.402,0.034,-0.271,DECLINE,simulate_fallback
2026-07-27T16:52:47.694878+00:00,เสื้อโอเวอร์ไซส์,0.0,0.0,0.0,0.0,STABLE,live
2026-07-27T16:52:47.694878+00:00,กางเกงขายาวทรงสวย,0.0,0.0,0.0,0.0,STABLE,live
2026-07-27T16:52:47.694878+00:00,เดรสออกงาน,0.0,0.0,0.0,0.0,STABLE,live
2026-07-27T16:52:47.694878+00:00,กระเป๋าสะพาย,44.0,-0.111,0.222,-0.011,STABLE,live
2026-07-27T16:52:47.694878+00:00,รองเท้าผ้าใบ,0.0,-7.556,-7.556,-7.556,DECLINE,live
2026-07-27T19:13:37.420017+00:00,ลิปเปลี่ยนสี,0.0,0.0,0.0,0.0,STABLE,live
2026-07-27T19:13:37.420017+00:00,ครีมกันแดดโกลว์,0.0,0.0,0.0,0.0,STABLE,live
2026-07-27T19:13:37.420017+00:00,เซรั่มหน้าใส,0.0,0.0,0.0,0.0,STABLE,live
2026-07-27T19:13:37.420017+00:00,น้ำหอมติดทน,0.0,0.0,0.0,0.0,STABLE,live
2026-07-27T19:13:37.420017+00:00,คอนซีลเลอร์,0.0,0.0,0.0,0.0,STABLE,live
2026-07-27T19:13:37.420017+00:00,วิตามินผิว,0.0,0.0,0.0,0.0,STABLE,live
2026-07-27T19:13:37.420017+00:00,ขนมเกาหลี,0.0,0.0,0.0,0.0,STABLE,live
2026-07-27T19:13:37.420017+00:00,กาแฟลดน้ำหนัก,0.0,0.0,0.0,0.0,STABLE,live
2026-07-27T19:13:37.420017+00:00,โพรไบโอติก,0.0,-1.444,2.222,-0.344,DECLINE,live
2026-07-27T19:13:37.420017+00:00,คอลลาเจน,0.0,-13.111,-3.778,-10.311,DECLINE,live
2026-07-27T19:13:37.420017+00:00,หม้อทอดไร้น้ำมัน,0.0,1.556,2.667,1.889,INTRO,live
2026-07-27T19:13:37.420017+00:00,ที่ดูดฝุ่นไร้สาย,0.0,0.0,0.0,0.0,STABLE,live
2026-07-27T19:13:37.420017+00:00,ไฟ LED ติดผนัง,0.0,0.0,0.0,0.0,STABLE,live
2026-07-27T19:13:37.420017+00:00,เครื่องชงกาแฟ,0.0,-6.667,4.222,-3.4,DECLINE,live
2026-07-27T19:13:37.420017+00:00,เครื่องฟอกอากาศ,0.0,-6.667,-8.889,-7.333,DECLINE,live
2026-07-27T19:13:37.420017+00:00,เสื้อโอเวอร์ไซส์,0.0,0.0,0.0,0.0,STABLE,live
2026-07-27T19:13:37.420017+00:00,กางเกงขายาวทรงสวย,0.0,0.0,0.0,0.0,STABLE,live
2026-07-27T19:13:37.420017+00:00,เดรสออกงาน,0.0,0.0,0.0,0.0,STABLE,live
2026-07-27T19:13:37.420017+00:00,รองเท้าผ้าใบ,0.0,-9.111,-1.889,-6.944,DECLINE,live
2026-07-27T19:13:37.420017+00:00,กระเป๋าสะพาย,0.0,-9.778,-2.222,-7.511,DECLINE,live
2026-07-27T21:57:01.355319+00:00,ครีมกันแดดโกลว์,26.41,0.848,0.644,0.787,INTRO,simulate_fallback
2026-07-27T21:57:01.355319+00:00,คอนซีลเลอร์,28.68,0.823,-0.039,0.564,INTRO,simulate_fallback
2026-07-27T21:57:01.355319+00:00,ลิปเปลี่ยนสี,29.75,0.249,0.168,0.225,STABLE,simulate_fallback
2026-07-27T21:57:01.355319+00:00,เซรั่มหน้าใส,32.63,0.083,0.028,0.067,STABLE,simulate_fallback
2026-07-27T21:57:01.355319+00:00,น้ำหอมติดทน,30.0,-0.217,0.009,-0.149,STABLE,simulate_fallback
2026-07-27T21:57:01.355319+00:00,วิตามินผิว,29.76,0.674,0.547,0.636,INTRO,simulate_fallback
2026-07-27T21:57:01.355319+00:00,ขนมเกาหลี,29.47,0.282,-0.097,0.168,STABLE,simulate_fallback
2026-07-27T21:57:01.355319+00:00,กาแฟลดน้ำหนัก,29.62,-0.205,-0.047,-0.158,STABLE,simulate_fallback
2026-07-27T21:57:01.355319+00:00,โพรไบโอติก,28.48,-0.185,-0.148,-0.174,STABLE,simulate_fallback
2026-07-27T21:57:01.355319+00:00,คอลลาเจน,30.6,-0.471,-0.142,-0.372,DECLINE,simulate_fallback
2026-07-27T21:57:01.355319+00:00,ที่ดูดฝุ่นไร้สาย,0.0,0.0,0.0,0.0,STABLE,live
2026-07-27T21:57:01.355319+00:00,หม้อทอดไร้น้ำมัน,0.0,0.0,0.0,0.0,STABLE,live
2026-07-27T21:57:01.355319+00:00,เครื่องฟอกอากาศ,0.0,0.0,0.0,0.0,STABLE,live
2026-07-27T21:57:01.355319+00:00,ไฟ LED ติดผนัง,0.0,0.0,0.0,0.0,STABLE,live
2026-07-27T21:57:01.355319+00:00,เครื่องชงกาแฟ,0.0,0.0,0.0,0.0,STABLE,live
2026-07-27T21:57:01.355319+00:00,รองเท้าผ้าใบ,0.0,0.0,4.111,1.233,STABLE,live
2026-07-27T21:57:01.355319+00:00,เสื้อโอเวอร์ไซส์,0.0,0.0,0.0,0.0,STABLE,live
2026-07-27T21:57:01.355319+00:00,กางเกงขายาวทรงสวย,0.0,0.0,0.0,0.0,STABLE,live
2026-07-27T21:57:01.355319+00:00,เดรสออกงาน,0.0,0.0,0.0,0.0,STABLE,live
2026-07-27T21:57:01.355319+00:00,กระเป๋าสะพาย,0.0,-10.111,0.0,-7.078,DECLINE,live
2026-07-28T01:44:23.072144+00:00,ครีมกันแดดโกลว์,30.14,0.421,0.324,0.392,INTRO,simulate_fallback
2026-07-28T01:44:23.072144+00:00,ลิปเปลี่ยนสี,30.74,0.142,0.48,0.243,STABLE,simulate_fallback
2026-07-28T01:44:23.072144+00:00,เซรั่มหน้าใส,27.71,0.044,0.171,0.082,STABLE,simulate_fallback
2026-07-28T01:44:23.072144+00:00,น้ำหอมติดทน,29.73,-0.02,0.053,0.002,STABLE,simulate_fallback
2026-07-28T01:44:23.072144+00:00,คอนซีลเลอร์,30.57,-0.087,0.108,-0.029,STABLE,simulate_fallback
2026-07-28T01:44:23.072144+00:00,คอลลาเจน,29.28,0.33,-0.038,0.219,INTRO,simulate_fallback
2026-07-28T01:44:23.072144+00:00,กาแฟลดน้ำหนัก,28.94,0.239,-0.142,0.124,STABLE,simulate_fallback
2026-07-28T01:44:23.072144+00:00,วิตามินผิว,30.23,-0.084,0.166,-0.009,STABLE,simulate_fallback
2026-07-28T01:44:23.072144+00:00,โพรไบโอติก,28.99,-0.44,0.171,-0.257,DECLINE,simulate_fallback
2026-07-28T01:44:23.072144+00:00,ขนมเกาหลี,30.56,-0.572,-0.343,-0.503,DECLINE,simulate_fallback
2026-07-28T01:44:23.072144+00:00,ไฟ LED ติดผนัง,32.36,0.305,0.326,0.311,INTRO,simulate_fallback
2026-07-28T01:44:23.072144+00:00,ที่ดูดฝุ่นไร้สาย,31.82,0.125,0.732,0.307,STABLE,simulate_fallback
2026-07-28T01:44:23.072144+00:00,หม้อทอดไร้น้ำมัน,30.84,-0.054,0.96,0.25,STABLE,simulate_fallback
2026-07-28T01:44:23.072144+00:00,เครื่องชงกาแฟ,31.21,-0.186,-0.227,-0.198,STABLE,simulate_fallback
2026-07-28T01:44:23.072144+00:00,เครื่องฟอกอากาศ,30.61,-0.534,-0.245,-0.448,DECLINE,simulate_fallback
2026-07-28T01:44:23.072144+00:00,กระเป๋าสะพาย,30.81,-0.094,0.558,0.102,STABLE,simulate_fallback
2026-07-28T01:44:23.072144+00:00,เสื้อโอเวอร์ไซส์,29.4,0.074,-0.041,0.04,STABLE,simulate_fallback
2026-07-28T01:44:23.072144+00:00,กางเกงขายาวทรงสวย,27.7,-0.286,0.227,-0.132,STABLE,simulate_fallback
2026-07-28T01:44:23.072144+00:00,รองเท้าผ้าใบ,29.98,0.019,-0.573,-0.159,STABLE,simulate_fallback
2026-07-28T01:44:23.072144+00:00,เดรสออกงาน,30.87,-0.635,-0.196,-0.503,DECLINE,simulate_fallback
2026-07-28T05:38:29.001386+00:00,ลิปเปลี่ยนสี,0.0,0.0,0.0,0.0,STABLE,live
2026-07-28T05:38:29.001386+00:00,ครีมกันแดดโกลว์,0.0,0.0,0.0,0.0,STABLE,live
2026-07-28T05:38:29.001386+00:00,เซรั่มหน้าใส,0.0,0.0,0.0,0.0,STABLE,live
2026-07-28T05:38:29.001386+00:00,น้ำหอมติดทน,0.0,0.0,0.0,0.0,STABLE,live
2026-07-28T05:38:29.001386+00:00,คอนซีลเลอร์,0.0,0.0,0.0,0.0,STABLE,live
2026-07-28T05:38:29.001386+00:00,ขนมเกาหลี,0.0,0.0,0.0,0.0,STABLE,live
2026-07-28T05:38:29.001386+00:00,กาแฟลดน้ำหนัก,0.0,0.0,0.0,0.0,STABLE,live
2026-07-28T05:38:29.001386+00:00,วิตามินผิว,0.0,-6.222,0.0,-4.356,DECLINE,live
2026-07-28T05:38:29.001386+00:00,โพรไบโอติก,0.0,-6.667,0.0,-4.667,DECLINE,live
2026-07-28T05:38:29.001386+00:00,คอลลาเจน,56.0,-8.556,-11.778,-9.522,DECLINE,live
2026-07-28T05:38:29.001386+00:00,หม้อทอดไร้น้ำมัน,29.25,0.122,0.727,0.303,STABLE,simulate_fallback
2026-07-28T05:38:29.001386+00:00,เครื่องฟอกอากาศ,29.52,0.072,-0.041,0.038,STABLE,simulate_fallback
2026-07-28T05:38:29.001386+00:00,เครื่องชงกาแฟ,29.74,-0.015,-0.296,-0.099,STABLE,simulate_fallback
2026-07-28T05:38:29.001386+00:00,ที่ดูดฝุ่นไร้สาย,28.39,-0.451,0.124,-0.278,DECLINE,simulate_fallback
2026-07-28T05:38:29.001386+00:00,ไฟ LED ติดผนัง,28.18,-0.599,-0.392,-0.537,DECLINE,simulate_fallback
2026-07-28T05:38:29.001386+00:00,รองเท้าผ้าใบ,64.0,10.778,-6.222,5.678,PEAK,live
2026-07-28T05:38:29.001386+00:00,เสื้อโอเวอร์ไซส์,0.0,0.0,0.0,0.0,STABLE,live
2026-07-28T05:38:29.001386+00:00,กางเกงขายาวทรงสวย,0.0,0.0,0.0,0.0,STABLE,live
2026-07-28T05:38:29.001386+00:00,เดรสออกงาน,0.0,0.0,0.0,0.0,STABLE,live
2026-07-28T05:38:29.001386+00:00,กระเป๋าสะพาย,56.0,-2.444,-2.444,-2.444,DECLINE,live
2026-07-28T08:15:33.350941+00:00,น้ำหอมติดทน,32.08,0.572,0.582,0.575,INTRO,simulate_fallback
2026-07-28T08:15:33.350941+00:00,เซรั่มหน้าใส,33.12,0.256,0.387,0.296,STABLE,simulate_fallback
2026-07-28T08:15:33.350941+00:00,ลิปเปลี่ยนสี,30.01,-0.181,0.026,-0.119,STABLE,simulate_fallback
2026-07-28T08:15:33.350941+00:00,คอนซีลเลอร์,32.06,-0.334,0.283,-0.149,DECLINE,simulate_fallback
2026-07-28T08:15:33.350941+00:00,ครีมกันแดดโกลว์,27.23,-0.137,-0.349,-0.2,STABLE,simulate_fallback
2026-07-28T08:15:33.350941+00:00,โพรไบโอติก,31.82,0.485,0.601,0.52,INTRO,simulate_fallback
2026-07-28T08:15:33.350941+00:00,กาแฟลดน้ำหนัก,30.97,0.158,-0.507,-0.041,STABLE,simulate_fallback
2026-07-28T08:15:33.350941+00:00,คอลลาเจน,29.37,-0.466,0.23,-0.257,DECLINE,simulate_fallback
2026-07-28T08:15:33.350941+00:00,ขนมเกาหลี,33.27,-0.647,-0.023,-0.46,DECLINE,simulate_fallback
2026-07-28T08:15:33.350941+00:00,วิตามินผิว,31.3,-0.478,-0.759,-0.562,DECLINE,simulate_fallback
2026-07-28T08:15:33.350941+00:00,เครื่องฟอกอากาศ,0.0,4.222,0.0,2.956,INTRO,live
2026-07-28T08:15:33.350941+00:00,ที่ดูดฝุ่นไร้สาย,0.0,0.0,0.0,0.0,STABLE,live
2026-07-28T08:15:33.350941+00:00,ไฟ LED ติดผนัง,0.0,0.0,0.0,0.0,STABLE,live
2026-07-28T08:15:33.350941+00:00,หม้อทอดไร้น้ำมัน,0.0,-1.444,0.0,-1.011,DECLINE,live
2026-07-28T08:15:33.350941+00:00,เครื่องชงกาแฟ,0.0,-4.667,-5.111,-4.8,DECLINE,live
2026-07-28T08:15:33.350941+00:00,เสื้อโอเวอร์ไซส์,0.0,0.0,0.0,0.0,STABLE,live
2026-07-28T08:15:33.350941+00:00,กางเกงขายาวทรงสวย,0.0,0.0,0.0,0.0,STABLE,live
2026-07-28T08:15:33.350941+00:00,เดรสออกงาน,0.0,0.0,0.0,0.0,STABLE,live
2026-07-28T08:15:33.350941+00:00,รองเท้าผ้าใบ,0.0,-6.667,-6.778,-6.7,DECLINE,live
2026-07-28T08:15:33.350941+00:00,กระเป๋าสะพาย,0.0,-13.444,-7.111,-11.544,DECLINE,live
2026-07-28T11:09:28.668746+00:00,ลิปเปลี่ยนสี,29.67,-0.072,0.523,0.107,STABLE,simulate_fallback
2026-07-28T11:09:28.668746+00:00,เซรั่มหน้าใส,27.81,-0.1,-0.0,-0.07,STABLE,simulate_fallback
2026-07-28T11:09:28.668746+00:00,คอนซีลเลอร์,29.43,-0.281,0.172,-0.145,STABLE,simulate_fallback
2026-07-28T11:09:28.668746+00:00,น้ำหอมติดทน,28.68,-0.185,-0.17,-0.18,STABLE,simulate_fallback
2026-07-28T11:09:28.668746+00:00,ครีมกันแดดโกลว์,27.88,-0.59,-0.282,-0.498,DECLINE,simulate_fallback
2026-07-28T11:09:28.668746+00:00,ขนมเกาหลี,30.25,0.715,0.696,0.709,INTRO,simulate_fallback
2026-07-28T11:09:28.668746+00:00,กาแฟลดน้ำหนัก,26.55,0.443,0.117,0.345,INTRO,simulate_fallback
2026-07-28T11:09:28.668746+00:00,โพรไบโอติก,30.95,0.546,-0.361,0.274,INTRO,simulate_fallback
2026-07-28T11:09:28.668746+00:00,คอลลาเจน,30.54,0.123,0.101,0.116,STABLE,simulate_fallback
2026-07-28T11:09:28.668746+00:00,วิตามินผิว,28.18,0.037,-0.023,0.019,STABLE,simulate_fallback
2026-07-28T11:09:28.668746+00:00,หม้อทอดไร้น้ำมัน,31.75,0.267,0.234,0.257,STABLE,simulate_fallback
2026-07-28T11:09:28.668746+00:00,เครื่องฟอกอากาศ,31.54,0.145,0.069,0.122,STABLE,simulate_fallback
2026-07-28T11:09:28.668746+00:00,ไฟ LED ติดผนัง,29.42,0.099,0.016,0.074,STABLE,simulate_fallback
2026-07-28T11:09:28.668746+00:00,เครื่องชงกาแฟ,30.97,-0.433,-0.609,-0.486,DECLINE,simulate_fallback
2026-07-28T11:09:28.668746+00:00,ที่ดูดฝุ่นไร้สาย,29.98,-0.58,-0.519,-0.562,DECLINE,simulate_fallback
2026-07-28T11:09:28.668746+00:00,รองเท้าผ้าใบ,30.02,0.296,0.103,0.238,STABLE,simulate_fallback
2026-07-28T11:09:28.668746+00:00,กางเกงขายาวทรงสวย,30.45,-0.017,0.461,0.126,STABLE,simulate_fallback
2026-07-28T11:09:28.668746+00:00,เดรสออกงาน,28.37,-0.52,0.212,-0.3,DECLINE,simulate_fallback
2026-07-28T11:09:28.668746+00:00,เสื้อโอเวอร์ไซส์,29.36,-0.552,-0.344,-0.49,DECLINE,simulate_fallback
2026-07-28T11:09:28.668746+00:00,กระเป๋าสะพาย,29.17,-0.685,-0.471,-0.621,DECLINE,simulate_fallback
2026-07-28T13:40:47.043410+00:00,คอนซีลเลอร์,0.0,1.444,0.0,1.011,INTRO,live
2026-07-28T13:40:47.043410+00:00,ลิปเปลี่ยนสี,0.0,0.0,0.0,0.0,STABLE,live
2026-07-28T13:40:47.043410+00:00,ครีมกันแดดโกลว์,0.0,0.0,0.0,0.0,STABLE,live
2026-07-28T13:40:47.043410+00:00,เซรั่มหน้าใส,0.0,0.0,0.0,0.0,STABLE,live
2026-07-28T13:40:47.043410+00:00,น้ำหอมติดทน,0.0,0.0,0.0,0.0,STABLE,live
2026-07-28T13:40:47.043410+00:00,คอลลาเจน,30.93,0.376,0.174,0.315,INTRO,simulate_fallback
2026-07-28T13:40:47.043410+00:00,ขนมเกาหลี,30.02,0.218,0.241,0.225,STABLE,simulate_fallback
2026-07-28T13:40:47.043410+00:00,กาแฟลดน้ำหนัก,30.88,0.222,0.191,0.213,STABLE,simulate_fallback
2026-07-28T13:40:47.043410+00:00,วิตามินผิว,29.85,-0.08,-0.143,-0.099,STABLE,simulate_fallback
2026-07-28T13:40:47.043410+00:00,โพรไบโอติก,29.77,-0.093,-0.246,-0.139,STABLE,simulate_fallback
2026-07-28T13:40:47.043410+00:00,หม้อทอดไร้น้ำมัน,30.6,0.309,0.056,0.233,INTRO,simulate_fallback
2026-07-28T13:40:47.043410+00:00,ไฟ LED ติดผนัง,28.36,0.044,-0.556,-0.136,STABLE,simulate_fallback
2026-07-28T13:40:47.043410+00:00,ที่ดูดฝุ่นไร้สาย,32.43,-0.59,-0.131,-0.452,DECLINE,simulate_fallback
2026-07-28T13:40:47.043410+00:00,เครื่องฟอกอากาศ,32.17,-0.581,-0.35,-0.512,DECLINE,simulate_fallback
2026-07-28T13:40:47.043410+00:00,เครื่องชงกาแฟ,30.18,-0.696,-0.427,-0.615,DECLINE,simulate_fallback
2026-07-28T13:40:47.043410+00:00,กระเป๋าสะพาย,70.0,2.444,2.778,2.544,GROWTH,live
2026-07-28T13:40:47.043410+00:00,รองเท้าผ้าใบ,56.0,1.444,0.444,1.144,GROWTH,live
2026-07-28T13:40:47.043410+00:00,เสื้อโอเวอร์ไซส์,0.0,0.0,0.0,0.0,STABLE,live
2026-07-28T13:40:47.043410+00:00,กางเกงขายาวทรงสวย,0.0,0.0,0.0,0.0,STABLE,live
2026-07-28T13:40:47.043410+00:00,เดรสออกงาน,0.0,0.0,0.0,0.0,STABLE,live
2026-07-28T16:28:34.775101+00:00,ลิปเปลี่ยนสี,0.0,0.0,0.0,0.0,STABLE,live
2026-07-28T16:28:34.775101+00:00,ครีมกันแดดโกลว์,0.0,0.0,0.0,0.0,STABLE,live
2026-07-28T16:28:34.775101+00:00,เซรั่มหน้าใส,0.0,0.0,0.0,0.0,STABLE,live
2026-07-28T16:28:34.775101+00:00,น้ำหอมติดทน,0.0,0.0,0.0,0.0,STABLE,live
2026-07-28T16:28:34.775101+00:00,คอนซีลเลอร์,0.0,0.0,0.0,0.0,STABLE,live
2026-07-28T16:28:34.775101+00:00,วิตามินผิว,0.0,0.0,0.0,0.0,STABLE,live
2026-07-28T16:28:34.775101+00:00,ขนมเกาหลี,0.0,0.0,0.0,0.0,STABLE,live
2026-07-28T16:28:34.775101+00:00,กาแฟลดน้ำหนัก,0.0,0.0,0.0,0.0,STABLE,live
2026-07-28T16:28:34.775101+00:00,โพรไบโอติก,0.0,-2.889,0.0,-2.022,DECLINE,live
2026-07-28T16:28:34.775101+00:00,คอลลาเจน,0.0,-7.222,-3.0,-5.956,DECLINE,live
2026-07-28T16:28:34.775101+00:00,เครื่องชงกาแฟ,0.0,-0.111,4.889,1.389,STABLE,live
2026-07-28T16:28:34.775101+00:00,ที่ดูดฝุ่นไร้สาย,0.0,0.0,0.0,0.0,STABLE,live
2026-07-28T16:28:34.775101+00:00,ไฟ LED ติดผนัง,0.0,0.0,0.0,0.0,STABLE,live
2026-07-28T16:28:34.775101+00:00,เครื่องฟอกอากาศ,0.0,0.444,-11.111,-3.022,INTRO,live
2026-07-28T16:28:34.775101+00:00,หม้อทอดไร้น้ำมัน,0.0,-10.667,5.333,-5.867,DECLINE,live
2026-07-28T16:28:34.775101+00:00,เสื้อโอเวอร์ไซส์,0.0,0.0,0.0,0.0,STABLE,live
2026-07-28T16:28:34.775101+00:00,กางเกงขายาวทรงสวย,0.0,0.0,0.0,0.0,STABLE,live
2026-07-28T16:28:34.775101+00:00,เดรสออกงาน,0.0,0.0,0.0,0.0,STABLE,live
2026-07-28T16:28:34.775101+00:00,กระเป๋าสะพาย,0.0,-5.556,-5.111,-5.422,DECLINE,live
2026-07-28T16:28:34.775101+00:00,รองเท้าผ้าใบ,0.0,-5.889,-8.778,-6.756,DECLINE,live
2026-07-28T19:09:16.800070+00:00,น้ำหอมติดทน,32.24,0.219,-0.307,0.061,STABLE,simulate_fallback
2026-07-28T19:09:16.800070+00:00,คอนซีลเลอร์,29.14,0.068,-0.149,0.003,STABLE,simulate_fallback
2026-07-28T19:09:16.800070+00:00,เซรั่มหน้าใส,29.51,-0.022,-0.12,-0.052,STABLE,simulate_fallback
2026-07-28T19:09:16.800070+00:00,ครีมกันแดดโกลว์,30.31,-0.179,0.198,-0.066,STABLE,simulate_fallback
2026-07-28T19:09:16.800070+00:00,ลิปเปลี่ยนสี,28.51,-0.354,-0.203,-0.309,DECLINE,simulate_fallback
2026-07-28T19:09:16.800070+00:00,โพรไบโอติก,30.4,0.627,-0.048,0.424,INTRO,simulate_fallback
2026-07-28T19:09:16.800070+00:00,วิตามินผิว,30.88,0.357,0.224,0.317,INTRO,simulate_fallback
2026-07-28T19:09:16.800070+00:00,กาแฟลดน้ำหนัก,31.04,0.377,-0.001,0.264,INTRO,simulate_fallback
2026-07-28T19:09:16.800070+00:00,คอลลาเจน,31.11,-0.125,0.212,-0.024,STABLE,simulate_fallback
2026-07-28T19:09:16.800070+00:00,ขนมเกาหลี,28.32,-0.604,-0.006,-0.425,DECLINE,simulate_fallback
2026-07-28T19:09:16.800070+00:00,ที่ดูดฝุ่นไร้สาย,32.44,0.345,0.305,0.333,INTRO,simulate_fallback
2026-07-28T19:09:16.800070+00:00,เครื่องฟอกอากาศ,30.11,-0.15,0.197,-0.046,STABLE,simulate_fallback
2026-07-28T19:09:16.800070+00:00,เครื่องชงกาแฟ,30.89,-0.298,-0.086,-0.234,STABLE,simulate_fallback
2026-07-28T19:09:16.800070+00:00,ไฟ LED ติดผนัง,29.54,-0.458,-0.614,-0.505,DECLINE,simulate_fallback
2026-07-28T19:09:16.800070+00:00,หม้อทอดไร้น้ำมัน,30.37,-0.809,-0.54,-0.728,DECLINE,simulate_fallback
2026-07-28T19:09:16.800070+00:00,รองเท้าผ้าใบ,32.24,0.674,-0.191,0.414,INTRO,simulate_fallback
2026-07-28T19:09:16.800070+00:00,เดรสออกงาน,28.64,0.252,-0.237,0.106,STABLE,simulate_fallback
2026-07-28T19:09:16.800070+00:00,เสื้อโอเวอร์ไซส์,29.77,0.165,-0.402,-0.005,STABLE,simulate_fallback
2026-07-28T19:09:16.800070+00:00,กางเกงขายาวทรงสวย,30.56,-0.308,0.261,-0.137,DECLINE,simulate_fallback
2026-07-28T19:09:16.800070+00:00,กระเป๋าสะพาย,28.41,-0.205,-0.57,-0.314,STABLE,simulate_fallback
2026-07-28T21:56:06.787714+00:00,น้ำหอมติดทน,29.67,0.313,-0.112,0.186,INTRO,simulate_fallback
2026-07-28T21:56:06.787714+00:00,ลิปเปลี่ยนสี,29.1,0.236,-0.33,0.066,STABLE,simulate_fallback
2026-07-28T21:56:06.787714+00:00,คอนซีลเลอร์,28.48,-0.069,0.19,0.008,STABLE,simulate_fallback
2026-07-28T21:56:06.787714+00:00,ครีมกันแดดโกลว์,31.11,-0.066,-0.279,-0.13,STABLE,simulate_fallback
2026-07-28T21:56:06.787714+00:00,เซรั่มหน้าใส,30.22,-0.423,-0.112,-0.33,DECLINE,simulate_fallback
2026-07-28T21:56:06.787714+00:00,กาแฟลดน้ำหนัก,29.44,0.483,-0.068,0.318,INTRO,simulate_fallback
2026-07-28T21:56:06.787714+00:00,วิตามินผิว,29.22,0.162,-0.182,0.059,STABLE,simulate_fallback
2026-07-28T21:56:06.787714+00:00,ขนมเกาหลี,33.36,-0.138,-0.066,-0.116,STABLE,simulate_fallback
2026-07-28T21:56:06.787714+00:00,โพรไบโอติก,30.12,0.155,-0.808,-0.134,STABLE,simulate_fallback
2026-07-28T21:56:06.787714+00:00,คอลลาเจน,28.11,-0.295,0.033,-0.196,STABLE,simulate_fallback
2026-07-28T21:56:06.787714+00:00,ไฟ LED ติดผนัง,30.75,0.195,0.322,0.233,STABLE,simulate_fallback
2026-07-28T21:56:06.787714+00:00,เครื่องฟอกอากาศ,27.58,0.018,-0.267,-0.067,STABLE,simulate_fallback
2026-07-28T21:56:06.787714+00:00,ที่ดูดฝุ่นไร้สาย,31.62,-0.129,-0.107,-0.123,STABLE,simulate_fallback
2026-07-28T21:56:06.787714+00:00,เครื่องชงกาแฟ,27.72,-0.409,-0.525,-0.444,DECLINE,simulate_fallback
2026-07-28T21:56:06.787714+00:00,หม้อทอดไร้น้ำมัน,28.34,-0.703,-0.635,-0.683,DECLINE,simulate_fallback
2026-07-28T21:56:06.787714+00:00,รองเท้าผ้าใบ,29.2,0.684,0.668,0.679,INTRO,simulate_fallback
2026-07-28T21:56:06.787714+00:00,เสื้อโอเวอร์ไซส์,30.97,0.775,0.217,0.608,INTRO,simulate_fallback
2026-07-28T21:56:06.787714+00:00,เดรสออกงาน,30.3,0.417,0.379,0.406,INTRO,simulate_fallback
2026-07-28T21:56:06.787714+00:00,กางเกงขายาวทรงสวย,26.88,-0.062,0.375,0.069,STABLE,simulate_fallback
2026-07-28T21:56:06.787714+00:00,กระเป๋าสะพาย,24.55,-0.685,-0.648,-0.674,DECLINE,simulate_fallback
2026-07-29T01:45:52.547743+00:00,ลิปเปลี่ยนสี,0.0,0.0,0.0,0.0,STABLE,live
2026-07-29T01:45:52.547743+00:00,ครีมกันแดดโกลว์,0.0,0.0,0.0,0.0,STABLE,live
2026-07-29T01:45:52.547743+00:00,เซรั่มหน้าใส,0.0,0.0,0.0,0.0,STABLE,live
2026-07-29T01:45:52.547743+00:00,น้ำหอมติดทน,0.0,0.0,0.0,0.0,STABLE,live
2026-07-29T01:45:52.547743+00:00,คอนซีลเลอร์,0.0,0.0,0.0,0.0,STABLE,live
2026-07-29T01:45:52.547743+00:00,คอลลาเจน,72.0,24.778,8.0,19.744,GROWTH,live
2026-07-29T01:45:52.547743+00:00,วิตามินผิว,0.0,0.0,0.0,0.0,STABLE,live
2026-07-29T01:45:52.547743+00:00,ขนมเกาหลี,0.0,0.0,0.0,0.0,STABLE,live
2026-07-29T01:45:52.547743+00:00,กาแฟลดน้ำหนัก,0.0,0.0,0.0,0.0,STABLE,live
2026-07-29T01:45:52.547743+00:00,โพรไบโอติก,0.0,0.0,0.0,0.0,STABLE,live
2026-07-29T01:45:52.547743+00:00,หม้อทอดไร้น้ำมัน,37.0,7.667,4.111,6.6,GROWTH,live
2026-07-29T01:45:52.547743+00:00,เครื่องชงกาแฟ,0.0,6.778,0.0,4.744,INTRO,live
2026-07-29T01:45:52.547743+00:00,เครื่องฟอกอากาศ,33.0,3.667,3.667,3.667,INTRO,live
2026-07-29T01:45:52.547743+00:00,ที่ดูดฝุ่นไร้สาย,0.0,0.0,0.0,0.0,STABLE,live
2026-07-29T01:45:52.547743+00:00,ไฟ LED ติดผนัง,0.0,0.0,0.0,0.0,STABLE,live
2026-07-29T01:45:52.547743+00:00,รองเท้าผ้าใบ,58.0,9.778,6.444,8.778,GROWTH,live
2026-07-29T01:45:52.547743+00:00,กระเป๋าสะพาย,0.0,4.222,6.333,4.856,INTRO,live
2026-07-29T01:45:52.547743+00:00,เสื้อโอเวอร์ไซส์,0.0,0.0,0.0,0.0,STABLE,live
2026-07-29T01:45:52.547743+00:00,กางเกงขายาวทรงสวย,0.0,0.0,0.0,0.0,STABLE,live
2026-07-29T01:45:52.547743+00:00,เดรสออกงาน,0.0,0.0,0.0,0.0,STABLE,live
2026-07-29T05:43:00.684421+00:00,คอนซีลเลอร์,24.0,9.889,2.667,7.722,INTRO,live
2026-07-29T05:43:00.684421+00:00,ลิปเปลี่ยนสี,0.0,0.0,0.0,0.0,STABLE,live
2026-07-29T05:43:00.684421+00:00,ครีมกันแดดโกลว์,0.0,0.0,0.0,0.0,STABLE,live
2026-07-29T05:43:00.684421+00:00,เซรั่มหน้าใส,0.0,0.0,0.0,0.0,STABLE,live
2026-07-29T05:43:00.684421+00:00,น้ำหอมติดทน,0.0,0.0,0.0,0.0,STABLE,live
2026-07-29T05:43:00.684421+00:00,วิตามินผิว,0.0,4.111,0.0,2.878,INTRO,live
2026-07-29T05:43:00.684421+00:00,โพรไบโอติก,22.0,2.556,-2.222,1.122,INTRO,live
2026-07-29T05:43:00.684421+00:00,ขนมเกาหลี,0.0,0.0,0.0,0.0,STABLE,live
2026-07-29T05:43:00.684421+00:00,กาแฟลดน้ำหนัก,0.0,0.0,0.0,0.0,STABLE,live
2026-07-29T05:43:00.684421+00:00,คอลลาเจน,58.0,-3.778,3.222,-1.678,DECLINE,live
2026-07-29T05:43:00.684421+00:00,เครื่องฟอกอากาศ,31.69,0.484,0.369,0.45,INTRO,simulate_fallback
2026-07-29T05:43:00.684421+00:00,ที่ดูดฝุ่นไร้สาย,31.09,0.235,0.261,0.243,STABLE,simulate_fallback
2026-07-29T05:43:00.684421+00:00,ไฟ LED ติดผนัง,28.72,-0.174,-0.002,-0.122,STABLE,simulate_fallback
2026-07-29T05:43:00.684421+00:00,หม้อทอดไร้น้ำมัน,31.4,-0.003,-0.403,-0.123,STABLE,simulate_fallback
2026-07-29T05:43:00.684421+00:00,เครื่องชงกาแฟ,29.62,-0.172,-0.248,-0.194,STABLE,simulate_fallback
2026-07-29T05:43:00.684421+00:00,กระเป๋าสะพาย,60.0,5.333,3.333,4.733,GROWTH,live
2026-07-29T05:43:00.684421+00:00,เสื้อโอเวอร์ไซส์,0.0,0.0,0.0,0.0,STABLE,live
2026-07-29T05:43:00.684421+00:00,กางเกงขายาวทรงสวย,0.0,0.0,0.0,0.0,STABLE,live
2026-07-29T05:43:00.684421+00:00,เดรสออกงาน,0.0,0.0,0.0,0.0,STABLE,live
2026-07-29T05:43:00.684421+00:00,รองเท้าผ้าใบ,54.0,-0.222,-4.444,-1.489,STABLE,live
2026-07-29T08:21:59.227461+00:00,น้ำหอมติดทน,30.4,0.502,0.08,0.376,INTRO,simulate_fallback
2026-07-29T08:21:59.227461+00:00,เซรั่มหน้าใส,31.34,0.388,0.217,0.337,INTRO,simulate_fallback
2026-07-29T08:21:59.227461+00:00,ครีมกันแดดโกลว์,29.79,0.154,0.402,0.229,STABLE,simulate_fallback
2026-07-29T08:21:59.227461+00:00,คอนซีลเลอร์,30.17,0.126,-0.394,-0.03,STABLE,simulate_fallback
2026-07-29T08:21:59.227461+00:00,ลิปเปลี่ยนสี,30.36,-0.473,-0.43,-0.46,DECLINE,simulate_fallback
2026-07-29T08:21:59.227461+00:00,กาแฟลดน้ำหนัก,30.57,0.667,0.251,0.542,INTRO,simulate_fallback
2026-07-29T08:21:59.227461+00:00,ขนมเกาหลี,29.85,0.221,0.304,0.246,STABLE,simulate_fallback
2026-07-29T08:21:59.227461+00:00,วิตามินผิว,30.93,0.265,0.093,0.214,STABLE,simulate_fallback
2026-07-29T08:21:59.227461+00:00,คอลลาเจน,31.64,-0.065,0.655,0.151,STABLE,simulate_fallback
2026-07-29T08:21:59.227461+00:00,โพรไบโอติก,29.88,0.108,-0.056,0.059,STABLE,simulate_fallback
2026-07-29T08:21:59.227461+00:00,เครื่องชงกาแฟ,29.77,0.769,0.084,0.564,INTRO,simulate_fallback
2026-07-29T08:21:59.227461+00:00,ไฟ LED ติดผนัง,32.34,0.422,-0.083,0.27,INTRO,simulate_fallback
2026-07-29T08:21:59.227461+00:00,เครื่องฟอกอากาศ,31.67,0.235,-0.336,0.064,STABLE,simulate_fallback
2026-07-29T08:21:59.227461+00:00,ที่ดูดฝุ่นไร้สาย,30.09,-0.091,0.061,-0.046,STABLE,simulate_fallback
2026-07-29T08:21:59.227461+00:00,หม้อทอดไร้น้ำมัน,27.69,-0.405,-0.277,-0.366,DECLINE,simulate_fallback
2026-07-29T08:21:59.227461+00:00,เดรสออกงาน,31.03,0.398,0.25,0.353,INTRO,simulate_fallback
2026-07-29T08:21:59.227461+00:00,รองเท้าผ้าใบ,30.78,0.276,0.32,0.289,STABLE,simulate_fallback
2026-07-29T08:21:59.227461+00:00,เสื้อโอเวอร์ไซส์,30.0,0.237,-0.102,0.135,STABLE,simulate_fallback
2026-07-29T08:21:59.227461+00:00,กระเป๋าสะพาย,29.88,0.049,-0.036,0.024,STABLE,simulate_fallback
2026-07-29T08:21:59.227461+00:00,กางเกงขายาวทรงสวย,27.66,-0.004,-0.545,-0.167,STABLE,simulate_fallback
2026-07-29T11:14:26.593971+00:00,เซรั่มหน้าใส,30.61,0.595,0.519,0.572,INTRO,simulate_fallback
2026-07-29T11:14:26.593971+00:00,น้ำหอมติดทน,30.25,-0.146,-0.208,-0.165,STABLE,simulate_fallback
2026-07-29T11:14:26.593971+00:00,ครีมกันแดดโกลว์,27.44,-0.217,-0.203,-0.212,STABLE,simulate_fallback
2026-07-29T11:14:26.593971+00:00,ลิปเปลี่ยนสี,29.58,-0.347,-0.018,-0.249,DECLINE,simulate_fallback
2026-07-29T11:14:26.593971+00:00,คอนซีลเลอร์,27.76,-0.413,-0.41,-0.412,DECLINE,simulate_fallback
2026-07-29T11:14:26.593971+00:00,ขนมเกาหลี,32.77,0.34,-0.196,0.179,INTRO,simulate_fallback
2026-07-29T11:14:26.593971+00:00,คอลลาเจน,30.9,0.101,-0.212,0.007,STABLE,simulate_fallback
2026-07-29T11:14:26.593971+00:00,โพรไบโอติก,31.27,-0.158,0.105,-0.079,STABLE,simulate_fallback
2026-07-29T11:14:26.593971+00:00,วิตามินผิว,29.41,-0.036,-0.239,-0.097,STABLE,simulate_fallback
2026-07-29T11:14:26.593971+00:00,กาแฟลดน้ำหนัก,28.1,-0.138,-0.571,-0.268,STABLE,simulate_fallback
2026-07-29T11:14:26.593971+00:00,ที่ดูดฝุ่นไร้สาย,30.67,0.368,0.469,0.398,INTRO,simulate_fallback
2026-07-29T11:14:26.593971+00:00,หม้อทอดไร้น้ำมัน,31.61,0.489,0.018,0.347,INTRO,simulate_fallback
2026-07-29T11:14:26.593971+00:00,เครื่องฟอกอากาศ,29.94,0.379,-0.043,0.252,INTRO,simulate_fallback
2026-07-29T11:14:26.593971+00:00,เครื่องชงกาแฟ,27.87,0.164,0.063,0.134,STABLE,simulate_fallback
2026-07-29T11:14:26.593971+00:00,ไฟ LED ติดผนัง,30.35,-0.472,-0.685,-0.536,DECLINE,simulate_fallback
2026-07-29T11:14:26.593971+00:00,เดรสออกงาน,31.05,0.871,0.019,0.615,INTRO,simulate_fallback
2026-07-29T11:14:26.593971+00:00,เสื้อโอเวอร์ไซส์,31.26,0.089,0.097,0.092,STABLE,simulate_fallback
2026-07-29T11:14:26.593971+00:00,รองเท้าผ้าใบ,30.87,-0.147,0.319,-0.007,STABLE,simulate_fallback
2026-07-29T11:14:26.593971+00:00,กางเกงขายาวทรงสวย,31.19,-0.301,-0.171,-0.262,DECLINE,simulate_fallback
2026-07-29T11:14:26.593971+00:00,กระเป๋าสะพาย,29.95,-0.538,-0.47,-0.518,DECLINE,simulate_fallback
2026-07-29T13:47:01.928727+00:00,น้ำหอมติดทน,30.64,0.321,0.178,0.278,INTRO,simulate_fallback
2026-07-29T13:47:01.928727+00:00,เซรั่มหน้าใส,30.22,0.343,0.006,0.242,INTRO,simulate_fallback
2026-07-29T13:47:01.928727+00:00,ครีมกันแดดโกลว์,26.94,0.049,-0.487,-0.112,STABLE,simulate_fallback
2026-07-29T13:47:01.928727+00:00,ลิปเปลี่ยนสี,30.39,-0.096,-0.156,-0.114,STABLE,simulate_fallback
2026-07-29T13:47:01.928727+00:00,คอนซีลเลอร์,28.11,0.023,-0.69,-0.191,STABLE,simulate_fallback
2026-07-29T13:47:01.928727+00:00,คอลลาเจน,29.92,0.834,0.18,0.638,INTRO,simulate_fallback
2026-07-29T13:47:01.928727+00:00,ขนมเกาหลี,29.54,-0.419,0.124,-0.256,DECLINE,simulate_fallback
2026-07-29T13:47:01.928727+00:00,กาแฟลดน้ำหนัก,31.78,-0.218,-0.563,-0.322,STABLE,simulate_fallback
2026-07-29T13:47:01.928727+00:00,โพรไบโอติก,29.89,-0.428,-0.238,-0.371,DECLINE,simulate_fallback
2026-07-29T13:47:01.928727+00:00,วิตามินผิว,26.2,-0.593,-0.13,-0.454,DECLINE,simulate_fallback
2026-07-29T13:47:01.928727+00:00,ไฟ LED ติดผนัง,29.63,0.429,0.215,0.365,INTRO,simulate_fallback
2026-07-29T13:47:01.928727+00:00,เครื่องฟอกอากาศ,29.5,0.357,-0.017,0.245,INTRO,simulate_fallback
2026-07-29T13:47:01.928727+00:00,หม้อทอดไร้น้ำมัน,30.83,-0.173,0.323,-0.024,STABLE,simulate_fallback
2026-07-29T13:47:01.928727+00:00,เครื่องชงกาแฟ,31.51,-0.026,-0.953,-0.304,STABLE,simulate_fallback
2026-07-29T13:47:01.928727+00:00,ที่ดูดฝุ่นไร้สาย,30.68,-0.819,-0.001,-0.574,DECLINE,simulate_fallback
2026-07-29T13:47:01.928727+00:00,เสื้อโอเวอร์ไซส์,33.05,0.221,0.198,0.214,STABLE,simulate_fallback
2026-07-29T13:47:01.928727+00:00,เดรสออกงาน,31.68,0.335,-0.159,0.187,INTRO,simulate_fallback
2026-07-29T13:47:01.928727+00:00,รองเท้าผ้าใบ,30.38,0.247,-0.012,0.169,STABLE,simulate_fallback
2026-07-29T13:47:01.928727+00:00,กระเป๋าสะพาย,29.97,-0.336,-0.308,-0.327,DECLINE,simulate_fallback
2026-07-29T13:47:01.928727+00:00,กางเกงขายาวทรงสวย,29.53,-0.54,-0.501,-0.528,DECLINE,simulate_fallback
2026-07-29T16:15:55.945821+00:00,ครีมกันแดดโกลว์,31.69,0.832,0.138,0.624,INTRO,simulate_fallback
2026-07-29T16:15:55.945821+00:00,ลิปเปลี่ยนสี,27.79,0.687,0.058,0.498,INTRO,simulate_fallback
2026-07-29T16:15:55.945821+00:00,เซรั่มหน้าใส,31.93,0.369,0.421,0.384,INTRO,simulate_fallback
2026-07-29T16:15:55.945821+00:00,คอนซีลเลอร์,27.94,0.216,0.395,0.27,STABLE,simulate_fallback
2026-07-29T16:15:55.945821+00:00,น้ำหอมติดทน,29.34,0.28,-0.203,0.135,STABLE,simulate_fallback
2026-07-29T16:15:55.945821+00:00,วิตามินผิว,33.7,0.327,-0.067,0.209,INTRO,simulate_fallback
2026-07-29T16:15:55.945821+00:00,คอลลาเจน,31.23,0.193,0.191,0.193,STABLE,simulate_fallback
2026-07-29T16:15:55.945821+00:00,กาแฟลดน้ำหนัก,30.46,-0.247,-0.03,-0.182,STABLE,simulate_fallback
2026-07-29T16:15:55.945821+00:00,ขนมเกาหลี,30.33,-0.424,-0.28,-0.381,DECLINE,simulate_fallback
2026-07-29T16:15:55.945821+00:00,โพรไบโอติก,30.45,-0.692,-0.977,-0.778,DECLINE,simulate_fallback
2026-07-29T16:15:55.945821+00:00,ไฟ LED ติดผนัง,29.82,0.145,0.589,0.278,STABLE,simulate_fallback
2026-07-29T16:15:55.945821+00:00,เครื่องฟอกอากาศ,29.98,0.322,-0.211,0.162,INTRO,simulate_fallback
2026-07-29T16:15:55.945821+00:00,หม้อทอดไร้น้ำมัน,30.09,-0.012,-0.138,-0.05,STABLE,simulate_fallback
2026-07-29T16:15:55.945821+00:00,เครื่องชงกาแฟ,28.98,-0.314,0.165,-0.171,DECLINE,simulate_fallback
2026-07-29T16:15:55.945821+00:00,ที่ดูดฝุ่นไร้สาย,29.86,-0.22,-0.224,-0.221,STABLE,simulate_fallback
2026-07-29T16:15:55.945821+00:00,รองเท้าผ้าใบ,28.43,0.47,0.34,0.431,INTRO,simulate_fallback
2026-07-29T16:15:55.945821+00:00,กระเป๋าสะพาย,28.61,0.263,0.356,0.291,STABLE,simulate_fallback
2026-07-29T16:15:55.945821+00:00,กางเกงขายาวทรงสวย,29.36,-0.301,-0.093,-0.239,DECLINE,simulate_fallback
2026-07-29T16:15:55.945821+00:00,เสื้อโอเวอร์ไซส์,28.95,-0.243,-0.33,-0.269,STABLE,simulate_fallback
2026-07-29T16:15:55.945821+00:00,เดรสออกงาน,26.77,-0.543,-0.814,-0.624,DECLINE,simulate_fallback
2026-07-29T18:58:32.430166+00:00,ครีมกันแดดโกลว์,29.71,0.715,0.754,0.727,INTRO,simulate_fallback
2026-07-29T18:58:32.430166+00:00,น้ำหอมติดทน,30.69,-0.027,0.668,0.181,STABLE,simulate_fallback
2026-07-29T18:58:32.430166+00:00,เซรั่มหน้าใส,27.84,0.086,0.33,0.159,STABLE,simulate_fallback
2026-07-29T18:58:32.430166+00:00,คอนซีลเลอร์,27.66,0.204,-0.217,0.077,STABLE,simulate_fallback
2026-07-29T18:58:32.430166+00:00,ลิปเปลี่ยนสี,30.67,-0.355,-0.232,-0.318,DECLINE,simulate_fallback
2026-07-29T18:58:32.430166+00:00,คอลลาเจน,31.96,0.484,0.199,0.398,INTRO,simulate_fallback
2026-07-29T18:58:32.430166+00:00,วิตามินผิว,28.53,0.139,0.651,0.293,STABLE,simulate_fallback
2026-07-29T18:58:32.430166+00:00,ขนมเกาหลี,32.15,-0.237,0.268,-0.085,STABLE,simulate_fallback
2026-07-29T18:58:32.430166+00:00,โพรไบโอติก,30.89,-0.101,-0.079,-0.094,STABLE,simulate_fallback
2026-07-29T18:58:32.430166+00:00,กาแฟลดน้ำหนัก,30.79,-0.126,-0.413,-0.212,STABLE,simulate_fallback
2026-07-29T18:58:32.430166+00:00,ที่ดูดฝุ่นไร้สาย,0.0,0.0,0.0,0.0,STABLE,live
2026-07-29T18:58:32.430166+00:00,ไฟ LED ติดผนัง,0.0,0.0,0.0,0.0,STABLE,live
2026-07-29T18:58:32.430166+00:00,เครื่องชงกาแฟ,47.0,-4.111,3.778,-1.744,DECLINE,live
2026-07-29T18:58:32.430166+00:00,หม้อทอดไร้น้ำมัน,0.0,-6.333,4.667,-3.033,DECLINE,live
2026-07-29T18:58:32.430166+00:00,เครื่องฟอกอากาศ,0.0,-2.222,-5.667,-3.256,DECLINE,live
2026-07-29T18:58:32.430166+00:00,เสื้อโอเวอร์ไซส์,0.0,0.0,0.0,0.0,STABLE,live
2026-07-29T18:58:32.430166+00:00,กางเกงขายาวทรงสวย,0.0,0.0,0.0,0.0,STABLE,live
2026-07-29T18:58:32.430166+00:00,เดรสออกงาน,0.0,0.0,0.0,0.0,STABLE,live
2026-07-29T18:58:32.430166+00:00,รองเท้าผ้าใบ,33.0,-2.333,-0.111,-1.667,DECLINE,live
2026-07-29T18:58:32.430166+00:00,กระเป๋าสะพาย,0.0,-5.444,-4.444,-5.144,DECLINE,live
2026-07-29T21:51:24.634254+00:00,ลิปเปลี่ยนสี,0.0,0.0,0.0,0.0,STABLE,live
2026-07-29T21:51:24.634254+00:00,ครีมกันแดดโกลว์,0.0,0.0,0.0,0.0,STABLE,live
2026-07-29T21:51:24.634254+00:00,เซรั่มหน้าใส,0.0,0.0,0.0,0.0,STABLE,live
2026-07-29T21:51:24.634254+00:00,น้ำหอมติดทน,0.0,0.0,0.0,0.0,STABLE,live
2026-07-29T21:51:24.634254+00:00,คอนซีลเลอร์,0.0,0.0,0.0,0.0,STABLE,live
2026-07-29T21:51:24.634254+00:00,คอลลาเจน,77.0,-0.667,1.778,0.067,DECLINE,live
2026-07-29T21:51:24.634254+00:00,วิตามินผิว,0.0,0.0,0.0,0.0,STABLE,live
2026-07-29T21:51:24.634254+00:00,ขนมเกาหลี,0.0,0.0,0.0,0.0,STABLE,live
2026-07-29T21:51:24.634254+00:00,กาแฟลดน้ำหนัก,0.0,0.0,0.0,0.0,STABLE,live
2026-07-29T21:51:24.634254+00:00,โพรไบโอติก,0.0,-1.889,0.0,-1.322,DECLINE,live
2026-07-29T21:51:24.634254+00:00,เครื่องชงกาแฟ,0.0,9.556,4.0,7.889,INTRO,live
2026-07-29T21:51:24.634254+00:00,ที่ดูดฝุ่นไร้สาย,0.0,0.0,0.0,0.0,STABLE,live
2026-07-29T21:51:24.634254+00:00,หม้อทอดไร้น้ำมัน,0.0,0.0,0.0,0.0,STABLE,live
2026-07-29T21:51:24.634254+00:00,ไฟ LED ติดผนัง,0.0,0.0,0.0,0.0,STABLE,live
2026-07-29T21:51:24.634254+00:00,เครื่องฟอกอากาศ,0.0,-12.111,-6.111,-10.311,DECLINE,live
2026-07-29T21:51:24.634254+00:00,รองเท้าผ้าใบ,0.0,-1.889,4.778,0.111,DECLINE,live
2026-07-29T21:51:24.634254+00:00,เสื้อโอเวอร์ไซส์,0.0,0.0,0.0,0.0,STABLE,live
2026-07-29T21:51:24.634254+00:00,กางเกงขายาวทรงสวย,0.0,0.0,0.0,0.0,STABLE,live
2026-07-29T21:51:24.634254+00:00,เดรสออกงาน,0.0,0.0,0.0,0.0,STABLE,live
2026-07-29T21:51:24.634254+00:00,กระเป๋าสะพาย,0.0,-16.222,-2.778,-12.189,DECLINE,live
2026-07-30T01:28:35.162499+00:00,น้ำหอมติดทน,32.12,0.445,0.857,0.568,INTRO,simulate_fallback
2026-07-30T01:28:35.162499+00:00,เซรั่มหน้าใส,32.45,0.481,-0.102,0.306,INTRO,simulate_fallback
2026-07-30T01:28:35.162499+00:00,ครีมกันแดดโกลว์,28.26,-0.137,0.03,-0.087,STABLE,simulate_fallback
2026-07-30T01:28:35.162499+00:00,คอนซีลเลอร์,29.94,-0.225,-0.088,-0.184,STABLE,simulate_fallback
2026-07-30T01:28:35.162499+00:00,ลิปเปลี่ยนสี,28.38,-0.711,-0.224,-0.565,DECLINE,simulate_fallback
2026-07-30T01:28:35.162499+00:00,โพรไบโอติก,30.16,0.585,0.217,0.474,INTRO,simulate_fallback
2026-07-30T01:28:35.162499+00:00,วิตามินผิว,30.05,0.236,0.301,0.256,STABLE,simulate_fallback
2026-07-30T01:28:35.162499+00:00,ขนมเกาหลี,30.13,0.409,-0.5,0.136,INTRO,simulate_fallback
2026-07-30T01:28:35.162499+00:00,กาแฟลดน้ำหนัก,30.68,-0.251,0.229,-0.107,STABLE,simulate_fallback
2026-07-30T01:28:35.162499+00:00,คอลลาเจน,29.07,-0.208,-0.15,-0.19,STABLE,simulate_fallback
2026-07-30T01:28:35.162499+00:00,เครื่องชงกาแฟ,29.39,0.431,0.24,0.374,INTRO,simulate_fallback
2026-07-30T01:28:35.162499+00:00,ไฟ LED ติดผนัง,28.91,0.25,0.299,0.265,STABLE,simulate_fallback
2026-07-30T01:28:35.162499+00:00,ที่ดูดฝุ่นไร้สาย,30.15,0.312,0.003,0.219,INTRO,simulate_fallback
2026-07-30T01:28:35.162499+00:00,หม้อทอดไร้น้ำมัน,29.19,-0.311,-0.29,-0.305,DECLINE,simulate_fallback
2026-07-30T01:28:35.162499+00:00,เครื่องฟอกอากาศ,28.56,-0.299,-0.477,-0.353,STABLE,simulate_fallback
2026-07-30T01:28:35.162499+00:00,กางเกงขายาวทรงสวย,30.36,0.227,0.359,0.267,STABLE,simulate_fallback
2026-07-30T01:28:35.162499+00:00,เดรสออกงาน,28.48,0.358,-0.096,0.222,INTRO,simulate_fallback
2026-07-30T01:28:35.162499+00:00,กระเป๋าสะพาย,31.05,-0.229,0.825,0.087,STABLE,simulate_fallback
2026-07-30T01:28:35.162499+00:00,เสื้อโอเวอร์ไซส์,29.99,-0.2,0.423,-0.013,STABLE,simulate_fallback
2026-07-30T01:28:35.162499+00:00,รองเท้าผ้าใบ,29.57,-0.191,-0.227,-0.202,STABLE,simulate_fallback
2026-07-30T05:31:34.658232+00:00,คอนซีลเลอร์,0.0,2.556,0.0,1.789,INTRO,live
2026-07-30T05:31:34.658232+00:00,ลิปเปลี่ยนสี,0.0,0.0,0.0,0.0,STABLE,live
2026-07-30T05:31:34.658232+00:00,ครีมกันแดดโกลว์,0.0,0.0,0.0,0.0,STABLE,live
2026-07-30T05:31:34.658232+00:00,เซรั่มหน้าใส,0.0,0.0,0.0,0.0,STABLE,live
2026-07-30T05:31:34.658232+00:00,น้ำหอมติดทน,0.0,-4.556,0.0,-3.189,DECLINE,live
2026-07-30T05:31:34.658232+00:00,โพรไบโอติก,28.56,0.746,0.685,0.727,INTRO,simulate_fallback
2026-07-30T05:31:34.658232+00:00,คอลลาเจน,29.27,0.591,0.748,0.638,INTRO,simulate_fallback
2026-07-30T05:31:34.658232+00:00,วิตามินผิว,29.77,0.265,-0.414,0.062,STABLE,simulate_fallback
2026-07-30T05:31:34.658232+00:00,กาแฟลดน้ำหนัก,31.12,-0.028,-0.065,-0.04,STABLE,simulate_fallback
2026-07-30T05:31:34.658232+00:00,ขนมเกาหลี,27.67,-0.265,-0.205,-0.247,STABLE,simulate_fallback
2026-07-30T05:31:34.658232+00:00,หม้อทอดไร้น้ำมัน,36.0,4.333,-5.333,1.433,PEAK,live
2026-07-30T05:31:34.658232+00:00,เครื่องฟอกอากาศ,0.0,3.889,-6.889,0.656,INTRO,live
2026-07-30T05:31:34.658232+00:00,ที่ดูดฝุ่นไร้สาย,0.0,0.0,0.0,0.0,STABLE,live
2026-07-30T05:31:34.658232+00:00,ไฟ LED ติดผนัง,0.0,0.0,0.0,0.0,STABLE,live
2026-07-30T05:31:34.658232+00:00,เครื่องชงกาแฟ,46.0,-0.111,-3.444,-1.111,STABLE,live
2026-07-30T05:31:34.658232+00:00,รองเท้าผ้าใบ,31.6,0.407,0.522,0.442,INTRO,simulate_fallback
2026-07-30T05:31:34.658232+00:00,เดรสออกงาน,30.05,0.375,0.135,0.303,INTRO,simulate_fallback
2026-07-30T05:31:34.658232+00:00,กางเกงขายาวทรงสวย,32.1,0.113,0.526,0.237,STABLE,simulate_fallback
2026-07-30T05:31:34.658232+00:00,กระเป๋าสะพาย,32.44,0.008,-0.406,-0.116,STABLE,simulate_fallback
2026-07-30T05:31:34.658232+00:00,เสื้อโอเวอร์ไซส์,29.19,-0.215,-0.507,-0.303,STABLE,simulate_fallback
2026-07-30T08:08:40.320603+00:00,ลิปเปลี่ยนสี,30.03,0.354,0.569,0.419,INTRO,simulate_fallback
2026-07-30T08:08:40.320603+00:00,เซรั่มหน้าใส,33.21,0.114,0.441,0.212,STABLE,simulate_fallback
2026-07-30T08:08:40.320603+00:00,คอนซีลเลอร์,30.35,0.029,0.002,0.021,STABLE,simulate_fallback
2026-07-30T08:08:40.320603+00:00,น้ำหอมติดทน,26.75,-0.191,-1.005,-0.435,STABLE,simulate_fallback
2026-07-30T08:08:40.320603+00:00,ครีมกันแดดโกลว์,31.06,-0.479,-1.063,-0.654,DECLINE,simulate_fallback
2026-07-30T08:08:40.320603+00:00,วิตามินผิว,28.72,-0.097,0.356,0.039,STABLE,simulate_fallback
2026-07-30T08:08:40.320603+00:00,กาแฟลดน้ำหนัก,30.65,-0.397,0.369,-0.168,DECLINE,simulate_fallback
2026-07-30T08:08:40.320603+00:00,ขนมเกาหลี,30.26,-0.319,0.028,-0.215,DECLINE,simulate_fallback
2026-07-30T08:08:40.320603+00:00,คอลลาเจน,28.45,-0.584,-0.207,-0.471,DECLINE,simulate_fallback
2026-07-30T08:08:40.320603+00:00,โพรไบโอติก,31.23,-0.716,-0.249,-0.576,DECLINE,simulate_fallback
2026-07-30T08:08:40.320603+00:00,ที่ดูดฝุ่นไร้สาย,31.98,0.523,0.147,0.41,INTRO,simulate_fallback
2026-07-30T08:08:40.320603+00:00,เครื่องฟอกอากาศ,29.78,0.507,0.18,0.409,INTRO,simulate_fallback
2026-07-30T08:08:40.320603+00:00,หม้อทอดไร้น้ำมัน,31.23,0.333,-0.074,0.211,INTRO,simulate_fallback
2026-07-30T08:08:40.320603+00:00,เครื่องชงกาแฟ,29.83,-0.46,0.495,-0.173,DECLINE,simulate_fallback
2026-07-30T08:08:40.320603+00:00,ไฟ LED ติดผนัง,30.8,-0.245,-0.07,-0.192,STABLE,simulate_fallback
2026-07-30T08:08:40.320603+00:00,กระเป๋าสะพาย,31.17,0.556,0.854,0.645,INTRO,simulate_fallback
2026-07-30T08:08:40.320603+00:00,กางเกงขายาวทรงสวย,28.61,0.446,0.101,0.343,INTRO,simulate_fallback
2026-07-30T08:08:40.320603+00:00,เดรสออกงาน,31.31,0.498,-0.038,0.337,INTRO,simulate_fallback
2026-07-30T08:08:40.320603+00:00,รองเท้าผ้าใบ,27.56,0.139,-0.081,0.073,STABLE,simulate_fallback
2026-07-30T08:08:40.320603+00:00,เสื้อโอเวอร์ไซส์,30.74,0.101,-0.38,-0.043,STABLE,simulate_fallback
2026-07-30T10:59:13.215173+00:00,เซรั่มหน้าใส,30.99,0.836,0.321,0.682,INTRO,simulate_fallback
2026-07-30T10:59:13.215173+00:00,ลิปเปลี่ยนสี,30.05,0.62,-0.147,0.39,INTRO,simulate_fallback
2026-07-30T10:59:13.215173+00:00,ครีมกันแดดโกลว์,30.46,0.093,0.291,0.152,STABLE,simulate_fallback
2026-07-30T10:59:13.215173+00:00,คอนซีลเลอร์,28.35,0.252,-0.082,0.152,STABLE,simulate_fallback
2026-07-30T10:59:13.215173+00:00,น้ำหอมติดทน,28.57,-0.503,-0.381,-0.467,DECLINE,simulate_fallback
2026-07-30T10:59:13.215173+00:00,คอลลาเจน,31.28,0.87,0.339,0.71,INTRO,simulate_fallback
2026-07-30T10:59:13.215173+00:00,กาแฟลดน้ำหนัก,28.75,0.338,0.218,0.302,INTRO,simulate_fallback
2026-07-30T10:59:13.215173+00:00,วิตามินผิว,29.73,-0.052,-0.031,-0.046,STABLE,simulate_fallback
2026-07-30T10:59:13.215173+00:00,โพรไบโอติก,28.45,-0.127,0.009,-0.086,STABLE,simulate_fallback
2026-07-30T10:59:13.215173+00:00,ขนมเกาหลี,28.44,-0.136,-0.227,-0.163,STABLE,simulate_fallback
2026-07-30T10:59:13.215173+00:00,เครื่องฟอกอากาศ,30.02,1.015,0.467,0.851,INTRO,simulate_fallback
2026-07-30T10:59:13.215173+00:00,เครื่องชงกาแฟ,30.4,0.213,-0.256,0.072,STABLE,simulate_fallback
2026-07-30T10:59:13.215173+00:00,ที่ดูดฝุ่นไร้สาย,30.37,0.005,-0.099,-0.026,STABLE,simulate_fallback
2026-07-30T10:59:13.215173+00:00,หม้อทอดไร้น้ำมัน,29.48,-0.329,0.169,-0.179,DECLINE,simulate_fallback
2026-07-30T10:59:13.215173+00:00,ไฟ LED ติดผนัง,27.26,-0.497,-0.085,-0.373,DECLINE,simulate_fallback
2026-07-30T10:59:13.215173+00:00,กางเกงขายาวทรงสวย,31.96,0.092,0.252,0.14,STABLE,simulate_fallback
2026-07-30T10:59:13.215173+00:00,เสื้อโอเวอร์ไซส์,30.61,-0.121,0.58,0.089,STABLE,simulate_fallback
2026-07-30T10:59:13.215173+00:00,กระเป๋าสะพาย,30.28,0.102,-0.134,0.031,STABLE,simulate_fallback
2026-07-30T10:59:13.215173+00:00,เดรสออกงาน,28.34,0.017,-0.203,-0.049,STABLE,simulate_fallback
2026-07-30T10:59:13.215173+00:00,รองเท้าผ้าใบ,30.77,-0.157,-0.17,-0.161,STABLE,simulate_fallback
2026-07-30T13:28:22.037703+00:00,เซรั่มหน้าใส,30.23,0.468,0.129,0.366,INTRO,simulate_fallback
2026-07-30T13:28:22.037703+00:00,น้ำหอมติดทน,29.48,-0.11,0.159,-0.029,STABLE,simulate_fallback
2026-07-30T13:28:22.037703+00:00,คอนซีลเลอร์,30.61,-0.019,-0.137,-0.055,STABLE,simulate_fallback
2026-07-30T13:28:22.037703+00:00,ครีมกันแดดโกลว์,30.41,0.082,-0.571,-0.114,STABLE,simulate_fallback
2026-07-30T13:28:22.037703+00:00,ลิปเปลี่ยนสี,29.68,-0.028,-0.478,-0.163,STABLE,simulate_fallback
2026-07-30T13:28:22.037703+00:00,วิตามินผิว,31.64,0.432,0.468,0.443,INTRO,simulate_fallback
2026-07-30T13:28:22.037703+00:00,คอลลาเจน,27.72,0.198,-0.248,0.064,STABLE,simulate_fallback
2026-07-30T13:28:22.037703+00:00,โพรไบโอติก,29.32,0.016,-0.521,-0.145,STABLE,simulate_fallback
2026-07-30T13:28:22.037703+00:00,กาแฟลดน้ำหนัก,30.16,-0.422,-0.236,-0.366,DECLINE,simulate_fallback
2026-07-30T13:28:22.037703+00:00,ขนมเกาหลี,31.36,-0.722,0.263,-0.426,DECLINE,simulate_fallback
2026-07-30T13:28:22.037703+00:00,เครื่องฟอกอากาศ,28.29,0.322,-0.163,0.176,INTRO,simulate_fallback
2026-07-30T13:28:22.037703+00:00,ที่ดูดฝุ่นไร้สาย,30.74,-0.136,-0.266,-0.175,STABLE,simulate_fallback
2026-07-30T13:28:22.037703+00:00,ไฟ LED ติดผนัง,27.21,-0.037,-0.543,-0.189,STABLE,simulate_fallback
2026-07-30T13:28:22.037703+00:00,หม้อทอดไร้น้ำมัน,30.85,-0.521,0.145,-0.321,DECLINE,simulate_fallback
2026-07-30T13:28:22.037703+00:00,เครื่องชงกาแฟ,29.41,-0.327,-0.327,-0.327,DECLINE,simulate_fallback
2026-07-30T13:28:22.037703+00:00,เดรสออกงาน,31.19,1.125,0.619,0.973,INTRO,simulate_fallback
2026-07-30T13:28:22.037703+00:00,กางเกงขายาวทรงสวย,32.01,0.645,-0.352,0.346,INTRO,simulate_fallback
2026-07-30T13:28:22.037703+00:00,กระเป๋าสะพาย,30.13,-0.096,0.461,0.071,STABLE,simulate_fallback
2026-07-30T13:28:22.037703+00:00,เสื้อโอเวอร์ไซส์,30.47,-0.324,-0.188,-0.283,DECLINE,simulate_fallback
2026-07-30T13:28:22.037703+00:00,รองเท้าผ้าใบ,28.51,-0.755,-0.558,-0.696,DECLINE,simulate_fallback
2026-07-30T16:20:42.796059+00:00,น้ำหอมติดทน,32.36,0.671,1.202,0.83,INTRO,simulate_fallback
2026-07-30T16:20:42.796059+00:00,ครีมกันแดดโกลว์,30.9,0.366,0.112,0.29,INTRO,simulate_fallback
2026-07-30T16:20:42.796059+00:00,ลิปเปลี่ยนสี,30.73,0.269,0.089,0.215,STABLE,simulate_fallback
2026-07-30T16:20:42.796059+00:00,เซรั่มหน้าใส,30.32,-0.281,0.254,-0.12,STABLE,simulate_fallback
2026-07-30T16:20:42.796059+00:00,คอนซีลเลอร์,28.22,-0.309,-0.12,-0.253,DECLINE,simulate_fallback
2026-07-30T16:20:42.796059+00:00,กาแฟลดน้ำหนัก,28.62,0.479,0.337,0.437,INTRO,simulate_fallback
2026-07-30T16:20:42.796059+00:00,วิตามินผิว,31.78,0.067,0.287,0.133,STABLE,simulate_fallback
2026-07-30T16:20:42.796059+00:00,โพรไบโอติก,30.78,0.103,-0.385,-0.044,STABLE,simulate_fallback
2026-07-30T16:20:42.796059+00:00,คอลลาเจน,29.25,-0.042,-0.391,-0.147,STABLE,simulate_fallback
2026-07-30T16:20:42.796059+00:00,ขนมเกาหลี,27.14,-0.793,-0.217,-0.62,DECLINE,simulate_fallback
2026-07-30T16:20:42.796059+00:00,ที่ดูดฝุ่นไร้สาย,28.62,0.023,-0.007,0.014,STABLE,simulate_fallback
2026-07-30T16:20:42.796059+00:00,เครื่องฟอกอากาศ,28.23,-0.09,-0.206,-0.125,STABLE,simulate_fallback
2026-07-30T16:20:42.796059+00:00,ไฟ LED ติดผนัง,29.06,-0.021,-1.064,-0.334,STABLE,simulate_fallback
2026-07-30T16:20:42.796059+00:00,หม้อทอดไร้น้ำมัน,26.92,-0.253,-0.533,-0.337,STABLE,simulate_fallback
2026-07-30T16:20:42.796059+00:00,เครื่องชงกาแฟ,29.98,-0.418,-0.531,-0.452,DECLINE,simulate_fallback
2026-07-30T16:20:42.796059+00:00,กางเกงขายาวทรงสวย,29.42,0.397,-0.022,0.271,INTRO,simulate_fallback
2026-07-30T16:20:42.796059+00:00,เสื้อโอเวอร์ไซส์,30.23,0.196,-0.235,0.067,STABLE,simulate_fallback
2026-07-30T16:20:42.796059+00:00,รองเท้าผ้าใบ,28.2,0.121,-0.155,0.038,STABLE,simulate_fallback
2026-07-30T16:20:42.796059+00:00,เดรสออกงาน,27.51,-0.45,-0.399,-0.435,DECLINE,simulate_fallback
2026-07-30T16:20:42.796059+00:00,กระเป๋าสะพาย,30.23,-0.449,-0.618,-0.499,DECLINE,simulate_fallback
2026-07-30T19:10:33.431981+00:00,ลิปเปลี่ยนสี,0.0,0.0,0.0,0.0,STABLE,live
2026-07-30T19:10:33.431981+00:00,ครีมกันแดดโกลว์,0.0,0.0,0.0,0.0,STABLE,live
2026-07-30T19:10:33.431981+00:00,น้ำหอมติดทน,0.0,0.0,0.0,0.0,STABLE,live
2026-07-30T19:10:33.431981+00:00,เซรั่มหน้าใส,0.0,-2.667,0.0,-1.867,DECLINE,live
2026-07-30T19:10:33.431981+00:00,คอนซีลเลอร์,0.0,-2.778,0.0,-1.944,DECLINE,live
2026-07-30T19:10:33.431981+00:00,ขนมเกาหลี,0.0,0.0,0.0,0.0,STABLE,live
2026-07-30T19:10:33.431981+00:00,กาแฟลดน้ำหนัก,0.0,0.0,0.0,0.0,STABLE,live
2026-07-30T19:10:33.431981+00:00,โพรไบโอติก,0.0,-1.667,2.556,-0.4,DECLINE,live
2026-07-30T19:10:33.431981+00:00,วิตามินผิว,0.0,-1.667,0.0,-1.167,DECLINE,live
2026-07-30T19:10:33.431981+00:00,คอลลาเจน,0.0,-14.333,-4.444,-11.367,DECLINE,live
2026-07-30T19:10:33.431981+00:00,ที่ดูดฝุ่นไร้สาย,0.0,0.0,0.0,0.0,STABLE,live
2026-07-30T19:10:33.431981+00:00,ไฟ LED ติดผนัง,0.0,0.0,0.0,0.0,STABLE,live
2026-07-30T19:10:33.431981+00:00,หม้อทอดไร้น้ำมัน,0.0,-5.778,4.0,-2.844,DECLINE,live
2026-07-30T19:10:33.431981+00:00,เครื่องชงกาแฟ,0.0,-11.0,3.0,-6.8,DECLINE,live
2026-07-30T19:10:33.431981+00:00,เครื่องฟอกอากาศ,0.0,-18.444,-4.667,-14.311,DECLINE,live
2026-07-30T19:10:33.431981+00:00,เสื้อโอเวอร์ไซส์,0.0,0.0,0.0,0.0,STABLE,live
2026-07-30T19:10:33.431981+00:00,กางเกงขายาวทรงสวย,0.0,0.0,0.0,0.0,STABLE,live
2026-07-30T19:10:33.431981+00:00,เดรสออกงาน,0.0,0.0,0.0,0.0,STABLE,live
2026-07-30T19:10:33.431981+00:00,กระเป๋าสะพาย,0.0,-12.889,-3.556,-10.089,DECLINE,live
2026-07-30T19:10:33.431981+00:00,รองเท้าผ้าใบ,0.0,-12.556,-9.778,-11.722,DECLINE,live
2026-07-30T21:59:43.379340+00:00,ลิปเปลี่ยนสี,0.0,0.0,0.0,0.0,STABLE,live
2026-07-30T21:59:43.379340+00:00,ครีมกันแดดโกลว์,0.0,0.0,0.0,0.0,STABLE,live
2026-07-30T21:59:43.379340+00:00,เซรั่มหน้าใส,0.0,0.0,0.0,0.0,STABLE,live
2026-07-30T21:59:43.379340+00:00,คอนซีลเลอร์,0.0,0.0,0.0,0.0,STABLE,live
2026-07-30T21:59:43.379340+00:00,น้ำหอมติดทน,0.0,-3.667,0.0,-2.567,DECLINE,live
2026-07-30T21:59:43.379340+00:00,วิตามินผิว,0.0,0.0,2.333,0.7,STABLE,live
2026-07-30T21:59:43.379340+00:00,ขนมเกาหลี,0.0,0.0,0.0,0.0,STABLE,live
2026-07-30T21:59:43.379340+00:00,กาแฟลดน้ำหนัก,0.0,0.0,0.0,0.0,STABLE,live
2026-07-30T21:59:43.379340+00:00,โพรไบโอติก,0.0,-2.222,2.333,-0.856,DECLINE,live
2026-07-30T21:59:43.379340+00:00,คอลลาเจน,0.0,-4.222,6.222,-1.089,DECLINE,live
2026-07-30T21:59:43.379340+00:00,เครื่องชงกาแฟ,0.0,15.889,6.889,13.189,INTRO,live
2026-07-30T21:59:43.379340+00:00,หม้อทอดไร้น้ำมัน,0.0,0.0,2.444,0.733,STABLE,live
2026-07-30T21:59:43.379340+00:00,ที่ดูดฝุ่นไร้สาย,0.0,0.0,0.0,0.0,STABLE,live
2026-07-30T21:59:43.379340+00:00,ไฟ LED ติดผนัง,0.0,0.0,0.0,0.0,STABLE,live
2026-07-30T21:59:43.379340+00:00,เครื่องฟอกอากาศ,0.0,-4.556,7.0,-1.089,DECLINE,live
2026-07-30T21:59:43.379340+00:00,เสื้อโอเวอร์ไซส์,0.0,0.0,0.0,0.0,STABLE,live
2026-07-30T21:59:43.379340+00:00,กางเกงขายาวทรงสวย,0.0,0.0,0.0,0.0,STABLE,live
2026-07-30T21:59:43.379340+00:00,เดรสออกงาน,0.0,0.0,0.0,0.0,STABLE,live
2026-07-30T21:59:43.379340+00:00,กระเป๋าสะพาย,0.0,-9.778,7.333,-4.644,DECLINE,live
2026-07-30T21:59:43.379340+00:00,รองเท้าผ้าใบ,0.0,-14.111,7.0,-7.778,DECLINE,live
2026-07-31T01:55:29.650378+00:00,ลิปเปลี่ยนสี,0.0,0.0,0.0,0.0,STABLE,live
2026-07-31T01:55:29.650378+00:00,ครีมกันแดดโกลว์,0.0,0.0,0.0,0.0,STABLE,live
2026-07-31T01:55:29.650378+00:00,เซรั่มหน้าใส,0.0,0.0,0.0,0.0,STABLE,live
2026-07-31T01:55:29.650378+00:00,น้ำหอมติดทน,0.0,0.0,0.0,0.0,STABLE,live
2026-07-31T01:55:29.650378+00:00,คอนซีลเลอร์,0.0,0.0,0.0,0.0,STABLE,live
2026-07-31T01:55:29.650378+00:00,คอลลาเจน,84.0,24.444,9.333,19.911,GROWTH,live
2026-07-31T01:55:29.650378+00:00,วิตามินผิว,18.0,2.0,2.0,2.0,INTRO,live
2026-07-31T01:55:29.650378+00:00,ขนมเกาหลี,0.0,0.0,0.0,0.0,STABLE,live
2026-07-31T01:55:29.650378+00:00,กาแฟลดน้ำหนัก,0.0,0.0,0.0,0.0,STABLE,live
2026-07-31T01:55:29.650378+00:00,โพรไบโอติก,0.0,0.0,0.0,0.0,STABLE,live
2026-07-31T01:55:29.650378+00:00,เครื่องชงกาแฟ,81.0,24.0,9.0,19.5,GROWTH,live
2026-07-31T01:55:29.650378+00:00,เครื่องฟอกอากาศ,37.0,4.111,4.111,4.111,GROWTH,live
2026-07-31T01:55:29.650378+00:00,ที่ดูดฝุ่นไร้สาย,0.0,0.0,0.0,0.0,STABLE,live
2026-07-31T01:55:29.650378+00:00,หม้อทอดไร้น้ำมัน,0.0,0.0,0.0,0.0,STABLE,live
2026-07-31T01:55:29.650378+00:00,ไฟ LED ติดผนัง,0.0,0.0,0.0,0.0,STABLE,live
2026-07-31T01:55:29.650378+00:00,กระเป๋าสะพาย,25.0,16.667,2.778,12.5,INTRO,live
2026-07-31T01:55:29.650378+00:00,รองเท้าผ้าใบ,63.0,13.556,7.0,11.589,GROWTH,live
2026-07-31T01:55:29.650378+00:00,เสื้อโอเวอร์ไซส์,0.0,0.0,0.0,0.0,STABLE,live
2026-07-31T01:55:29.650378+00:00,กางเกงขายาวทรงสวย,0.0,0.0,0.0,0.0,STABLE,live
2026-07-31T01:55:29.650378+00:00,เดรสออกงาน,0.0,0.0,0.0,0.0,STABLE,live
2026-07-31T05:56:25.303369+00:00,ลิปเปลี่ยนสี,0.0,0.0,0.0,0.0,STABLE,live
2026-07-31T05:56:25.303369+00:00,ครีมกันแดดโกลว์,0.0,0.0,0.0,0.0,STABLE,live
2026-07-31T05:56:25.303369+00:00,เซรั่มหน้าใส,0.0,0.0,0.0,0.0,STABLE,live
2026-07-31T05:56:25.303369+00:00,น้ำหอมติดทน,0.0,0.0,0.0,0.0,STABLE,live
2026-07-31T05:56:25.303369+00:00,คอนซีลเลอร์,0.0,-9.667,0.0,-6.767,DECLINE,live
2026-07-31T05:56:25.303369+00:00,วิตามินผิว,0.0,2.667,0.0,1.867,INTRO,live
2026-07-31T05:56:25.303369+00:00,โพรไบโอติก,30.0,1.111,-1.111,0.444,INTRO,live
2026-07-31T05:56:25.303369+00:00,ขนมเกาหลี,0.0,0.0,0.0,0.0,STABLE,live
2026-07-31T05:56:25.303369+00:00,กาแฟลดน้ำหนัก,0.0,0.0,0.0,0.0,STABLE,live
2026-07-31T05:56:25.303369+00:00,คอลลาเจน,51.0,-7.0,2.111,-4.267,DECLINE,live
2026-07-31T05:56:25.303369+00:00,เครื่องฟอกอากาศ,67.0,10.0,3.0,7.9,GROWTH,live
2026-07-31T05:56:25.303369+00:00,หม้อทอดไร้น้ำมัน,37.0,6.222,4.111,5.589,GROWTH,live
2026-07-31T05:56:25.303369+00:00,ที่ดูดฝุ่นไร้สาย,0.0,0.0,0.0,0.0,STABLE,live
2026-07-31T05:56:25.303369+00:00,ไฟ LED ติดผนัง,0.0,0.0,0.0,0.0,STABLE,live
2026-07-31T05:56:25.303369+00:00,เครื่องชงกาแฟ,59.0,-2.889,2.667,-1.222,DECLINE,live
2026-07-31T05:56:25.303369+00:00,กระเป๋าสะพาย,40.0,0.222,4.0,1.356,STABLE,live
2026-07-31T05:56:25.303369+00:00,เสื้อโอเวอร์ไซส์,0.0,0.0,0.0,0.0,STABLE,live
2026-07-31T05:56:25.303369+00:00,กางเกงขายาวทรงสวย,0.0,0.0,0.0,0.0,STABLE,live
2026-07-31T05:56:25.303369+00:00,เดรสออกงาน,0.0,0.0,0.0,0.0,STABLE,live
2026-07-31T05:56:25.303369+00:00,รองเท้าผ้าใบ,55.0,0.222,-2.778,-0.678,STABLE,live
2026-07-31T08:40:19.682327+00:00,ลิปเปลี่ยนสี,0.0,0.0,0.0,0.0,STABLE,live
2026-07-31T08:40:19.682327+00:00,ครีมกันแดดโกลว์,0.0,0.0,0.0,0.0,STABLE,live
2026-07-31T08:40:19.682327+00:00,เซรั่มหน้าใส,0.0,0.0,0.0,0.0,STABLE,live
2026-07-31T08:40:19.682327+00:00,น้ำหอมติดทน,0.0,0.0,0.0,0.0,STABLE,live
2026-07-31T08:40:19.682327+00:00,คอนซีลเลอร์,25.0,-2.889,-3.889,-3.189,DECLINE,live
2026-07-31T08:40:19.682327+00:00,คอลลาเจน,32.8,0.273,0.478,0.335,STABLE,simulate_fallback
2026-07-31T08:40:19.682327+00:00,กาแฟลดน้ำหนัก,28.01,0.105,0.082,0.098,STABLE,simulate_fallback
2026-07-31T08:40:19.682327+00:00,โพรไบโอติก,29.91,0.007,0.06,0.023,STABLE,simulate_fallback
2026-07-31T08:40:19.682327+00:00,ขนมเกาหลี,33.71,-0.178,-0.062,-0.143,STABLE,simulate_fallback
2026-07-31T08:40:19.682327+00:00,วิตามินผิว,28.74,-0.706,0.014,-0.49,DECLINE,simulate_fallback
2026-07-31T08:40:19.682327+00:00,หม้อทอดไร้น้ำมัน,31.45,0.148,0.547,0.267,STABLE,simulate_fallback
2026-07-31T08:40:19.682327+00:00,ที่ดูดฝุ่นไร้สาย,28.13,-0.186,-0.229,-0.199,STABLE,simulate_fallback
2026-07-31T08:40:19.682327+00:00,เครื่องชงกาแฟ,29.22,-0.196,-0.274,-0.219,STABLE,simulate_fallback
2026-07-31T08:40:19.682327+00:00,เครื่องฟอกอากาศ,28.16,-0.425,-0.081,-0.322,DECLINE,simulate_fallback
2026-07-31T08:40:19.682327+00:00,ไฟ LED ติดผนัง,27.23,-0.606,-0.204,-0.485,DECLINE,simulate_fallback
2026-07-31T08:40:19.682327+00:00,กระเป๋าสะพาย,32.68,0.287,0.092,0.229,STABLE,simulate_fallback
2026-07-31T08:40:19.682327+00:00,เดรสออกงาน,29.63,0.057,0.519,0.196,STABLE,simulate_fallback
2026-07-31T08:40:19.682327+00:00,กางเกงขายาวทรงสวย,32.63,0.159,-0.011,0.108,STABLE,simulate_fallback
2026-07-31T08:40:19.682327+00:00,รองเท้าผ้าใบ,29.93,0.152,-0.13,0.067,STABLE,simulate_fallback
2026-07-31T08:40:19.682327+00:00,เสื้อโอเวอร์ไซส์,31.22,-0.01,0.147,0.037,STABLE,simulate_fallback
2026-07-31T11:21:19.466210+00:00,ลิปเปลี่ยนสี,0.0,0.0,0.0,0.0,STABLE,live
2026-07-31T11:21:19.466210+00:00,ครีมกันแดดโกลว์,0.0,0.0,0.0,0.0,STABLE,live
2026-07-31T11:21:19.466210+00:00,เซรั่มหน้าใส,0.0,0.0,0.0,0.0,STABLE,live
2026-07-31T11:21:19.466210+00:00,น้ำหอมติดทน,0.0,0.0,0.0,0.0,STABLE,live
2026-07-31T11:21:19.466210+00:00,คอนซีลเลอร์,0.0,-2.444,-3.222,-2.678,DECLINE,live
2026-07-31T11:21:19.466210+00:00,โพรไบโอติก,0.0,0.222,2.222,0.822,STABLE,live
2026-07-31T11:21:19.466210+00:00,ขนมเกาหลี,0.0,0.0,0.0,0.0,STABLE,live
2026-07-31T11:21:19.466210+00:00,กาแฟลดน้ำหนัก,0.0,0.0,0.0,0.0,STABLE,live
2026-07-31T11:21:19.466210+00:00,คอลลาเจน,49.0,-2.444,-1.889,-2.278,DECLINE,live
2026-07-31T11:21:19.466210+00:00,วิตามินผิว,0.0,-1.222,-5.111,-2.389,DECLINE,live
2026-07-31T11:21:19.466210+00:00,ที่ดูดฝุ่นไร้สาย,0.0,0.0,0.0,0.0,STABLE,live
2026-07-31T11:21:19.466210+00:00,ไฟ LED ติดผนัง,0.0,0.0,0.0,0.0,STABLE,live
2026-07-31T11:21:19.466210+00:00,หม้อทอดไร้น้ำมัน,0.0,0.111,-1.222,-0.289,STABLE,live
2026-07-31T11:21:19.466210+00:00,เครื่องฟอกอากาศ,0.0,-3.111,-0.556,-2.344,DECLINE,live
2026-07-31T11:21:19.466210+00:00,เครื่องชงกาแฟ,0.0,-7.111,-3.0,-5.878,DECLINE,live
2026-07-31T11:21:19.466210+00:00,เสื้อโอเวอร์ไซส์,0.0,0.0,0.0,0.0,STABLE,live
2026-07-31T11:21:19.466210+00:00,กางเกงขายาวทรงสวย,0.0,0.0,0.0,0.0,STABLE,live
2026-07-31T11:21:19.466210+00:00,เดรสออกงาน,0.0,0.0,0.0,0.0,STABLE,live
2026-07-31T11:21:19.466210+00:00,กระเป๋าสะพาย,0.0,-2.889,-3.444,-3.056,DECLINE,live
2026-07-31T11:21:19.466210+00:00,รองเท้าผ้าใบ,0.0,-4.0,-1.667,-3.3,DECLINE,live
2026-07-31T13:42:20.109588+00:00,ลิปเปลี่ยนสี,31.45,0.446,0.277,0.395,INTRO,simulate_fallback
2026-07-31T13:42:20.109588+00:00,น้ำหอมติดทน,30.76,0.36,0.287,0.338,INTRO,simulate_fallback
2026-07-31T13:42:20.109588+00:00,คอนซีลเลอร์,29.64,0.301,0.218,0.276,INTRO,simulate_fallback
2026-07-31T13:42:20.109588+00:00,เซรั่มหน้าใส,30.32,0.238,-0.335,0.066,STABLE,simulate_fallback
2026-07-31T13:42:20.109588+00:00,ครีมกันแดดโกลว์,29.41,-0.397,-0.018,-0.283,DECLINE,simulate_fallback
2026-07-31T13:42:20.109588+00:00,กาแฟลดน้ำหนัก,29.03,0.336,0.051,0.25,INTRO,simulate_fallback
2026-07-31T13:42:20.109588+00:00,ขนมเกาหลี,31.61,0.233,0.179,0.216,STABLE,simulate_fallback
2026-07-31T13:42:20.109588+00:00,โพรไบโอติก,29.19,0.208,-0.179,0.092,STABLE,simulate_fallback
2026-07-31T13:42:20.109588+00:00,คอลลาเจน,29.16,-0.035,-0.221,-0.091,STABLE,simulate_fallback
2026-07-31T13:42:20.109588+00:00,วิตามินผิว,28.23,-0.687,-0.414,-0.605,DECLINE,simulate_fallback
2026-07-31T13:42:20.109588+00:00,หม้อทอดไร้น้ำมัน,28.63,0.074,0.074,0.074,STABLE,simulate_fallback
2026-07-31T13:42:20.109588+00:00,ที่ดูดฝุ่นไร้สาย,29.07,-0.077,-0.238,-0.125,STABLE,simulate_fallback
2026-07-31T13:42:20.109588+00:00,เครื่องชงกาแฟ,30.5,-0.187,-0.199,-0.19,STABLE,simulate_fallback
2026-07-31T13:42:20.109588+00:00,เครื่องฟอกอากาศ,28.17,-0.378,-0.222,-0.331,DECLINE,simulate_fallback
2026-07-31T13:42:20.109588+00:00,ไฟ LED ติดผนัง,30.06,-0.546,-0.488,-0.529,DECLINE,simulate_fallback
2026-07-31T13:42:20.109588+00:00,กระเป๋าสะพาย,33.67,0.762,0.88,0.797,INTRO,simulate_fallback
2026-07-31T13:42:20.109588+00:00,กางเกงขายาวทรงสวย,29.71,0.314,-0.177,0.167,INTRO,simulate_fallback
2026-07-31T13:42:20.109588+00:00,เดรสออกงาน,28.92,0.095,0.023,0.073,STABLE,simulate_fallback
2026-07-31T13:42:20.109588+00:00,รองเท้าผ้าใบ,28.94,-0.251,-0.269,-0.256,STABLE,simulate_fallback
2026-07-31T13:42:20.109588+00:00,เสื้อโอเวอร์ไซส์,29.43,-0.784,-0.976,-0.841,DECLINE,simulate_fallback
2026-07-31T16:30:07.937529+00:00,ลิปเปลี่ยนสี,32.49,0.505,0.79,0.591,INTRO,simulate_fallback
2026-07-31T16:30:07.937529+00:00,คอนซีลเลอร์,30.11,0.236,0.372,0.277,STABLE,simulate_fallback
2026-07-31T16:30:07.937529+00:00,ครีมกันแดดโกลว์,29.18,-0.008,0.206,0.056,STABLE,simulate_fallback
2026-07-31T16:30:07.937529+00:00,เซรั่มหน้าใส,29.3,-0.136,-0.48,-0.239,STABLE,simulate_fallback
2026-07-31T16:30:07.937529+00:00,น้ำหอมติดทน,27.31,-0.172,-0.765,-0.35,STABLE,simulate_fallback
2026-07-31T16:30:07.937529+00:00,กาแฟลดน้ำหนัก,31.99,0.838,0.703,0.797,INTRO,simulate_fallback
2026-07-31T16:30:07.937529+00:00,วิตามินผิว,28.64,0.85,0.588,0.771,INTRO,simulate_fallback
2026-07-31T16:30:07.937529+00:00,ขนมเกาหลี,29.81,-0.237,0.237,-0.095,STABLE,simulate_fallback
2026-07-31T16:30:07.937529+00:00,คอลลาเจน,32.99,-0.103,-0.141,-0.114,STABLE,simulate_fallback
2026-07-31T16:30:07.937529+00:00,โพรไบโอติก,29.04,-0.368,0.222,-0.191,DECLINE,simulate_fallback
2026-07-31T16:30:07.937529+00:00,เครื่องฟอกอากาศ,0.0,6.222,4.667,5.756,INTRO,live
2026-07-31T16:30:07.937529+00:00,ที่ดูดฝุ่นไร้สาย,0.0,0.0,0.0,0.0,STABLE,live
2026-07-31T16:30:07.937529+00:00,ไฟ LED ติดผนัง,0.0,0.0,0.0,0.0,STABLE,live
2026-07-31T16:30:07.937529+00:00,หม้อทอดไร้น้ำมัน,0.0,-5.889,5.778,-2.389,DECLINE,live
2026-07-31T16:30:07.937529+00:00,เครื่องชงกาแฟ,0.0,-6.556,-3.556,-5.656,DECLINE,live
2026-07-31T16:30:07.937529+00:00,เดรสออกงาน,29.23,0.489,0.721,0.559,INTRO,simulate_fallback
2026-07-31T16:30:07.937529+00:00,กระเป๋าสะพาย,31.05,0.143,0.021,0.107,STABLE,simulate_fallback
2026-07-31T16:30:07.937529+00:00,เสื้อโอเวอร์ไซส์,29.75,-0.124,0.328,0.012,STABLE,simulate_fallback
2026-07-31T16:30:07.937529+00:00,รองเท้าผ้าใบ,29.71,-0.166,-0.665,-0.316,STABLE,simulate_fallback
2026-07-31T16:30:07.937529+00:00,กางเกงขายาวทรงสวย,28.46,-0.388,-0.292,-0.359,DECLINE,simulate_fallback
2026-07-31T19:09:04.275588+00:00,น้ำหอมติดทน,0.0,0.0,5.556,1.667,STABLE,live
2026-07-31T19:09:04.275588+00:00,ลิปเปลี่ยนสี,0.0,0.0,0.0,0.0,STABLE,live
2026-07-31T19:09:04.275588+00:00,ครีมกันแดดโกลว์,0.0,0.0,0.0,0.0,STABLE,live
2026-07-31T19:09:04.275588+00:00,เซรั่มหน้าใส,0.0,0.0,0.0,0.0,STABLE,live
2026-07-31T19:09:04.275588+00:00,คอนซีลเลอร์,0.0,0.0,0.0,0.0,STABLE,live
2026-07-31T19:09:04.275588+00:00,ขนมเกาหลี,0.0,0.0,0.0,0.0,STABLE,live
2026-07-31T19:09:04.275588+00:00,กาแฟลดน้ำหนัก,0.0,-1.556,0.0,-1.089,DECLINE,live
2026-07-31T19:09:04.275588+00:00,วิตามินผิว,0.0,-2.556,0.0,-1.789,DECLINE,live
2026-07-31T19:09:04.275588+00:00,โพรไบโอติก,0.0,-5.0,2.222,-2.833,DECLINE,live
2026-07-31T19:09:04.275588+00:00,คอลลาเจน,0.0,-6.556,-5.556,-6.256,DECLINE,live
2026-07-31T19:09:04.275588+00:00,ที่ดูดฝุ่นไร้สาย,0.0,0.0,0.0,0.0,STABLE,live
2026-07-31T19:09:04.275588+00:00,ไฟ LED ติดผนัง,0.0,0.0,0.0,0.0,STABLE,live
2026-07-31T19:09:04.275588+00:00,หม้อทอดไร้น้ำมัน,0.0,-2.667,0.0,-1.867,DECLINE,live
2026-07-31T19:09:04.275588+00:00,เครื่องชงกาแฟ,0.0,-6.778,-3.556,-5.811,DECLINE,live
2026-07-31T19:09:04.275588+00:00,เครื่องฟอกอากาศ,0.0,-10.667,-5.556,-9.133,DECLINE,live
2026-07-31T19:09:04.275588+00:00,เสื้อโอเวอร์ไซส์,0.0,0.0,0.0,0.0,STABLE,live
2026-07-31T19:09:04.275588+00:00,กางเกงขายาวทรงสวย,0.0,0.0,0.0,0.0,STABLE,live
2026-07-31T19:09:04.275588+00:00,เดรสออกงาน,0.0,0.0,0.0,0.0,STABLE,live
2026-07-31T19:09:04.275588+00:00,กระเป๋าสะพาย,0.0,-4.333,-6.556,-5.0,DECLINE,live
2026-07-31T19:09:04.275588+00:00,รองเท้าผ้าใบ,0.0,-7.444,-1.222,-5.578,DECLINE,live
2026-07-31T21:57:37.897431+00:00,ครีมกันแดดโกลว์,30.33,0.338,0.48,0.381,INTRO,simulate_fallback
2026-07-31T21:57:37.897431+00:00,คอนซีลเลอร์,30.55,0.373,-0.149,0.217,INTRO,simulate_fallback
2026-07-31T21:57:37.897431+00:00,เซรั่มหน้าใส,30.99,-0.013,0.207,0.053,STABLE,simulate_fallback
2026-07-31T21:57:37.897431+00:00,น้ำหอมติดทน,31.73,-0.15,0.134,-0.065,STABLE,simulate_fallback
2026-07-31T21:57:37.897431+00:00,ลิปเปลี่ยนสี,31.29,0.177,-0.686,-0.082,STABLE,simulate_fallback
2026-07-31T21:57:37.897431+00:00,ขนมเกาหลี,33.22,0.786,-0.048,0.536,INTRO,simulate_fallback
2026-07-31T21:57:37.897431+00:00,คอลลาเจน,30.8,0.191,0.122,0.17,STABLE,simulate_fallback
2026-07-31T21:57:37.897431+00:00,กาแฟลดน้ำหนัก,31.6,0.333,-0.254,0.157,INTRO,simulate_fallback
2026-07-31T21:57:37.897431+00:00,วิตามินผิว,31.64,-0.116,0.232,-0.011,STABLE,simulate_fallback
2026-07-31T21:57:37.897431+00:00,โพรไบโอติก,28.27,-0.286,-0.542,-0.362,STABLE,simulate_fallback
2026-07-31T21:57:37.897431+00:00,เครื่องชงกาแฟ,29.18,0.877,0.967,0.904,INTRO,simulate_fallback
2026-07-31T21:57:37.897431+00:00,หม้อทอดไร้น้ำมัน,30.15,0.704,0.651,0.688,INTRO,simulate_fallback
2026-07-31T21:57:37.897431+00:00,เครื่องฟอกอากาศ,32.17,0.002,0.311,0.095,STABLE,simulate_fallback
2026-07-31T21:57:37.897431+00:00,ไฟ LED ติดผนัง,29.43,-0.273,-0.149,-0.236,STABLE,simulate_fallback
2026-07-31T21:57:37.897431+00:00,ที่ดูดฝุ่นไร้สาย,26.1,-1.072,-0.86,-1.008,DECLINE,simulate_fallback
2026-07-31T21:57:37.897431+00:00,เสื้อโอเวอร์ไซส์,0.0,0.0,0.0,0.0,STABLE,live
2026-07-31T21:57:37.897431+00:00,กางเกงขายาวทรงสวย,0.0,0.0,0.0,0.0,STABLE,live
2026-07-31T21:57:37.897431+00:00,เดรสออกงาน,0.0,0.0,0.0,0.0,STABLE,live
2026-07-31T21:57:37.897431+00:00,รองเท้าผ้าใบ,0.0,-12.111,-9.556,-11.344,DECLINE,live
2026-07-31T21:57:37.897431+00:00,กระเป๋าสะพาย,0.0,-17.222,-9.556,-14.922,DECLINE,live
2026-08-01T01:56:42.346896+00:00,ลิปเปลี่ยนสี,0.0,0.0,0.0,0.0,STABLE,live
2026-08-01T01:56:42.346896+00:00,ครีมกันแดดโกลว์,0.0,0.0,0.0,0.0,STABLE,live
2026-08-01T01:56:42.346896+00:00,เซรั่มหน้าใส,0.0,0.0,0.0,0.0,STABLE,live
2026-08-01T01:56:42.346896+00:00,น้ำหอมติดทน,0.0,0.0,0.0,0.0,STABLE,live
2026-08-01T01:56:42.346896+00:00,คอนซีลเลอร์,0.0,0.0,0.0,0.0,STABLE,live
2026-08-01T01:56:42.346896+00:00,วิตามินผิว,0.0,0.0,0.0,0.0,STABLE,live
2026-08-01T01:56:42.346896+00:00,ขนมเกาหลี,0.0,0.0,0.0,0.0,STABLE,live
2026-08-01T01:56:42.346896+00:00,กาแฟลดน้ำหนัก,0.0,0.0,0.0,0.0,STABLE,live
2026-08-01T01:56:42.346896+00:00,คอลลาเจน,68.0,-1.111,-8.0,-3.178,DECLINE,live
2026-08-01T01:56:42.346896+00:00,โพรไบโอติก,0.0,-3.333,-13.111,-6.267,DECLINE,live
2026-08-01T01:56:42.346896+00:00,เครื่องชงกาแฟ,71.0,13.778,7.889,12.011,GROWTH,live
2026-08-01T01:56:42.346896+00:00,หม้อทอดไร้น้ำมัน,36.0,4.0,4.0,4.0,GROWTH,live
2026-08-01T01:56:42.346896+00:00,ที่ดูดฝุ่นไร้สาย,0.0,0.0,0.0,0.0,STABLE,live
2026-08-01T01:56:42.346896+00:00,เครื่องฟอกอากาศ,0.0,0.0,0.0,0.0,STABLE,live
2026-08-01T01:56:42.346896+00:00,ไฟ LED ติดผนัง,0.0,0.0,0.0,0.0,STABLE,live
2026-08-01T01:56:42.346896+00:00,รองเท้าผ้าใบ,69.0,19.556,7.667,15.989,GROWTH,live
2026-08-01T01:56:42.346896+00:00,กระเป๋าสะพาย,39.0,9.222,4.333,7.756,GROWTH,live
2026-08-01T01:56:42.346896+00:00,เสื้อโอเวอร์ไซส์,0.0,0.0,0.0,0.0,STABLE,live
2026-08-01T01:56:42.346896+00:00,กางเกงขายาวทรงสวย,0.0,0.0,0.0,0.0,STABLE,live
2026-08-01T01:56:42.346896+00:00,เดรสออกงาน,0.0,0.0,0.0,0.0,STABLE,live
2026-08-01T05:46:35.459918+00:00,น้ำหอมติดทน,30.54,0.821,0.651,0.77,INTRO,simulate_fallback
2026-08-01T05:46:35.459918+00:00,ลิปเปลี่ยนสี,31.45,0.543,0.707,0.592,INTRO,simulate_fallback
2026-08-01T05:46:35.459918+00:00,คอนซีลเลอร์,31.15,-0.038,0.175,0.026,STABLE,simulate_fallback
2026-08-01T05:46:35.459918+00:00,เซรั่มหน้าใส,29.32,-0.302,0.029,-0.203,DECLINE,simulate_fallback
2026-08-01T05:46:35.459918+00:00,ครีมกันแดดโกลว์,27.81,-0.396,-0.062,-0.295,DECLINE,simulate_fallback
2026-08-01T05:46:35.459918+00:00,ขนมเกาหลี,0.0,1.778,0.0,1.244,INTRO,live
2026-08-01T05:46:35.459918+00:00,วิตามินผิว,0.0,0.0,0.0,0.0,STABLE,live
2026-08-01T05:46:35.459918+00:00,กาแฟลดน้ำหนัก,0.0,0.0,0.0,0.0,STABLE,live
2026-08-01T05:46:35.459918+00:00,คอลลาเจน,51.0,-5.778,-2.889,-4.911,DECLINE,live
2026-08-01T05:46:35.459918+00:00,โพรไบโอติก,0.0,-6.667,-5.778,-6.4,DECLINE,live
2026-08-01T05:46:35.459918+00:00,เครื่องฟอกอากาศ,29.0,8.333,-1.889,5.267,INTRO,live
2026-08-01T05:46:35.459918+00:00,ที่ดูดฝุ่นไร้สาย,0.0,0.0,0.0,0.0,STABLE,live
2026-08-01T05:46:35.459918+00:00,ไฟ LED ติดผนัง,0.0,0.0,0.0,0.0,STABLE,live
2026-08-01T05:46:35.459918+00:00,หม้อทอดไร้น้ำมัน,35.0,-0.444,-1.222,-0.678,DECLINE,live
2026-08-01T05:46:35.459918+00:00,เครื่องชงกาแฟ,37.0,-3.889,-10.778,-5.956,DECLINE,live
2026-08-01T05:46:35.459918+00:00,รองเท้าผ้าใบ,63.0,4.111,3.556,3.944,GROWTH,live
2026-08-01T05:46:35.459918+00:00,เสื้อโอเวอร์ไซส์,0.0,0.0,0.0,0.0,STABLE,live
2026-08-01T05:46:35.459918+00:00,กางเกงขายาวทรงสวย,0.0,0.0,0.0,0.0,STABLE,live
2026-08-01T05:46:35.459918+00:00,เดรสออกงาน,0.0,0.0,0.0,0.0,STABLE,live
2026-08-01T05:46:35.459918+00:00,กระเป๋าสะพาย,43.0,0.0,-5.444,-1.633,STABLE,live
2026-08-01T08:04:50.643996+00:00,คอนซีลเลอร์,29.4,0.708,0.705,0.708,INTRO,simulate_fallback
2026-08-01T08:04:50.643996+00:00,น้ำหอมติดทน,32.43,0.376,0.092,0.291,INTRO,simulate_fallback
2026-08-01T08:04:50.643996+00:00,เซรั่มหน้าใส,32.05,0.002,0.347,0.105,STABLE,simulate_fallback
2026-08-01T08:04:50.643996+00:00,ลิปเปลี่ยนสี,31.86,0.176,-0.358,0.015,STABLE,simulate_fallback
2026-08-01T08:04:50.643996+00:00,ครีมกันแดดโกลว์,28.02,-1.084,-0.528,-0.917,DECLINE,simulate_fallback
2026-08-01T08:04:50.643996+00:00,คอลลาเจน,31.49,0.352,0.15,0.291,INTRO,simulate_fallback
2026-08-01T08:04:50.643996+00:00,กาแฟลดน้ำหนัก,29.47,0.309,0.223,0.283,INTRO,simulate_fallback
2026-08-01T08:04:50.643996+00:00,วิตามินผิว,29.16,0.262,0.09,0.21,STABLE,simulate_fallback
2026-08-01T08:04:50.643996+00:00,ขนมเกาหลี,28.99,-0.521,-0.734,-0.585,DECLINE,simulate_fallback
2026-08-01T08:04:50.643996+00:00,โพรไบโอติก,28.29,-0.76,-0.854,-0.788,DECLINE,simulate_fallback
2026-08-01T08:04:50.643996+00:00,หม้อทอดไร้น้ำมัน,30.8,0.636,0.608,0.628,INTRO,simulate_fallback
2026-08-01T08:04:50.643996+00:00,เครื่องฟอกอากาศ,31.88,-0.015,-0.021,-0.017,STABLE,simulate_fallback
2026-08-01T08:04:50.643996+00:00,เครื่องชงกาแฟ,28.99,-0.333,-0.224,-0.3,DECLINE,simulate_fallback
2026-08-01T08:04:50.643996+00:00,ไฟ LED ติดผนัง,28.99,-0.578,-0.317,-0.5,DECLINE,simulate_fallback
2026-08-01T08:04:50.643996+00:00,ที่ดูดฝุ่นไร้สาย,27.84,-0.644,-0.382,-0.565,DECLINE,simulate_fallback
2026-08-01T08:04:50.643996+00:00,กระเป๋าสะพาย,33.51,0.589,0.486,0.558,INTRO,simulate_fallback
2026-08-01T08:04:50.643996+00:00,เดรสออกงาน,29.55,0.114,0.061,0.099,STABLE,simulate_fallback
2026-08-01T08:04:50.643996+00:00,เสื้อโอเวอร์ไซส์,33.07,-0.06,0.216,0.022,STABLE,simulate_fallback
2026-08-01T08:04:50.643996+00:00,กางเกงขายาวทรงสวย,29.15,-0.21,0.017,-0.142,STABLE,simulate_fallback
2026-08-01T08:04:50.643996+00:00,รองเท้าผ้าใบ,28.61,-0.272,-0.009,-0.193,STABLE,simulate_fallback
2026-08-01T10:27:13.986042+00:00,ลิปเปลี่ยนสี,0.0,0.0,0.0,0.0,STABLE,live
2026-08-01T10:27:13.986042+00:00,เซรั่มหน้าใส,0.0,0.0,0.0,0.0,STABLE,live
2026-08-01T10:27:13.986042+00:00,น้ำหอมติดทน,0.0,0.0,0.0,0.0,STABLE,live
2026-08-01T10:27:13.986042+00:00,คอนซีลเลอร์,0.0,0.0,0.0,0.0,STABLE,live
2026-08-01T10:27:13.986042+00:00,ครีมกันแดดโกลว์,0.0,-2.333,0.0,-1.633,DECLINE,live
2026-08-01T10:27:13.986042+00:00,วิตามินผิว,0.0,2.333,2.111,2.267,INTRO,live
2026-08-01T10:27:13.986042+00:00,โพรไบโอติก,28.0,2.111,1.444,1.911,INTRO,live
2026-08-01T10:27:13.986042+00:00,ขนมเกาหลี,0.0,0.0,0.0,0.0,STABLE,live
2026-08-01T10:27:13.986042+00:00,กาแฟลดน้ำหนัก,0.0,0.0,0.0,0.0,STABLE,live
2026-08-01T10:27:13.986042+00:00,คอลลาเจน,50.0,-0.556,0.444,-0.256,DECLINE,live
2026-08-01T10:27:13.986042+00:00,เครื่องฟอกอากาศ,30.65,0.334,0.433,0.364,INTRO,simulate_fallback
2026-08-01T10:27:13.986042+00:00,ที่ดูดฝุ่นไร้สาย,31.32,-0.19,-0.072,-0.154,STABLE,simulate_fallback
2026-08-01T10:27:13.986042+00:00,เครื่องชงกาแฟ,33.39,-0.334,0.082,-0.209,DECLINE,simulate_fallback
2026-08-01T10:27:13.986042+00:00,ไฟ LED ติดผนัง,27.69,-0.241,-0.341,-0.271,STABLE,simulate_fallback
2026-08-01T10:27:13.986042+00:00,หม้อทอดไร้น้ำมัน,27.76,-0.644,-0.589,-0.628,DECLINE,simulate_fallback
2026-08-01T10:27:13.986042+00:00,เสื้อโอเวอร์ไซส์,0.0,0.0,0.0,0.0,STABLE,live
2026-08-01T10:27:13.986042+00:00,กางเกงขายาวทรงสวย,0.0,0.0,0.0,0.0,STABLE,live
2026-08-01T10:27:13.986042+00:00,เดรสออกงาน,0.0,0.0,0.0,0.0,STABLE,live
2026-08-01T10:27:13.986042+00:00,กระเป๋าสะพาย,44.0,-3.556,-0.333,-2.589,DECLINE,live
2026-08-01T10:27:13.986042+00:00,รองเท้าผ้าใบ,49.0,-13.556,-4.889,-10.956,DECLINE,live
2026-08-01T12:58:11.279075+00:00,คอนซีลเลอร์,30.25,0.407,0.357,0.392,INTRO,simulate_fallback
2026-08-01T12:58:11.279075+00:00,ลิปเปลี่ยนสี,30.34,0.176,0.572,0.295,STABLE,simulate_fallback
2026-08-01T12:58:11.279075+00:00,เซรั่มหน้าใส,31.55,0.155,0.239,0.18,STABLE,simulate_fallback
2026-08-01T12:58:11.279075+00:00,น้ำหอมติดทน,30.34,-0.218,-0.087,-0.178,STABLE,simulate_fallback
2026-08-01T12:58:11.279075+00:00,ครีมกันแดดโกลว์,28.86,-0.473,-0.838,-0.582,DECLINE,simulate_fallback
2026-08-01T12:58:11.279075+00:00,ขนมเกาหลี,30.92,0.63,0.069,0.461,INTRO,simulate_fallback
2026-08-01T12:58:11.279075+00:00,คอลลาเจน,29.68,0.248,0.78,0.408,STABLE,simulate_fallback
2026-08-01T12:58:11.279075+00:00,วิตามินผิว,28.74,0.21,-0.132,0.107,STABLE,simulate_fallback
2026-08-01T12:58:11.279075+00:00,กาแฟลดน้ำหนัก,29.02,0.007,0.322,0.102,STABLE,simulate_fallback
2026-08-01T12:58:11.279075+00:00,โพรไบโอติก,29.19,-0.899,-0.594,-0.808,DECLINE,simulate_fallback
2026-08-01T12:58:11.279075+00:00,ไฟ LED ติดผนัง,28.84,0.288,0.224,0.269,STABLE,simulate_fallback
2026-08-01T12:58:11.279075+00:00,เครื่องชงกาแฟ,31.46,0.125,0.414,0.212,STABLE,simulate_fallback
2026-08-01T12:58:11.279075+00:00,ที่ดูดฝุ่นไร้สาย,30.14,-0.374,0.157,-0.215,DECLINE,simulate_fallback
2026-08-01T12:58:11.279075+00:00,เครื่องฟอกอากาศ,29.98,-0.317,-0.603,-0.403,DECLINE,simulate_fallback
2026-08-01T12:58:11.279075+00:00,หม้อทอดไร้น้ำมัน,27.19,-0.813,-0.866,-0.829,DECLINE,simulate_fallback
2026-08-01T12:58:11.279075+00:00,เดรสออกงาน,29.36,0.397,-0.277,0.195,INTRO,simulate_fallback
2026-08-01T12:58:11.279075+00:00,เสื้อโอเวอร์ไซส์,28.06,0.237,-0.155,0.12,STABLE,simulate_fallback
2026-08-01T12:58:11.279075+00:00,กางเกงขายาวทรงสวย,30.32,-0.093,-0.1,-0.095,STABLE,simulate_fallback
2026-08-01T12:58:11.279075+00:00,รองเท้าผ้าใบ,30.32,-0.281,-0.192,-0.254,STABLE,simulate_fallback
2026-08-01T12:58:11.279075+00:00,กระเป๋าสะพาย,28.47,-0.747,-0.365,-0.633,DECLINE,simulate_fallback
2026-08-01T15:53:30.627146+00:00,คอนซีลเลอร์,29.0,3.0,3.222,3.067,INTRO,live
2026-08-01T15:53:30.627146+00:00,ลิปเปลี่ยนสี,0.0,0.0,0.0,0.0,STABLE,live
2026-08-01T15:53:30.627146+00:00,ครีมกันแดดโกลว์,0.0,0.0,0.0,0.0,STABLE,live
2026-08-01T15:53:30.627146+00:00,เซรั่มหน้าใส,0.0,0.0,0.0,0.0,STABLE,live
2026-08-01T15:53:30.627146+00:00,น้ำหอมติดทน,0.0,0.0,0.0,0.0,STABLE,live
2026-08-01T15:53:30.627146+00:00,คอลลาเจน,59.0,2.667,-0.667,1.667,PEAK,live
2026-08-01T15:53:30.627146+00:00,โพรไบโอติก,20.0,1.0,-0.889,0.433,INTRO,live
2026-08-01T15:53:30.627146+00:00,กาแฟลดน้ำหนัก,0.0,0.0,0.0,0.0,STABLE,live
2026-08-01T15:53:30.627146+00:00,วิตามินผิว,0.0,-1.222,-2.0,-1.456,DECLINE,live
2026-08-01T15:53:30.627146+00:00,ขนมเกาหลี,0.0,-1.556,-3.111,-2.022,DECLINE,live
2026-08-01T15:53:30.627146+00:00,เครื่องชงกาแฟ,69.0,3.333,2.778,3.167,GROWTH,live
2026-08-01T15:53:30.627146+00:00,ที่ดูดฝุ่นไร้สาย,0.0,0.0,0.0,0.0,STABLE,live
2026-08-01T15:53:30.627146+00:00,ไฟ LED ติดผนัง,0.0,0.0,0.0,0.0,STABLE,live
2026-08-01T15:53:30.627146+00:00,เครื่องฟอกอากาศ,30.0,-1.0,-1.444,-1.133,DECLINE,live
2026-08-01T15:53:30.627146+00:00,หม้อทอดไร้น้ำมัน,27.0,-3.333,-3.889,-3.5,DECLINE,live
2026-08-01T15:53:30.627146+00:00,กระเป๋าสะพาย,75.0,5.0,2.889,4.367,GROWTH,live
2026-08-01T15:53:30.627146+00:00,รองเท้าผ้าใบ,83.0,5.111,0.889,3.844,GROWTH,live
2026-08-01T15:53:30.627146+00:00,เสื้อโอเวอร์ไซส์,0.0,0.0,0.0,0.0,STABLE,live
2026-08-01T15:53:30.627146+00:00,กางเกงขายาวทรงสวย,0.0,0.0,0.0,0.0,STABLE,live
2026-08-01T15:53:30.627146+00:00,เดรสออกงาน,0.0,0.0,0.0,0.0,STABLE,live
2026-08-01T18:55:17.755348+00:00,คอนซีลเลอร์,32.67,0.613,0.529,0.588,INTRO,simulate_fallback
2026-08-01T18:55:17.755348+00:00,ครีมกันแดดโกลว์,30.18,0.166,-0.026,0.108,STABLE,simulate_fallback
2026-08-01T18:55:17.755348+00:00,ลิปเปลี่ยนสี,31.38,-0.147,0.048,-0.089,STABLE,simulate_fallback
2026-08-01T18:55:17.755348+00:00,เซรั่มหน้าใส,30.94,-0.12,-0.114,-0.118,STABLE,simulate_fallback
2026-08-01T18:55:17.755348+00:00,น้ำหอมติดทน,28.7,-0.184,-0.325,-0.226,STABLE,simulate_fallback
2026-08-01T18:55:17.755348+00:00,ขนมเกาหลี,31.6,0.574,-0.158,0.354,INTRO,simulate_fallback
2026-08-01T18:55:17.755348+00:00,กาแฟลดน้ำหนัก,32.05,0.123,0.272,0.168,STABLE,simulate_fallback
2026-08-01T18:55:17.755348+00:00,คอลลาเจน,30.51,0.057,-0.104,0.009,STABLE,simulate_fallback
2026-08-01T18:55:17.755348+00:00,วิตามินผิว,26.87,-0.368,-0.313,-0.352,DECLINE,simulate_fallback
2026-08-01T18:55:17.755348+00:00,โพรไบโอติก,28.95,-0.41,-0.773,-0.519,DECLINE,simulate_fallback
2026-08-01T18:55:17.755348+00:00,เครื่องชงกาแฟ,31.29,0.249,0.263,0.254,STABLE,simulate_fallback
2026-08-01T18:55:17.755348+00:00,ที่ดูดฝุ่นไร้สาย,27.74,0.229,0.024,0.168,STABLE,simulate_fallback
2026-08-01T18:55:17.755348+00:00,ไฟ LED ติดผนัง,27.02,0.078,-0.364,-0.055,STABLE,simulate_fallback
2026-08-01T18:55:17.755348+00:00,เครื่องฟอกอากาศ,27.77,-0.283,-0.255,-0.275,STABLE,simulate_fallback
2026-08-01T18:55:17.755348+00:00,หม้อทอดไร้น้ำมัน,28.9,-0.579,0.169,-0.355,DECLINE,simulate_fallback
2026-08-01T18:55:17.755348+00:00,กางเกงขายาวทรงสวย,32.07,0.478,0.703,0.546,INTRO,simulate_fallback
2026-08-01T18:55:17.755348+00:00,รองเท้าผ้าใบ,28.67,-0.022,-0.238,-0.087,STABLE,simulate_fallback
2026-08-01T18:55:17.755348+00:00,กระเป๋าสะพาย,31.92,-0.049,-0.187,-0.091,STABLE,simulate_fallback
2026-08-01T18:55:17.755348+00:00,เสื้อโอเวอร์ไซส์,29.2,-0.496,0.053,-0.331,DECLINE,simulate_fallback
2026-08-01T18:55:17.755348+00:00,เดรสออกงาน,28.88,-0.56,-0.447,-0.526,DECLINE,simulate_fallback
2026-08-01T21:44:43.141154+00:00,คอนซีลเลอร์,0.0,0.0,3.111,0.933,STABLE,live
2026-08-01T21:44:43.141154+00:00,ลิปเปลี่ยนสี,0.0,0.0,0.0,0.0,STABLE,live
2026-08-01T21:44:43.141154+00:00,ครีมกันแดดโกลว์,0.0,0.0,0.0,0.0,STABLE,live
2026-08-01T21:44:43.141154+00:00,เซรั่มหน้าใส,0.0,0.0,0.0,0.0,STABLE,live
2026-08-01T21:44:43.141154+00:00,น้ำหอมติดทน,0.0,0.0,0.0,0.0,STABLE,live
2026-08-01T21:44:43.141154+00:00,วิตามินผิว,0.0,0.0,1.667,0.5,STABLE,live
2026-08-01T21:44:43.141154+00:00,ขนมเกาหลี,0.0,0.0,0.0,0.0,STABLE,live
2026-08-01T21:44:43.141154+00:00,กาแฟลดน้ำหนัก,0.0,0.0,0.0,0.0,STABLE,live
2026-08-01T21:44:43.141154+00:00,โพรไบโอติก,0.0,-1.778,2.222,-0.578,DECLINE,live
2026-08-01T21:44:43.141154+00:00,คอลลาเจน,0.0,-10.556,6.0,-5.589,DECLINE,live
2026-08-01T21:44:43.141154+00:00,หม้อทอดไร้น้ำมัน,0.0,0.0,2.0,0.6,STABLE,live
2026-08-01T21:44:43.141154+00:00,ที่ดูดฝุ่นไร้สาย,0.0,0.0,0.0,0.0,STABLE,live
2026-08-01T21:44:43.141154+00:00,ไฟ LED ติดผนัง,0.0,0.0,0.0,0.0,STABLE,live
2026-08-01T21:44:43.141154+00:00,เครื่องชงกาแฟ,0.0,-7.0,6.667,-2.9,DECLINE,live
2026-08-01T21:44:43.141154+00:00,เครื่องฟอกอากาศ,0.0,-9.889,-7.556,-9.189,DECLINE,live
2026-08-01T21:44:43.141154+00:00,เสื้อโอเวอร์ไซส์,0.0,0.0,0.0,0.0,STABLE,live
2026-08-01T21:44:43.141154+00:00,กางเกงขายาวทรงสวย,0.0,0.0,0.0,0.0,STABLE,live
2026-08-01T21:44:43.141154+00:00,เดรสออกงาน,0.0,0.0,0.0,0.0,STABLE,live
2026-08-01T21:44:43.141154+00:00,รองเท้าผ้าใบ,0.0,-10.333,-1.444,-7.667,DECLINE,live
2026-08-01T21:44:43.141154+00:00,กระเป๋าสะพาย,0.0,-16.333,-3.111,-12.367,DECLINE,live
2026-08-02T01:52:44.101134+00:00,ลิปเปลี่ยนสี,0.0,0.0,0.0,0.0,STABLE,live
2026-08-02T01:52:44.101134+00:00,ครีมกันแดดโกลว์,0.0,0.0,0.0,0.0,STABLE,live
2026-08-02T01:52:44.101134+00:00,เซรั่มหน้าใส,0.0,0.0,0.0,0.0,STABLE,live
2026-08-02T01:52:44.101134+00:00,น้ำหอมติดทน,0.0,0.0,0.0,0.0,STABLE,live
2026-08-02T01:52:44.101134+00:00,คอนซีลเลอร์,0.0,0.0,0.0,0.0,STABLE,live
2026-08-02T01:52:44.101134+00:00,คอลลาเจน,59.0,12.889,-1.889,8.456,PEAK,live
2026-08-02T01:52:44.101134+00:00,วิตามินผิว,0.0,0.0,0.0,0.0,STABLE,live
2026-08-02T01:52:44.101134+00:00,ขนมเกาหลี,0.0,0.0,0.0,0.0,STABLE,live
2026-08-02T01:52:44.101134+00:00,กาแฟลดน้ำหนัก,0.0,0.0,0.0,0.0,STABLE,live
2026-08-02T01:52:44.101134+00:00,โพรไบโอติก,0.0,0.0,0.0,0.0,STABLE,live
2026-08-02T01:52:44.101134+00:00,เครื่องชงกาแฟ,55.0,11.111,6.111,9.611,GROWTH,live
2026-08-02T01:52:44.101134+00:00,เครื่องฟอกอากาศ,37.0,4.111,4.111,4.111,GROWTH,live
2026-08-02T01:52:44.101134+00:00,หม้อทอดไร้น้ำมัน,30.0,3.333,3.333,3.333,INTRO,live
2026-08-02T01:52:44.101134+00:00,ที่ดูดฝุ่นไร้สาย,0.0,0.0,0.0,0.0,STABLE,live
2026-08-02T01:52:44.101134+00:00,ไฟ LED ติดผนัง,0.0,0.0,0.0,0.0,STABLE,live
2026-08-02T01:52:44.101134+00:00,รองเท้าผ้าใบ,52.0,14.444,5.778,11.844,GROWTH,live
2026-08-02T01:52:44.101134+00:00,กระเป๋าสะพาย,33.0,8.333,3.667,6.933,INTRO,live
2026-08-02T01:52:44.101134+00:00,เสื้อโอเวอร์ไซส์,0.0,0.0,0.0,0.0,STABLE,live
2026-08-02T01:52:44.101134+00:00,กางเกงขายาวทรงสวย,0.0,0.0,0.0,0.0,STABLE,live
2026-08-02T01:52:44.101134+00:00,เดรสออกงาน,0.0,0.0,0.0,0.0,STABLE,live
2026-08-02T05:47:32.221050+00:00,คอนซีลเลอร์,0.0,3.333,0.0,2.333,INTRO,live
2026-08-02T05:47:32.221050+00:00,ลิปเปลี่ยนสี,0.0,0.0,0.0,0.0,STABLE,live
2026-08-02T05:47:32.221050+00:00,ครีมกันแดดโกลว์,0.0,0.0,0.0,0.0,STABLE,live
2026-08-02T05:47:32.221050+00:00,เซรั่มหน้าใส,0.0,0.0,0.0,0.0,STABLE,live
2026-08-02T05:47:32.221050+00:00,น้ำหอมติดทน,0.0,0.0,0.0,0.0,STABLE,live
2026-08-02T05:47:32.221050+00:00,วิตามินผิว,0.0,2.222,0.0,1.556,INTRO,live
2026-08-02T05:47:32.221050+00:00,คอลลาเจน,53.0,1.556,-1.333,0.689,PEAK,live
2026-08-02T05:47:32.221050+00:00,ขนมเกาหลี,0.0,0.0,0.0,0.0,STABLE,live
2026-08-02T05:47:32.221050+00:00,กาแฟลดน้ำหนัก,0.0,0.0,0.0,0.0,STABLE,live
2026-08-02T05:47:32.221050+00:00,โพรไบโอติก,0.0,0.0,-3.333,-1.0,STABLE,live
2026-08-02T05:47:32.221050+00:00,หม้อทอดไร้น้ำมัน,28.0,2.778,-3.333,0.944,INTRO,live
2026-08-02T05:47:32.221050+00:00,ที่ดูดฝุ่นไร้สาย,0.0,0.0,0.0,0.0,STABLE,live
2026-08-02T05:47:32.221050+00:00,ไฟ LED ติดผนัง,0.0,0.0,0.0,0.0,STABLE,live
2026-08-02T05:47:32.221050+00:00,เครื่องฟอกอากาศ,40.0,0.667,-3.111,-0.467,PEAK,live
2026-08-02T05:47:32.221050+00:00,เครื่องชงกาแฟ,58.0,1.778,-6.444,-0.689,PEAK,live
2026-08-02T05:47:32.221050+00:00,กระเป๋าสะพาย,52.0,3.444,-2.0,1.811,PEAK,live
2026-08-02T05:47:32.221050+00:00,เสื้อโอเวอร์ไซส์,0.0,0.0,0.0,0.0,STABLE,live
2026-08-02T05:47:32.221050+00:00,กางเกงขายาวทรงสวย,0.0,0.0,0.0,0.0,STABLE,live
2026-08-02T05:47:32.221050+00:00,เดรสออกงาน,0.0,0.0,0.0,0.0,STABLE,live
2026-08-02T05:47:32.221050+00:00,รองเท้าผ้าใบ,53.0,1.667,-9.444,-1.667,PEAK,live
2026-08-02T08:06:29.076429+00:00,ลิปเปลี่ยนสี,0.0,0.0,0.0,0.0,STABLE,live
2026-08-02T08:06:29.076429+00:00,ครีมกันแดดโกลว์,0.0,0.0,0.0,0.0,STABLE,live
2026-08-02T08:06:29.076429+00:00,เซรั่มหน้าใส,0.0,0.0,0.0,0.0,STABLE,live
2026-08-02T08:06:29.076429+00:00,น้ำหอมติดทน,0.0,0.0,0.0,0.0,STABLE,live
2026-08-02T08:06:29.076429+00:00,คอนซีลเลอร์,0.0,-5.889,5.778,-2.389,DECLINE,live
2026-08-02T08:06:29.076429+00:00,โพรไบโอติก,0.0,1.667,1.778,1.7,INTRO,live
2026-08-02T08:06:29.076429+00:00,ขนมเกาหลี,0.0,0.0,0.0,0.0,STABLE,live
2026-08-02T08:06:29.076429+00:00,กาแฟลดน้ำหนัก,0.0,0.0,0.0,0.0,STABLE,live
2026-08-02T08:06:29.076429+00:00,วิตามินผิว,0.0,-2.222,0.0,-1.556,DECLINE,live
2026-08-02T08:06:29.076429+00:00,คอลลาเจน,0.0,-7.778,-4.222,-6.711,DECLINE,live
2026-08-02T08:06:29.076429+00:00,ที่ดูดฝุ่นไร้สาย,0.0,0.0,0.0,0.0,STABLE,live
2026-08-02T08:06:29.076429+00:00,ไฟ LED ติดผนัง,0.0,0.0,0.0,0.0,STABLE,live
2026-08-02T08:06:29.076429+00:00,เครื่องฟอกอากาศ,0.0,-3.222,-3.556,-3.322,DECLINE,live
2026-08-02T08:06:29.076429+00:00,เครื่องชงกาแฟ,0.0,-5.111,-7.0,-5.678,DECLINE,live
2026-08-02T08:06:29.076429+00:00,หม้อทอดไร้น้ำมัน,0.0,-7.0,-4.222,-6.167,DECLINE,live
2026-08-02T08:06:29.076429+00:00,เสื้อโอเวอร์ไซส์,0.0,0.0,0.0,0.0,STABLE,live
2026-08-02T08:06:29.076429+00:00,กางเกงขายาวทรงสวย,0.0,0.0,0.0,0.0,STABLE,live
2026-08-02T08:06:29.076429+00:00,เดรสออกงาน,0.0,0.0,0.0,0.0,STABLE,live
2026-08-02T08:06:29.076429+00:00,กระเป๋าสะพาย,0.0,-3.667,-9.0,-5.267,DECLINE,live
2026-08-02T08:06:29.076429+00:00,รองเท้าผ้าใบ,0.0,-5.111,-10.556,-6.744,DECLINE,live
2026-08-02T10:26:05.267246+00:00,ลิปเปลี่ยนสี,0.0,0.0,0.0,0.0,STABLE,live
2026-08-02T10:26:05.267246+00:00,ครีมกันแดดโกลว์,0.0,0.0,0.0,0.0,STABLE,live
2026-08-02T10:26:05.267246+00:00,เซรั่มหน้าใส,0.0,0.0,0.0,0.0,STABLE,live
2026-08-02T10:26:05.267246+00:00,น้ำหอมติดทน,0.0,0.0,0.0,0.0,STABLE,live
2026-08-02T10:26:05.267246+00:00,คอนซีลเลอร์,0.0,-5.778,3.333,-3.044,DECLINE,live
2026-08-02T10:26:05.267246+00:00,วิตามินผิว,0.0,2.222,-1.444,1.122,INTRO,live
2026-08-02T10:26:05.267246+00:00,ขนมเกาหลี,0.0,0.0,0.0,0.0,STABLE,live
2026-08-02T10:26:05.267246+00:00,กาแฟลดน้ำหนัก,0.0,0.0,0.0,0.0,STABLE,live
2026-08-02T10:26:05.267246+00:00,คอลลาเจน,53.0,-2.333,1.556,-1.167,DECLINE,live
2026-08-02T10:26:05.267246+00:00,โพรไบโอติก,0.0,-3.667,-4.667,-3.967,DECLINE,live
2026-08-02T10:26:05.267246+00:00,เครื่องฟอกอากาศ,55.0,0.222,0.556,0.322,STABLE,live
2026-08-02T10:26:05.267246+00:00,ที่ดูดฝุ่นไร้สาย,0.0,0.0,0.0,0.0,STABLE,live
2026-08-02T10:26:05.267246+00:00,ไฟ LED ติดผนัง,0.0,0.0,0.0,0.0,STABLE,live
2026-08-02T10:26:05.267246+00:00,หม้อทอดไร้น้ำมัน,0.0,-1.778,-0.778,-1.478,DECLINE,live
2026-08-02T10:26:05.267246+00:00,เครื่องชงกาแฟ,0.0,-8.556,-5.889,-7.756,DECLINE,live
2026-08-02T10:26:05.267246+00:00,เสื้อโอเวอร์ไซส์,0.0,0.0,0.0,0.0,STABLE,live
2026-08-02T10:26:05.267246+00:00,กางเกงขายาวทรงสวย,0.0,0.0,0.0,0.0,STABLE,live
2026-08-02T10:26:05.267246+00:00,เดรสออกงาน,0.0,0.0,0.0,0.0,STABLE,live
2026-08-02T10:26:05.267246+00:00,กระเป๋าสะพาย,100.0,-1.778,-2.556,-2.011,DECLINE,live
2026-08-02T10:26:05.267246+00:00,รองเท้าผ้าใบ,85.0,-2.333,-5.0,-3.133,DECLINE,live
2026-08-02T13:00:22.162635+00:00,ลิปเปลี่ยนสี,30.87,0.328,0.621,0.416,INTRO,simulate_fallback
2026-08-02T13:00:22.162635+00:00,เซรั่มหน้าใส,30.15,0.352,0.105,0.278,INTRO,simulate_fallback
2026-08-02T13:00:22.162635+00:00,คอนซีลเลอร์,28.14,0.32,0.017,0.229,INTRO,simulate_fallback
2026-08-02T13:00:22.162635+00:00,น้ำหอมติดทน,30.84,0.007,0.106,0.037,STABLE,simulate_fallback
2026-08-02T13:00:22.162635+00:00,ครีมกันแดดโกลว์,30.79,0.001,-0.188,-0.055,STABLE,simulate_fallback
2026-08-02T13:00:22.162635+00:00,คอลลาเจน,29.28,0.288,0.047,0.216,STABLE,simulate_fallback
2026-08-02T13:00:22.162635+00:00,กาแฟลดน้ำหนัก,29.91,0.229,0.156,0.207,STABLE,simulate_fallback
2026-08-02T13:00:22.162635+00:00,โพรไบโอติก,29.96,-0.072,0.323,0.047,STABLE,simulate_fallback
2026-08-02T13:00:22.162635+00:00,วิตามินผิว,29.64,0.115,-0.178,0.027,STABLE,simulate_fallback
2026-08-02T13:00:22.162635+00:00,ขนมเกาหลี,27.5,-0.022,-0.164,-0.064,STABLE,simulate_fallback
2026-08-02T13:00:22.162635+00:00,เครื่องฟอกอากาศ,36.0,2.444,0.889,1.978,GROWTH,live
2026-08-02T13:00:22.162635+00:00,หม้อทอดไร้น้ำมัน,22.0,2.444,0.111,1.744,INTRO,live
2026-08-02T13:00:22.162635+00:00,ที่ดูดฝุ่นไร้สาย,0.0,0.0,0.0,0.0,STABLE,live
2026-08-02T13:00:22.162635+00:00,ไฟ LED ติดผนัง,0.0,0.0,0.0,0.0,STABLE,live
2026-08-02T13:00:22.162635+00:00,เครื่องชงกาแฟ,29.0,-4.778,0.556,-3.178,DECLINE,live
2026-08-02T13:00:22.162635+00:00,กระเป๋าสะพาย,59.0,4.889,5.111,4.956,GROWTH,live
2026-08-02T13:00:22.162635+00:00,เสื้อโอเวอร์ไซส์,0.0,0.0,0.0,0.0,STABLE,live
2026-08-02T13:00:22.162635+00:00,กางเกงขายาวทรงสวย,0.0,0.0,0.0,0.0,STABLE,live
2026-08-02T13:00:22.162635+00:00,เดรสออกงาน,0.0,0.0,0.0,0.0,STABLE,live
2026-08-02T13:00:22.162635+00:00,รองเท้าผ้าใบ,79.0,-3.444,1.333,-2.011,DECLINE,live
2026-08-02T15:53:53.583194+00:00,ลิปเปลี่ยนสี,0.0,0.0,0.0,0.0,STABLE,live
2026-08-02T15:53:53.583194+00:00,ครีมกันแดดโกลว์,0.0,0.0,0.0,0.0,STABLE,live
2026-08-02T15:53:53.583194+00:00,เซรั่มหน้าใส,0.0,0.0,0.0,0.0,STABLE,live
2026-08-02T15:53:53.583194+00:00,น้ำหอมติดทน,0.0,0.0,0.0,0.0,STABLE,live
2026-08-02T15:53:53.583194+00:00,คอนซีลเลอร์,0.0,1.444,-7.333,-1.189,INTRO,live
2026-08-02T15:53:53.583194+00:00,คอลลาเจน,56.0,3.333,2.0,2.933,GROWTH,live
2026-08-02T15:53:53.583194+00:00,โพรไบโอติก,16.0,2.333,1.778,2.167,INTRO,live
2026-08-02T15:53:53.583194+00:00,ขนมเกาหลี,0.0,0.0,0.0,0.0,STABLE,live
2026-08-02T15:53:53.583194+00:00,กาแฟลดน้ำหนัก,0.0,0.0,0.0,0.0,STABLE,live
2026-08-02T15:53:53.583194+00:00,วิตามินผิว,0.0,-2.889,0.0,-2.022,DECLINE,live
2026-08-02T15:53:53.583194+00:00,เครื่องชงกาแฟ,52.0,1.556,3.111,2.022,GROWTH,live
2026-08-02T15:53:53.583194+00:00,เครื่องฟอกอากาศ,64.0,0.556,0.667,0.589,GROWTH,live
2026-08-02T15:53:53.583194+00:00,ที่ดูดฝุ่นไร้สาย,0.0,0.0,0.0,0.0,STABLE,live
2026-08-02T15:53:53.583194+00:00,ไฟ LED ติดผนัง,0.0,0.0,0.0,0.0,STABLE,live
2026-08-02T15:53:53.583194+00:00,หม้อทอดไร้น้ำมัน,0.0,-7.111,-2.889,-5.844,DECLINE,live
2026-08-02T15:53:53.583194+00:00,รองเท้าผ้าใบ,79.0,1.778,-0.444,1.111,PEAK,live
2026-08-02T15:53:53.583194+00:00,กระเป๋าสะพาย,65.0,1.222,-0.333,0.756,PEAK,live
2026-08-02T15:53:53.583194+00:00,เสื้อโอเวอร์ไซส์,0.0,0.0,0.0,0.0,STABLE,live
2026-08-02T15:53:53.583194+00:00,กางเกงขายาวทรงสวย,0.0,0.0,0.0,0.0,STABLE,live
2026-08-02T15:53:53.583194+00:00,เดรสออกงาน,0.0,0.0,0.0,0.0,STABLE,live
2026-08-02T18:56:21.309535+00:00,ลิปเปลี่ยนสี,0.0,0.0,0.0,0.0,STABLE,live
2026-08-02T18:56:21.309535+00:00,ครีมกันแดดโกลว์,0.0,0.0,0.0,0.0,STABLE,live
2026-08-02T18:56:21.309535+00:00,เซรั่มหน้าใส,0.0,0.0,0.0,0.0,STABLE,live
2026-08-02T18:56:21.309535+00:00,น้ำหอมติดทน,0.0,0.0,0.0,0.0,STABLE,live
2026-08-02T18:56:21.309535+00:00,คอนซีลเลอร์,0.0,-4.667,4.778,-1.833,DECLINE,live
2026-08-02T18:56:21.309535+00:00,โพรไบโอติก,30.62,0.197,-0.191,0.081,STABLE,simulate_fallback
2026-08-02T18:56:21.309535+00:00,วิตามินผิว,29.98,-0.13,-0.507,-0.243,STABLE,simulate_fallback
2026-08-02T18:56:21.309535+00:00,กาแฟลดน้ำหนัก,28.3,-0.37,-0.117,-0.294,DECLINE,simulate_fallback
2026-08-02T18:56:21.309535+00:00,ขนมเกาหลี,27.16,-0.67,-0.205,-0.531,DECLINE,simulate_fallback
2026-08-02T18:56:21.309535+00:00,คอลลาเจน,29.84,-0.777,-0.218,-0.61,DECLINE,simulate_fallback
2026-08-02T18:56:21.309535+00:00,เครื่องฟอกอากาศ,45.0,-0.333,1.333,0.167,DECLINE,live
2026-08-02T18:56:21.309535+00:00,ที่ดูดฝุ่นไร้สาย,0.0,0.0,0.0,0.0,STABLE,live
2026-08-02T18:56:21.309535+00:00,ไฟ LED ติดผนัง,0.0,0.0,0.0,0.0,STABLE,live
2026-08-02T18:56:21.309535+00:00,หม้อทอดไร้น้ำมัน,0.0,-4.778,2.889,-2.478,DECLINE,live
2026-08-02T18:56:21.309535+00:00,เครื่องชงกาแฟ,0.0,-13.0,-5.444,-10.733,DECLINE,live
2026-08-02T18:56:21.309535+00:00,รองเท้าผ้าใบ,31.32,0.251,0.333,0.276,STABLE,simulate_fallback
2026-08-02T18:56:21.309535+00:00,กางเกงขายาวทรงสวย,29.0,0.167,-0.271,0.035,STABLE,simulate_fallback
2026-08-02T18:56:21.309535+00:00,กระเป๋าสะพาย,31.51,-0.135,0.201,-0.034,STABLE,simulate_fallback
2026-08-02T18:56:21.309535+00:00,เดรสออกงาน,30.48,-0.126,-0.106,-0.12,STABLE,simulate_fallback
2026-08-02T18:56:21.309535+00:00,เสื้อโอเวอร์ไซส์,29.17,-0.446,-0.517,-0.467,DECLINE,simulate_fallback
2026-08-02T21:45:13.466140+00:00,ลิปเปลี่ยนสี,0.0,0.0,0.0,0.0,STABLE,live
2026-08-02T21:45:13.466140+00:00,ครีมกันแดดโกลว์,0.0,0.0,0.0,0.0,STABLE,live
2026-08-02T21:45:13.466140+00:00,เซรั่มหน้าใส,0.0,0.0,0.0,0.0,STABLE,live
2026-08-02T21:45:13.466140+00:00,น้ำหอมติดทน,0.0,0.0,0.0,0.0,STABLE,live
2026-08-02T21:45:13.466140+00:00,คอนซีลเลอร์,0.0,0.0,0.0,0.0,STABLE,live
2026-08-02T21:45:13.466140+00:00,วิตามินผิว,0.0,0.0,0.0,0.0,STABLE,live
2026-08-02T21:45:13.466140+00:00,ขนมเกาหลี,0.0,0.0,0.0,0.0,STABLE,live
2026-08-02T21:45:13.466140+00:00,กาแฟลดน้ำหนัก,0.0,0.0,0.0,0.0,STABLE,live
2026-08-02T21:45:13.466140+00:00,โพรไบโอติก,0.0,-3.444,2.222,-1.744,DECLINE,live
2026-08-02T21:45:13.466140+00:00,คอลลาเจน,0.0,-18.556,-0.444,-13.122,DECLINE,live
2026-08-02T21:45:13.466140+00:00,หม้อทอดไร้น้ำมัน,0.0,0.0,2.111,0.633,STABLE,live
2026-08-02T21:45:13.466140+00:00,ที่ดูดฝุ่นไร้สาย,0.0,0.0,0.0,0.0,STABLE,live
2026-08-02T21:45:13.466140+00:00,ไฟ LED ติดผนัง,0.0,0.0,0.0,0.0,STABLE,live
2026-08-02T21:45:13.466140+00:00,เครื่องชงกาแฟ,0.0,-2.556,5.111,-0.256,DECLINE,live
2026-08-02T21:45:13.466140+00:00,เครื่องฟอกอากาศ,0.0,-9.222,4.111,-5.222,DECLINE,live
2026-08-02T21:45:13.466140+00:00,เสื้อโอเวอร์ไซส์,0.0,0.0,0.0,0.0,STABLE,live
2026-08-02T21:45:13.466140+00:00,เดรสออกงาน,0.0,0.0,0.0,0.0,STABLE,live
2026-08-02T21:45:13.466140+00:00,กางเกงขายาวทรงสวย,0.0,-4.667,-9.333,-6.067,DECLINE,live
2026-08-02T21:45:13.466140+00:00,รองเท้าผ้าใบ,0.0,-13.222,7.889,-6.889,DECLINE,live
2026-08-02T21:45:13.466140+00:00,กระเป๋าสะพาย,0.0,-12.222,-5.667,-10.256,DECLINE,live
2026-08-03T01:55:18.764017+00:00,ครีมกันแดดโกลว์,32.99,0.292,0.499,0.354,STABLE,simulate_fallback
2026-08-03T01:55:18.764017+00:00,น้ำหอมติดทน,30.38,0.307,-0.003,0.214,INTRO,simulate_fallback
2026-08-03T01:55:18.764017+00:00,เซรั่มหน้าใส,31.34,0.319,-0.123,0.186,INTRO,simulate_fallback
2026-08-03T01:55:18.764017+00:00,คอนซีลเลอร์,31.03,-0.076,0.123,-0.016,STABLE,simulate_fallback
2026-08-03T01:55:18.764017+00:00,ลิปเปลี่ยนสี,29.25,-0.021,-0.102,-0.045,STABLE,simulate_fallback
2026-08-03T01:55:18.764017+00:00,วิตามินผิว,31.49,0.658,0.129,0.499,INTRO,simulate_fallback
2026-08-03T01:55:18.764017+00:00,ขนมเกาหลี,30.0,0.187,0.559,0.299,STABLE,simulate_fallback
2026-08-03T01:55:18.764017+00:00,คอลลาเจน,30.26,0.029,0.441,0.153,STABLE,simulate_fallback
2026-08-03T01:55:18.764017+00:00,กาแฟลดน้ำหนัก,31.76,0.221,-0.289,0.068,STABLE,simulate_fallback
2026-08-03T01:55:18.764017+00:00,โพรไบโอติก,29.58,-0.789,-0.581,-0.727,DECLINE,simulate_fallback
2026-08-03T01:55:18.764017+00:00,เครื่องชงกาแฟ,36.0,11.111,4.0,8.978,GROWTH,live
2026-08-03T01:55:18.764017+00:00,หม้อทอดไร้น้ำมัน,0.0,3.667,0.0,2.567,INTRO,live
2026-08-03T01:55:18.764017+00:00,เครื่องฟอกอากาศ,22.0,2.444,2.444,2.444,INTRO,live
2026-08-03T01:55:18.764017+00:00,ที่ดูดฝุ่นไร้สาย,0.0,0.0,0.0,0.0,STABLE,live
2026-08-03T01:55:18.764017+00:00,ไฟ LED ติดผนัง,0.0,0.0,0.0,0.0,STABLE,live
2026-08-03T01:55:18.764017+00:00,กระเป๋าสะพาย,29.75,0.498,0.043,0.361,INTRO,simulate_fallback
2026-08-03T01:55:18.764017+00:00,เดรสออกงาน,31.65,0.335,0.263,0.313,INTRO,simulate_fallback
2026-08-03T01:55:18.764017+00:00,รองเท้าผ้าใบ,28.77,-0.022,-0.012,-0.019,STABLE,simulate_fallback
2026-08-03T01:55:18.764017+00:00,เสื้อโอเวอร์ไซส์,30.44,-0.267,0.097,-0.158,STABLE,simulate_fallback
2026-08-03T01:55:18.764017+00:00,กางเกงขายาวทรงสวย,28.41,-0.483,-0.271,-0.419,DECLINE,simulate_fallback
2026-08-03T06:11:07.129709+00:00,ลิปเปลี่ยนสี,31.43,0.17,0.77,0.35,STABLE,simulate_fallback
2026-08-03T06:11:07.129709+00:00,น้ำหอมติดทน,30.01,-0.147,0.225,-0.036,STABLE,simulate_fallback
2026-08-03T06:11:07.129709+00:00,เซรั่มหน้าใส,29.51,-0.212,0.273,-0.066,STABLE,simulate_fallback
2026-08-03T06:11:07.129709+00:00,คอนซีลเลอร์,30.64,-0.328,0.208,-0.167,DECLINE,simulate_fallback
2026-08-03T06:11:07.129709+00:00,ครีมกันแดดโกลว์,27.36,-0.335,-0.744,-0.458,DECLINE,simulate_fallback
2026-08-03T06:11:07.129709+00:00,วิตามินผิว,30.6,0.18,0.397,0.245,STABLE,simulate_fallback
2026-08-03T06:11:07.129709+00:00,กาแฟลดน้ำหนัก,29.05,-0.081,0.147,-0.013,STABLE,simulate_fallback
2026-08-03T06:11:07.129709+00:00,คอลลาเจน,29.95,-0.014,-0.06,-0.028,STABLE,simulate_fallback
2026-08-03T06:11:07.129709+00:00,โพรไบโอติก,29.68,-0.092,-0.126,-0.102,STABLE,simulate_fallback
2026-08-03T06:11:07.129709+00:00,ขนมเกาหลี,28.51,-0.038,-0.282,-0.111,STABLE,simulate_fallback
2026-08-03T06:11:07.129709+00:00,หม้อทอดไร้น้ำมัน,30.59,0.22,0.764,0.383,STABLE,simulate_fallback
2026-08-03T06:11:07.129709+00:00,ไฟ LED ติดผนัง,33.5,0.108,0.357,0.183,STABLE,simulate_fallback
2026-08-03T06:11:07.129709+00:00,ที่ดูดฝุ่นไร้สาย,28.71,-0.189,0.243,-0.06,STABLE,simulate_fallback
2026-08-03T06:11:07.129709+00:00,เครื่องชงกาแฟ,31.68,-0.286,0.179,-0.147,STABLE,simulate_fallback
2026-08-03T06:11:07.129709+00:00,เครื่องฟอกอากาศ,30.62,-0.694,-0.586,-0.662,DECLINE,simulate_fallback
2026-08-03T06:11:07.129709+00:00,กระเป๋าสะพาย,30.86,0.77,0.403,0.66,INTRO,simulate_fallback
2026-08-03T06:11:07.129709+00:00,กางเกงขายาวทรงสวย,28.46,0.61,-0.647,0.233,INTRO,simulate_fallback
2026-08-03T06:11:07.129709+00:00,เสื้อโอเวอร์ไซส์,30.2,0.296,-0.407,0.085,STABLE,simulate_fallback
2026-08-03T06:11:07.129709+00:00,เดรสออกงาน,29.14,0.057,-0.332,-0.059,STABLE,simulate_fallback
2026-08-03T06:11:07.129709+00:00,รองเท้าผ้าใบ,30.88,-0.737,-0.066,-0.535,DECLINE,simulate_fallback
2026-08-03T12:13:21.438198+00:00,เซรั่มหน้าใส,30.18,0.722,0.479,0.649,INTRO,simulate_fallback
2026-08-03T12:13:21.438198+00:00,ลิปเปลี่ยนสี,31.72,0.524,0.624,0.554,INTRO,simulate_fallback
2026-08-03T12:13:21.438198+00:00,น้ำหอมติดทน,31.35,0.529,0.305,0.462,INTRO,simulate_fallback
2026-08-03T12:13:21.438198+00:00,คอนซีลเลอร์,29.43,0.572,0.167,0.451,INTRO,simulate_fallback
2026-08-03T12:13:21.438198+00:00,ครีมกันแดดโกลว์,26.73,-0.248,-0.788,-0.41,STABLE,simulate_fallback
2026-08-03T12:13:21.438198+00:00,วิตามินผิว,31.77,0.495,0.662,0.545,INTRO,simulate_fallback
2026-08-03T12:13:21.438198+00:00,คอลลาเจน,29.15,0.38,0.105,0.297,INTRO,simulate_fallback
2026-08-03T12:13:21.438198+00:00,โพรไบโอติก,30.7,-0.206,0.36,-0.036,STABLE,simulate_fallback
2026-08-03T12:13:21.438198+00:00,กาแฟลดน้ำหนัก,32.99,-0.162,0.084,-0.088,STABLE,simulate_fallback
2026-08-03T12:13:21.438198+00:00,ขนมเกาหลี,30.21,-0.196,-0.795,-0.375,STABLE,simulate_fallback
2026-08-03T12:13:21.438198+00:00,ที่ดูดฝุ่นไร้สาย,33.01,0.485,0.565,0.509,INTRO,simulate_fallback
2026-08-03T12:13:21.438198+00:00,หม้อทอดไร้น้ำมัน,29.12,0.559,-0.1,0.361,INTRO,simulate_fallback
2026-08-03T12:13:21.438198+00:00,เครื่องฟอกอากาศ,31.29,0.465,-0.503,0.175,INTRO,simulate_fallback
2026-08-03T12:13:21.438198+00:00,เครื่องชงกาแฟ,29.51,-0.113,-0.825,-0.327,STABLE,simulate_fallback
2026-08-03T12:13:21.438198+00:00,ไฟ LED ติดผนัง,31.07,-0.377,-0.236,-0.335,DECLINE,simulate_fallback
2026-08-03T12:13:21.438198+00:00,รองเท้าผ้าใบ,31.49,0.759,0.41,0.655,INTRO,simulate_fallback
2026-08-03T12:13:21.438198+00:00,เดรสออกงาน,31.71,0.088,-0.045,0.048,STABLE,simulate_fallback
2026-08-03T12:13:21.438198+00:00,เสื้อโอเวอร์ไซส์,29.74,-0.065,-0.117,-0.08,STABLE,simulate_fallback
2026-08-03T12:13:21.438198+00:00,กางเกงขายาวทรงสวย,28.81,-0.39,-0.323,-0.37,DECLINE,simulate_fallback
2026-08-03T12:13:21.438198+00:00,กระเป๋าสะพาย,28.12,-0.309,-0.593,-0.395,DECLINE,simulate_fallback
2026-08-03T17:04:38.042521+00:00,ลิปเปลี่ยนสี,31.43,0.344,0.665,0.441,INTRO,simulate_fallback
2026-08-03T17:04:38.042521+00:00,เซรั่มหน้าใส,31.35,0.399,0.194,0.338,INTRO,simulate_fallback
2026-08-03T17:04:38.042521+00:00,น้ำหอมติดทน,27.64,0.024,-0.569,-0.154,STABLE,simulate_fallback
2026-08-03T17:04:38.042521+00:00,คอนซีลเลอร์,29.87,-0.228,-0.074,-0.181,STABLE,simulate_fallback
2026-08-03T17:04:38.042521+00:00,ครีมกันแดดโกลว์,30.97,-0.145,-0.27,-0.182,STABLE,simulate_fallback
2026-08-03T17:04:38.042521+00:00,ขนมเกาหลี,29.45,-0.059,0.328,0.057,STABLE,simulate_fallback
2026-08-03T17:04:38.042521+00:00,คอลลาเจน,30.74,-0.215,-0.266,-0.231,STABLE,simulate_fallback
2026-08-03T17:04:38.042521+00:00,วิตามินผิว,29.39,-0.298,-0.171,-0.26,STABLE,simulate_fallback
2026-08-03T17:04:38.042521+00:00,กาแฟลดน้ำหนัก,31.51,-0.479,-0.669,-0.536,DECLINE,simulate_fallback
2026-08-03T17:04:38.042521+00:00,โพรไบโอติก,30.71,-0.883,-0.208,-0.681,DECLINE,simulate_fallback
2026-08-03T17:04:38.042521+00:00,เครื่องฟอกอากาศ,28.35,0.255,-0.176,0.126,STABLE,simulate_fallback
2026-08-03T17:04:38.042521+00:00,ที่ดูดฝุ่นไร้สาย,31.07,0.048,-0.204,-0.028,STABLE,simulate_fallback
2026-08-03T17:04:38.042521+00:00,หม้อทอดไร้น้ำมัน,29.4,-0.13,-0.384,-0.206,STABLE,simulate_fallback
2026-08-03T17:04:38.042521+00:00,เครื่องชงกาแฟ,31.26,-0.299,-0.578,-0.383,STABLE,simulate_fallback
2026-08-03T17:04:38.042521+00:00,ไฟ LED ติดผนัง,28.04,-0.754,-0.075,-0.55,DECLINE,simulate_fallback
2026-08-03T17:04:38.042521+00:00,รองเท้าผ้าใบ,30.9,0.436,-0.192,0.248,INTRO,simulate_fallback
2026-08-03T17:04:38.042521+00:00,กางเกงขายาวทรงสวย,30.65,-0.077,0.614,0.13,STABLE,simulate_fallback
2026-08-03T17:04:38.042521+00:00,กระเป๋าสะพาย,29.31,0.072,-0.547,-0.114,STABLE,simulate_fallback
2026-08-03T17:04:38.042521+00:00,เดรสออกงาน,29.4,-0.295,-0.055,-0.223,STABLE,simulate_fallback
2026-08-03T17:04:38.042521+00:00,เสื้อโอเวอร์ไซส์,29.0,-0.663,0.052,-0.448,DECLINE,simulate_fallback
2026-08-03T19:19:56.539006+00:00,ลิปเปลี่ยนสี,0.0,0.0,0.0,0.0,STABLE,live
2026-08-03T19:19:56.539006+00:00,ครีมกันแดดโกลว์,0.0,0.0,0.0,0.0,STABLE,live
2026-08-03T19:19:56.539006+00:00,เซรั่มหน้าใส,0.0,0.0,0.0,0.0,STABLE,live
2026-08-03T19:19:56.539006+00:00,น้ำหอมติดทน,0.0,0.0,0.0,0.0,STABLE,live
2026-08-03T19:19:56.539006+00:00,คอนซีลเลอร์,0.0,-3.333,0.0,-2.333,DECLINE,live
2026-08-03T19:19:56.539006+00:00,ขนมเกาหลี,0.0,0.0,1.778,0.533,STABLE,live
2026-08-03T19:19:56.539006+00:00,กาแฟลดน้ำหนัก,0.0,0.0,0.0,0.0,STABLE,live
2026-08-03T19:19:56.539006+00:00,วิตามินผิว,0.0,-1.667,2.333,-0.467,DECLINE,live
2026-08-03T19:19:56.539006+00:00,โพรไบโอติก,0.0,-6.778,-2.111,-5.378,DECLINE,live
2026-08-03T19:19:56.539006+00:00,คอลลาเจน,0.0,-14.222,-3.333,-10.956,DECLINE,live
2026-08-03T19:19:56.539006+00:00,หม้อทอดไร้น้ำมัน,0.0,3.778,2.0,3.244,INTRO,live
2026-08-03T19:19:56.539006+00:00,ที่ดูดฝุ่นไร้สาย,0.0,0.0,0.0,0.0,STABLE,live
2026-08-03T19:19:56.539006+00:00,ไฟ LED ติดผนัง,0.0,0.0,0.0,0.0,STABLE,live
2026-08-03T19:19:56.539006+00:00,เครื่องฟอกอากาศ,0.0,-7.0,-3.0,-5.8,DECLINE,live
2026-08-03T19:19:56.539006+00:00,เครื่องชงกาแฟ,0.0,-8.222,-1.778,-6.289,DECLINE,live
2026-08-03T19:19:56.539006+00:00,เสื้อโอเวอร์ไซส์,0.0,0.0,0.0,0.0,STABLE,live
2026-08-03T19:19:56.539006+00:00,กางเกงขายาวทรงสวย,0.0,0.0,0.0,0.0,STABLE,live
2026-08-03T19:19:56.539006+00:00,เดรสออกงาน,0.0,0.0,0.0,0.0,STABLE,live
2026-08-03T19:19:56.539006+00:00,รองเท้าผ้าใบ,0.0,-6.444,-4.889,-5.978,DECLINE,live
2026-08-03T19:19:56.539006+00:00,กระเป๋าสะพาย,0.0,-6.0,-8.667,-6.8,DECLINE,live
2026-08-03T21:59:17.398888+00:00,ลิปเปลี่ยนสี,0.0,0.0,0.0,0.0,STABLE,live
2026-08-03T21:59:17.398888+00:00,ครีมกันแดดโกลว์,0.0,0.0,0.0,0.0,STABLE,live
2026-08-03T21:59:17.398888+00:00,เซรั่มหน้าใส,0.0,0.0,0.0,0.0,STABLE,live
2026-08-03T21:59:17.398888+00:00,น้ำหอมติดทน,0.0,0.0,0.0,0.0,STABLE,live
2026-08-03T21:59:17.398888+00:00,คอนซีลเลอร์,0.0,0.0,0.0,0.0,STABLE,live
2026-08-03T21:59:17.398888+00:00,วิตามินผิว,0.0,0.0,0.0,0.0,STABLE,live
2026-08-03T21:59:17.398888+00:00,ขนมเกาหลี,0.0,0.0,0.0,0.0,STABLE,live
2026-08-03T21:59:17.398888+00:00,กาแฟลดน้ำหนัก,0.0,0.0,0.0,0.0,STABLE,live
2026-08-03T21:59:17.398888+00:00,โพรไบโอติก,0.0,-2.333,1.667,-1.133,DECLINE,live
2026-08-03T21:59:17.398888+00:00,คอลลาเจน,0.0,-10.889,-1.889,-8.189,DECLINE,live
2026-08-03T21:59:17.398888+00:00,ที่ดูดฝุ่นไร้สาย,0.0,0.0,0.0,0.0,STABLE,live
2026-08-03T21:59:17.398888+00:00,ไฟ LED ติดผนัง,0.0,0.0,0.0,0.0,STABLE,live
2026-08-03T21:59:17.398888+00:00,เครื่องชงกาแฟ,0.0,-3.667,4.556,-1.2,DECLINE,live
2026-08-03T21:59:17.398888+00:00,เครื่องฟอกอากาศ,0.0,-3.778,3.889,-1.478,DECLINE,live
2026-08-03T21:59:17.398888+00:00,หม้อทอดไร้น้ำมัน,0.0,-3.444,0.0,-2.411,DECLINE,live
2026-08-03T21:59:17.398888+00:00,เสื้อโอเวอร์ไซส์,0.0,0.0,0.0,0.0,STABLE,live
2026-08-03T21:59:17.398888+00:00,กางเกงขายาวทรงสวย,0.0,0.0,0.0,0.0,STABLE,live
2026-08-03T21:59:17.398888+00:00,เดรสออกงาน,0.0,0.0,0.0,0.0,STABLE,live
2026-08-03T21:59:17.398888+00:00,รองเท้าผ้าใบ,0.0,-5.0,5.333,-1.9,DECLINE,live
2026-08-03T21:59:17.398888+00:00,กระเป๋าสะพาย,0.0,-14.667,-4.778,-11.7,DECLINE,live
2026-08-04T01:29:56.217952+00:00,น้ำหอมติดทน,32.9,0.331,-0.164,0.182,INTRO,simulate_fallback
2026-08-04T01:29:56.217952+00:00,เซรั่มหน้าใส,29.71,-0.27,0.026,-0.181,STABLE,simulate_fallback
2026-08-04T01:29:56.217952+00:00,ครีมกันแดดโกลว์,31.5,-0.138,-0.299,-0.186,STABLE,simulate_fallback
2026-08-04T01:29:56.217952+00:00,ลิปเปลี่ยนสี,32.71,-0.29,-0.006,-0.204,STABLE,simulate_fallback
2026-08-04T01:29:56.217952+00:00,คอนซีลเลอร์,30.33,-0.152,-0.505,-0.258,STABLE,simulate_fallback
2026-08-04T01:29:56.217952+00:00,คอลลาเจน,62.0,20.333,6.889,16.3,GROWTH,live
2026-08-04T01:29:56.217952+00:00,โพรไบโอติก,0.0,5.111,0.0,3.578,INTRO,live
2026-08-04T01:29:56.217952+00:00,วิตามินผิว,0.0,0.0,0.0,0.0,STABLE,live
2026-08-04T01:29:56.217952+00:00,ขนมเกาหลี,0.0,0.0,0.0,0.0,STABLE,live
2026-08-04T01:29:56.217952+00:00,กาแฟลดน้ำหนัก,0.0,0.0,0.0,0.0,STABLE,live
2026-08-04T01:29:56.217952+00:00,เครื่องชงกาแฟ,45.0,17.111,5.0,13.478,GROWTH,live
2026-08-04T01:29:56.217952+00:00,หม้อทอดไร้น้ำมัน,0.0,10.222,0.0,7.156,INTRO,live
2026-08-04T01:29:56.217952+00:00,เครื่องฟอกอากาศ,0.0,4.222,0.0,2.956,INTRO,live
2026-08-04T01:29:56.217952+00:00,ไฟ LED ติดผนัง,0.0,0.0,0.0,0.0,STABLE,live
2026-08-04T01:29:56.217952+00:00,ที่ดูดฝุ่นไร้สาย,0.0,-6.333,-12.667,-8.233,DECLINE,live
2026-08-04T01:29:56.217952+00:00,รองเท้าผ้าใบ,59.0,22.889,6.556,17.989,GROWTH,live
2026-08-04T01:29:56.217952+00:00,กระเป๋าสะพาย,61.0,10.0,6.778,9.033,GROWTH,live
2026-08-04T01:29:56.217952+00:00,เสื้อโอเวอร์ไซส์,0.0,0.0,0.0,0.0,STABLE,live
2026-08-04T01:29:56.217952+00:00,กางเกงขายาวทรงสวย,0.0,0.0,0.0,0.0,STABLE,live
2026-08-04T01:29:56.217952+00:00,เดรสออกงาน,0.0,0.0,0.0,0.0,STABLE,live
2026-08-04T05:39:46.250481+00:00,ลิปเปลี่ยนสี,30.76,0.099,-0.222,0.003,STABLE,simulate_fallback
2026-08-04T05:39:46.250481+00:00,คอนซีลเลอร์,27.47,-0.107,0.155,-0.028,STABLE,simulate_fallback
2026-08-04T05:39:46.250481+00:00,ครีมกันแดดโกลว์,30.4,-0.212,0.032,-0.139,STABLE,simulate_fallback
2026-08-04T05:39:46.250481+00:00,เซรั่มหน้าใส,27.71,-0.426,0.196,-0.24,DECLINE,simulate_fallback
2026-08-04T05:39:46.250481+00:00,น้ำหอมติดทน,26.96,-0.266,-0.372,-0.298,STABLE,simulate_fallback
2026-08-04T05:39:46.250481+00:00,กาแฟลดน้ำหนัก,31.73,0.13,0.514,0.245,STABLE,simulate_fallback
2026-08-04T05:39:46.250481+00:00,คอลลาเจน,29.02,0.356,-0.231,0.18,INTRO,simulate_fallback
2026-08-04T05:39:46.250481+00:00,วิตามินผิว,31.74,0.102,-0.01,0.068,STABLE,simulate_fallback
2026-08-04T05:39:46.250481+00:00,ขนมเกาหลี,27.21,-0.27,-0.242,-0.262,STABLE,simulate_fallback
2026-08-04T05:39:46.250481+00:00,โพรไบโอติก,27.54,-0.252,-0.817,-0.421,STABLE,simulate_fallback
2026-08-04T05:39:46.250481+00:00,เครื่องชงกาแฟ,31.69,0.389,0.442,0.405,INTRO,simulate_fallback
2026-08-04T05:39:46.250481+00:00,เครื่องฟอกอากาศ,33.61,0.212,0.529,0.307,STABLE,simulate_fallback
2026-08-04T05:39:46.250481+00:00,ไฟ LED ติดผนัง,32.86,0.177,-0.008,0.122,STABLE,simulate_fallback
2026-08-04T05:39:46.250481+00:00,หม้อทอดไร้น้ำมัน,29.52,-0.268,0.105,-0.156,STABLE,simulate_fallback
2026-08-04T05:39:46.250481+00:00,ที่ดูดฝุ่นไร้สาย,30.11,-0.35,0.046,-0.232,DECLINE,simulate_fallback
2026-08-04T05:39:46.250481+00:00,เสื้อโอเวอร์ไซส์,30.18,0.728,-0.01,0.506,INTRO,simulate_fallback
2026-08-04T05:39:46.250481+00:00,กางเกงขายาวทรงสวย,30.11,0.366,0.776,0.489,INTRO,simulate_fallback
2026-08-04T05:39:46.250481+00:00,กระเป๋าสะพาย,32.94,-0.124,0.386,0.029,STABLE,simulate_fallback
2026-08-04T05:39:46.250481+00:00,เดรสออกงาน,30.67,-0.047,0.066,-0.013,STABLE,simulate_fallback
2026-08-04T05:39:46.250481+00:00,รองเท้าผ้าใบ,28.63,-0.818,-0.509,-0.725,DECLINE,simulate_fallback
2026-08-04T08:22:32.607442+00:00,น้ำหอมติดทน,29.09,0.218,0.042,0.166,STABLE,simulate_fallback
2026-08-04T08:22:32.607442+00:00,เซรั่มหน้าใส,30.54,-0.224,-0.024,-0.164,STABLE,simulate_fallback
2026-08-04T08:22:32.607442+00:00,ลิปเปลี่ยนสี,28.95,-0.051,-0.547,-0.2,STABLE,simulate_fallback
2026-08-04T08:22:32.607442+00:00,คอนซีลเลอร์,29.1,-0.336,-0.627,-0.423,DECLINE,simulate_fallback
2026-08-04T08:22:32.607442+00:00,ครีมกันแดดโกลว์,31.07,-0.734,-0.721,-0.73,DECLINE,simulate_fallback
2026-08-04T08:22:32.607442+00:00,ขนมเกาหลี,34.32,1.167,1.128,1.156,INTRO,simulate_fallback
2026-08-04T08:22:32.607442+00:00,กาแฟลดน้ำหนัก,29.35,0.497,1.049,0.663,INTRO,simulate_fallback
2026-08-04T08:22:32.607442+00:00,วิตามินผิว,28.47,0.227,-0.052,0.143,STABLE,simulate_fallback
2026-08-04T08:22:32.607442+00:00,คอลลาเจน,29.88,-0.006,0.125,0.033,STABLE,simulate_fallback
2026-08-04T08:22:32.607442+00:00,โพรไบโอติก,27.71,-0.65,-1.002,-0.756,DECLINE,simulate_fallback
2026-08-04T08:22:32.607442+00:00,ไฟ LED ติดผนัง,31.47,0.839,0.408,0.709,INTRO,simulate_fallback
2026-08-04T08:22:32.607442+00:00,หม้อทอดไร้น้ำมัน,28.81,0.178,0.405,0.246,STABLE,simulate_fallback
2026-08-04T08:22:32.607442+00:00,เครื่องชงกาแฟ,29.52,-0.032,-0.082,-0.047,STABLE,simulate_fallback
2026-08-04T08:22:32.607442+00:00,เครื่องฟอกอากาศ,26.64,-0.361,0.197,-0.194,DECLINE,simulate_fallback
2026-08-04T08:22:32.607442+00:00,ที่ดูดฝุ่นไร้สาย,29.47,-0.196,-0.328,-0.236,STABLE,simulate_fallback
2026-08-04T08:22:32.607442+00:00,เดรสออกงาน,31.11,0.518,0.615,0.547,INTRO,simulate_fallback
2026-08-04T08:22:32.607442+00:00,รองเท้าผ้าใบ,28.09,0.562,-0.236,0.322,INTRO,simulate_fallback
2026-08-04T08:22:32.607442+00:00,เสื้อโอเวอร์ไซส์,32.03,0.103,-0.239,0.0,STABLE,simulate_fallback
2026-08-04T08:22:32.607442+00:00,กางเกงขายาวทรงสวย,29.79,-0.216,0.201,-0.091,STABLE,simulate_fallback
2026-08-04T08:22:32.607442+00:00,กระเป๋าสะพาย,29.35,-0.208,-0.179,-0.199,STABLE,simulate_fallback
2026-08-04T11:15:51.287268+00:00,เซรั่มหน้าใส,28.79,-0.003,0.492,0.145,STABLE,simulate_fallback
2026-08-04T11:15:51.287268+00:00,ลิปเปลี่ยนสี,29.62,0.008,-0.04,-0.006,STABLE,simulate_fallback
2026-08-04T11:15:51.287268+00:00,ครีมกันแดดโกลว์,30.42,0.082,-0.514,-0.097,STABLE,simulate_fallback
2026-08-04T11:15:51.287268+00:00,คอนซีลเลอร์,28.76,-0.43,0.265,-0.221,DECLINE,simulate_fallback
2026-08-04T11:15:51.287268+00:00,น้ำหอมติดทน,27.85,-0.437,-0.504,-0.457,DECLINE,simulate_fallback
2026-08-04T11:15:51.287268+00:00,กาแฟลดน้ำหนัก,31.14,0.806,0.112,0.598,INTRO,simulate_fallback
2026-08-04T11:15:51.287268+00:00,วิตามินผิว,29.88,0.386,0.17,0.322,INTRO,simulate_fallback
2026-08-04T11:15:51.287268+00:00,โพรไบโอติก,32.35,0.276,0.337,0.294,STABLE,simulate_fallback
2026-08-04T11:15:51.287268+00:00,คอลลาเจน,26.71,-0.255,-0.315,-0.273,STABLE,simulate_fallback
2026-08-04T11:15:51.287268+00:00,ขนมเกาหลี,31.43,-0.504,0.105,-0.321,DECLINE,simulate_fallback
2026-08-04T11:15:51.287268+00:00,ที่ดูดฝุ่นไร้สาย,0.0,0.0,0.0,0.0,STABLE,live
2026-08-04T11:15:51.287268+00:00,ไฟ LED ติดผนัง,0.0,0.0,0.0,0.0,STABLE,live
2026-08-04T11:15:51.287268+00:00,หม้อทอดไร้น้ำมัน,0.0,-1.333,-3.778,-2.067,DECLINE,live
2026-08-04T11:15:51.287268+00:00,เครื่องฟอกอากาศ,0.0,-5.0,-2.778,-4.333,DECLINE,live
2026-08-04T11:15:51.287268+00:00,เครื่องชงกาแฟ,0.0,-6.111,-1.556,-4.744,DECLINE,live
2026-08-04T11:15:51.287268+00:00,รองเท้าผ้าใบ,29.3,0.73,0.09,0.538,INTRO,simulate_fallback
2026-08-04T11:15:51.287268+00:00,เดรสออกงาน,29.61,0.133,-0.3,0.003,STABLE,simulate_fallback
2026-08-04T11:15:51.287268+00:00,กางเกงขายาวทรงสวย,32.86,-0.046,0.056,-0.015,STABLE,simulate_fallback
2026-08-04T11:15:51.287268+00:00,กระเป๋าสะพาย,28.13,-0.285,-0.045,-0.213,STABLE,simulate_fallback
2026-08-04T11:15:51.287268+00:00,เสื้อโอเวอร์ไซส์,26.83,-0.373,-0.478,-0.404,DECLINE,simulate_fallback
2026-08-04T13:48:55.353243+00:00,คอนซีลเลอร์,32.71,0.372,0.395,0.379,INTRO,simulate_fallback
2026-08-04T13:48:55.353243+00:00,ลิปเปลี่ยนสี,30.55,0.225,0.291,0.245,STABLE,simulate_fallback
2026-08-04T13:48:55.353243+00:00,น้ำหอมติดทน,30.38,0.079,-0.103,0.025,STABLE,simulate_fallback
2026-08-04T13:48:55.353243+00:00,เซรั่มหน้าใส,27.78,-0.26,-0.256,-0.259,STABLE,simulate_fallback
2026-08-04T13:48:55.353243+00:00,ครีมกันแดดโกลว์,29.58,-0.351,-0.246,-0.319,DECLINE,simulate_fallback
2026-08-04T13:48:55.353243+00:00,คอลลาเจน,29.65,-0.106,0.566,0.096,STABLE,simulate_fallback
2026-08-04T13:48:55.353243+00:00,ขนมเกาหลี,30.79,-0.15,0.564,0.064,STABLE,simulate_fallback
2026-08-04T13:48:55.353243+00:00,กาแฟลดน้ำหนัก,30.11,-0.056,0.146,0.005,STABLE,simulate_fallback
2026-08-04T13:48:55.353243+00:00,วิตามินผิว,28.86,-0.319,0.01,-0.22,DECLINE,simulate_fallback
2026-08-04T13:48:55.353243+00:00,โพรไบโอติก,29.47,-0.164,-0.528,-0.273,STABLE,simulate_fallback
2026-08-04T13:48:55.353243+00:00,เครื่องชงกาแฟ,30.39,0.696,0.608,0.67,INTRO,simulate_fallback
2026-08-04T13:48:55.353243+00:00,ที่ดูดฝุ่นไร้สาย,27.95,-0.065,-0.533,-0.205,STABLE,simulate_fallback
2026-08-04T13:48:55.353243+00:00,หม้อทอดไร้น้ำมัน,30.41,-0.701,0.128,-0.452,DECLINE,simulate_fallback
2026-08-04T13:48:55.353243+00:00,ไฟ LED ติดผนัง,28.61,-0.409,-0.691,-0.493,DECLINE,simulate_fallback
2026-08-04T13:48:55.353243+00:00,เครื่องฟอกอากาศ,29.47,-0.772,-0.399,-0.66,DECLINE,simulate_fallback
2026-08-04T13:48:55.353243+00:00,กระเป๋าสะพาย,32.89,0.504,-0.107,0.321,INTRO,simulate_fallback
2026-08-04T13:48:55.353243+00:00,เดรสออกงาน,29.58,0.249,0.309,0.267,STABLE,simulate_fallback
2026-08-04T13:48:55.353243+00:00,รองเท้าผ้าใบ,30.26,0.003,0.509,0.155,STABLE,simulate_fallback
2026-08-04T13:48:55.353243+00:00,กางเกงขายาวทรงสวย,27.86,-0.031,0.093,0.007,STABLE,simulate_fallback
2026-08-04T13:48:55.353243+00:00,เสื้อโอเวอร์ไซส์,30.22,0.058,-0.149,-0.004,STABLE,simulate_fallback
2026-08-04T16:46:24.860186+00:00,ลิปเปลี่ยนสี,0.0,0.0,0.0,0.0,STABLE,live
2026-08-04T16:46:24.860186+00:00,ครีมกันแดดโกลว์,0.0,0.0,0.0,0.0,STABLE,live
2026-08-04T16:46:24.860186+00:00,เซรั่มหน้าใส,0.0,0.0,0.0,0.0,STABLE,live
2026-08-04T16:46:24.860186+00:00,น้ำหอมติดทน,0.0,0.0,0.0,0.0,STABLE,live
2026-08-04T16:46:24.860186+00:00,คอนซีลเลอร์,0.0,0.0,0.0,0.0,STABLE,live
2026-08-04T16:46:24.860186+00:00,กาแฟลดน้ำหนัก,32.41,0.923,0.618,0.831,INTRO,simulate_fallback
2026-08-04T16:46:24.860186+00:00,วิตามินผิว,30.4,0.205,0.438,0.275,STABLE,simulate_fallback
2026-08-04T16:46:24.860186+00:00,คอลลาเจน,27.93,0.198,-0.116,0.103,STABLE,simulate_fallback
2026-08-04T16:46:24.860186+00:00,โพรไบโอติก,29.05,0.074,0.173,0.103,STABLE,simulate_fallback
2026-08-04T16:46:24.860186+00:00,ขนมเกาหลี,31.45,-0.3,-0.338,-0.311,STABLE,simulate_fallback
2026-08-04T16:46:24.860186+00:00,ที่ดูดฝุ่นไร้สาย,0.0,0.0,0.0,0.0,STABLE,live
2026-08-04T16:46:24.860186+00:00,ไฟ LED ติดผนัง,0.0,0.0,0.0,0.0,STABLE,live
2026-08-04T16:46:24.860186+00:00,เครื่องฟอกอากาศ,0.0,0.778,-2.889,-0.322,INTRO,live
2026-08-04T16:46:24.860186+00:00,หม้อทอดไร้น้ำมัน,0.0,-3.222,0.0,-2.256,DECLINE,live
2026-08-04T16:46:24.860186+00:00,เครื่องชงกาแฟ,0.0,-8.0,-3.222,-6.567,DECLINE,live
2026-08-04T16:46:24.860186+00:00,รองเท้าผ้าใบ,29.74,0.27,0.197,0.248,STABLE,simulate_fallback
2026-08-04T16:46:24.860186+00:00,กางเกงขายาวทรงสวย,31.25,0.201,-0.23,0.072,STABLE,simulate_fallback
2026-08-04T16:46:24.860186+00:00,เสื้อโอเวอร์ไซส์,30.09,-0.167,0.272,-0.036,STABLE,simulate_fallback
2026-08-04T16:46:24.860186+00:00,เดรสออกงาน,29.58,-0.406,-0.278,-0.367,DECLINE,simulate_fallback
2026-08-04T16:46:24.860186+00:00,กระเป๋าสะพาย,27.46,-0.865,-0.812,-0.849,DECLINE,simulate_fallback
2026-08-04T19:18:46.018853+00:00,ลิปเปลี่ยนสี,0.0,0.0,0.0,0.0,STABLE,live
2026-08-04T19:18:46.018853+00:00,ครีมกันแดดโกลว์,0.0,0.0,0.0,0.0,STABLE,live
2026-08-04T19:18:46.018853+00:00,เซรั่มหน้าใส,0.0,0.0,0.0,0.0,STABLE,live
2026-08-04T19:18:46.018853+00:00,น้ำหอมติดทน,0.0,0.0,0.0,0.0,STABLE,live
2026-08-04T19:18:46.018853+00:00,คอนซีลเลอร์,0.0,-5.0,0.0,-3.5,DECLINE,live
2026-08-04T19:18:46.018853+00:00,วิตามินผิว,0.0,0.0,0.0,0.0,STABLE,live
2026-08-04T19:18:46.018853+00:00,ขนมเกาหลี,0.0,0.0,0.0,0.0,STABLE,live
2026-08-04T19:18:46.018853+00:00,กาแฟลดน้ำหนัก,0.0,0.0,0.0,0.0,STABLE,live
2026-08-04T19:18:46.018853+00:00,โพรไบโอติก,0.0,-3.778,0.0,-2.644,DECLINE,live
2026-08-04T19:18:46.018853+00:00,คอลลาเจน,0.0,-8.889,-5.111,-7.756,DECLINE,live
2026-08-04T19:18:46.018853+00:00,เครื่องฟอกอากาศ,0.0,2.667,3.0,2.767,INTRO,live
2026-08-04T19:18:46.018853+00:00,หม้อทอดไร้น้ำมัน,0.0,0.0,4.556,1.367,STABLE,live
2026-08-04T19:18:46.018853+00:00,ที่ดูดฝุ่นไร้สาย,0.0,0.0,0.0,0.0,STABLE,live
2026-08-04T19:18:46.018853+00:00,ไฟ LED ติดผนัง,0.0,0.0,0.0,0.0,STABLE,live
2026-08-04T19:18:46.018853+00:00,เครื่องชงกาแฟ,0.0,-11.333,-11.444,-11.367,DECLINE,live
2026-08-04T19:18:46.018853+00:00,เสื้อโอเวอร์ไซส์,0.0,0.0,0.0,0.0,STABLE,live
2026-08-04T19:18:46.018853+00:00,กางเกงขายาวทรงสวย,0.0,0.0,0.0,0.0,STABLE,live
2026-08-04T19:18:46.018853+00:00,เดรสออกงาน,0.0,0.0,0.0,0.0,STABLE,live
2026-08-04T19:18:46.018853+00:00,กระเป๋าสะพาย,0.0,-17.333,-5.778,-13.867,DECLINE,live
2026-08-04T19:18:46.018853+00:00,รองเท้าผ้าใบ,0.0,-20.111,-9.111,-16.811,DECLINE,live
2026-08-04T22:04:34.345372+00:00,ลิปเปลี่ยนสี,0.0,0.0,0.0,0.0,STABLE,live
2026-08-04T22:04:34.345372+00:00,ครีมกันแดดโกลว์,0.0,0.0,0.0,0.0,STABLE,live
2026-08-04T22:04:34.345372+00:00,เซรั่มหน้าใส,0.0,0.0,0.0,0.0,STABLE,live
2026-08-04T22:04:34.345372+00:00,น้ำหอมติดทน,0.0,0.0,0.0,0.0,STABLE,live
2026-08-04T22:04:34.345372+00:00,คอนซีลเลอร์,0.0,-6.0,0.0,-4.2,DECLINE,live
2026-08-04T22:04:34.345372+00:00,วิตามินผิว,0.0,0.0,2.333,0.7,STABLE,live
2026-08-04T22:04:34.345372+00:00,ขนมเกาหลี,0.0,0.0,0.0,0.0,STABLE,live
2026-08-04T22:04:34.345372+00:00,กาแฟลดน้ำหนัก,0.0,0.0,0.0,0.0,STABLE,live
2026-08-04T22:04:34.345372+00:00,โพรไบโอติก,0.0,0.0,0.0,0.0,STABLE,live
2026-08-04T22:04:34.345372+00:00,คอลลาเจน,0.0,-10.778,7.111,-5.411,DECLINE,live
2026-08-04T22:04:34.345372+00:00,เครื่องชงกาแฟ,0.0,0.0,4.556,1.367,STABLE,live
2026-08-04T22:04:34.345372+00:00,ที่ดูดฝุ่นไร้สาย,0.0,0.0,0.0,0.0,STABLE,live
2026-08-04T22:04:34.345372+00:00,หม้อทอดไร้น้ำมัน,0.0,0.0,0.0,0.0,STABLE,live
2026-08-04T22:04:34.345372+00:00,ไฟ LED ติดผนัง,0.0,0.0,0.0,0.0,STABLE,live
2026-08-04T22:04:34.345372+00:00,เครื่องฟอกอากาศ,0.0,-3.889,3.333,-1.722,DECLINE,live
2026-08-04T22:04:34.345372+00:00,เสื้อโอเวอร์ไซส์,0.0,0.0,0.0,0.0,STABLE,live
2026-08-04T22:04:34.345372+00:00,กางเกงขายาวทรงสวย,0.0,0.0,0.0,0.0,STABLE,live
2026-08-04T22:04:34.345372+00:00,เดรสออกงาน,0.0,0.0,0.0,0.0,STABLE,live
2026-08-04T22:04:34.345372+00:00,กระเป๋าสะพาย,0.0,-15.667,6.333,-9.067,DECLINE,live
2026-08-04T22:04:34.345372+00:00,รองเท้าผ้าใบ,0.0,-21.111,-7.778,-17.111,DECLINE,live
2026-08-05T01:44:12.481732+00:00,ลิปเปลี่ยนสี,0.0,0.0,0.0,0.0,STABLE,live
2026-08-05T01:44:12.481732+00:00,ครีมกันแดดโกลว์,0.0,0.0,0.0,0.0,STABLE,live
2026-08-05T01:44:12.481732+00:00,เซรั่มหน้าใส,0.0,0.0,0.0,0.0,STABLE,live
2026-08-05T01:44:12.481732+00:00,น้ำหอมติดทน,0.0,0.0,0.0,0.0,STABLE,live
2026-08-05T01:44:12.481732+00:00,คอนซีลเลอร์,0.0,0.0,0.0,0.0,STABLE,live
2026-08-05T01:44:12.481732+00:00,คอลลาเจน,80.0,21.889,-5.333,13.722,PEAK,live
2026-08-05T01:44:12.481732+00:00,โพรไบโอติก,27.0,3.0,10.444,5.233,INTRO,live
2026-08-05T01:44:12.481732+00:00,วิตามินผิว,31.0,3.444,3.444,3.444,INTRO,live
2026-08-05T01:44:12.481732+00:00,กาแฟลดน้ำหนัก,29.0,3.222,3.222,3.222,INTRO,live
2026-08-05T01:44:12.481732+00:00,ขนมเกาหลี,0.0,0.0,0.0,0.0,STABLE,live
2026-08-05T01:44:12.481732+00:00,เครื่องชงกาแฟ,82.0,9.111,9.111,9.111,GROWTH,live
2026-08-05T01:44:12.481732+00:00,เครื่องฟอกอากาศ,46.0,5.111,5.111,5.111,GROWTH,live
2026-08-05T01:44:12.481732+00:00,หม้อทอดไร้น้ำมัน,0.0,6.667,0.0,4.667,INTRO,live
2026-08-05T01:44:12.481732+00:00,ที่ดูดฝุ่นไร้สาย,0.0,0.0,0.0,0.0,STABLE,live
2026-08-05T01:44:12.481732+00:00,ไฟ LED ติดผนัง,0.0,0.0,0.0,0.0,STABLE,live
2026-08-05T01:44:12.481732+00:00,รองเท้าผ้าใบ,83.0,23.889,9.222,19.489,GROWTH,live
2026-08-05T01:44:12.481732+00:00,กระเป๋าสะพาย,71.0,20.889,7.889,16.989,GROWTH,live
2026-08-05T01:44:12.481732+00:00,เสื้อโอเวอร์ไซส์,0.0,0.0,0.0,0.0,STABLE,live
2026-08-05T01:44:12.481732+00:00,กางเกงขายาวทรงสวย,0.0,0.0,0.0,0.0,STABLE,live
2026-08-05T01:44:12.481732+00:00,เดรสออกงาน,0.0,0.0,0.0,0.0,STABLE,live
2026-08-05T05:37:20.069082+00:00,น้ำหอมติดทน,0.0,5.222,0.0,3.656,INTRO,live
2026-08-05T05:37:20.069082+00:00,ลิปเปลี่ยนสี,0.0,0.0,0.0,0.0,STABLE,live
2026-08-05T05:37:20.069082+00:00,ครีมกันแดดโกลว์,0.0,0.0,0.0,0.0,STABLE,live
2026-08-05T05:37:20.069082+00:00,เซรั่มหน้าใส,0.0,0.0,0.0,0.0,STABLE,live
2026-08-05T05:37:20.069082+00:00,คอนซีลเลอร์,0.0,0.0,0.0,0.0,STABLE,live
2026-08-05T05:37:20.069082+00:00,ขนมเกาหลี,0.0,0.0,0.0,0.0,STABLE,live
2026-08-05T05:37:20.069082+00:00,กาแฟลดน้ำหนัก,0.0,0.0,0.0,0.0,STABLE,live
2026-08-05T05:37:20.069082+00:00,โพรไบโอติก,24.0,0.222,-1.778,-0.378,STABLE,live
2026-08-05T05:37:20.069082+00:00,วิตามินผิว,0.0,-0.889,0.0,-0.622,DECLINE,live
2026-08-05T05:37:20.069082+00:00,คอลลาเจน,83.0,-3.0,4.667,-0.7,DECLINE,live
2026-08-05T05:37:20.069082+00:00,หม้อทอดไร้น้ำมัน,47.0,7.889,12.444,9.256,GROWTH,live
2026-08-05T05:37:20.069082+00:00,เครื่องฟอกอากาศ,39.0,7.111,-2.111,4.344,PEAK,live
2026-08-05T05:37:20.069082+00:00,ที่ดูดฝุ่นไร้สาย,0.0,0.0,0.0,0.0,STABLE,live
2026-08-05T05:37:20.069082+00:00,ไฟ LED ติดผนัง,0.0,0.0,0.0,0.0,STABLE,live
2026-08-05T05:37:20.069082+00:00,เครื่องชงกาแฟ,47.0,1.333,-8.111,-1.5,PEAK,live
2026-08-05T05:37:20.069082+00:00,กระเป๋าสะพาย,44.0,-1.0,3.889,0.467,DECLINE,live
2026-08-05T05:37:20.069082+00:00,เสื้อโอเวอร์ไซส์,0.0,0.0,0.0,0.0,STABLE,live
2026-08-05T05:37:20.069082+00:00,กางเกงขายาวทรงสวย,0.0,0.0,0.0,0.0,STABLE,live
2026-08-05T05:37:20.069082+00:00,เดรสออกงาน,0.0,0.0,0.0,0.0,STABLE,live
2026-08-05T05:37:20.069082+00:00,รองเท้าผ้าใบ,47.0,-0.778,-0.444,-0.678,DECLINE,live
2026-08-05T08:18:42.169649+00:00,เซรั่มหน้าใส,32.76,0.711,0.273,0.58,INTRO,simulate_fallback
2026-08-05T08:18:42.169649+00:00,คอนซีลเลอร์,28.72,0.306,-0.614,0.03,INTRO,simulate_fallback
2026-08-05T08:18:42.169649+00:00,ครีมกันแดดโกลว์,33.48,-0.227,-0.238,-0.23,STABLE,simulate_fallback
2026-08-05T08:18:42.169649+00:00,ลิปเปลี่ยนสี,30.63,-0.223,-0.65,-0.351,STABLE,simulate_fallback
2026-08-05T08:18:42.169649+00:00,น้ำหอมติดทน,29.16,-0.421,-0.188,-0.351,DECLINE,simulate_fallback
2026-08-05T08:18:42.169649+00:00,วิตามินผิว,0.0,2.111,1.222,1.844,INTRO,live
2026-08-05T08:18:42.169649+00:00,ขนมเกาหลี,0.0,0.0,0.0,0.0,STABLE,live
2026-08-05T08:18:42.169649+00:00,กาแฟลดน้ำหนัก,0.0,0.0,0.0,0.0,STABLE,live
2026-08-05T08:18:42.169649+00:00,คอลลาเจน,53.0,-2.111,0.444,-1.344,DECLINE,live
2026-08-05T08:18:42.169649+00:00,โพรไบโอติก,0.0,-3.444,-1.0,-2.711,DECLINE,live
2026-08-05T08:18:42.169649+00:00,หม้อทอดไร้น้ำมัน,28.08,-0.099,0.275,0.014,STABLE,simulate_fallback
2026-08-05T08:18:42.169649+00:00,ที่ดูดฝุ่นไร้สาย,30.78,0.043,-0.521,-0.126,STABLE,simulate_fallback
2026-08-05T08:18:42.169649+00:00,เครื่องฟอกอากาศ,29.05,-0.244,0.143,-0.128,STABLE,simulate_fallback
2026-08-05T08:18:42.169649+00:00,ไฟ LED ติดผนัง,28.67,-0.264,-0.584,-0.36,STABLE,simulate_fallback
2026-08-05T08:18:42.169649+00:00,เครื่องชงกาแฟ,29.24,-0.702,-0.297,-0.581,DECLINE,simulate_fallback
2026-08-05T08:18:42.169649+00:00,กางเกงขายาวทรงสวย,30.34,0.096,0.719,0.283,STABLE,simulate_fallback
2026-08-05T08:18:42.169649+00:00,เดรสออกงาน,27.68,-0.293,0.477,-0.062,STABLE,simulate_fallback
2026-08-05T08:18:42.169649+00:00,รองเท้าผ้าใบ,31.56,-0.205,0.27,-0.063,STABLE,simulate_fallback
2026-08-05T08:18:42.169649+00:00,กระเป๋าสะพาย,29.23,-0.19,-0.339,-0.235,STABLE,simulate_fallback
2026-08-05T08:18:42.169649+00:00,เสื้อโอเวอร์ไซส์,28.5,-0.098,-0.77,-0.299,STABLE,simulate_fallback
2026-08-05T11:12:13.443697+00:00,ลิปเปลี่ยนสี,31.39,0.942,0.227,0.727,INTRO,simulate_fallback
2026-08-05T11:12:13.443697+00:00,น้ำหอมติดทน,31.8,0.752,0.604,0.707,INTRO,simulate_fallback
2026-08-05T11:12:13.443697+00:00,เซรั่มหน้าใส,30.01,0.186,-0.148,0.086,STABLE,simulate_fallback
2026-08-05T11:12:13.443697+00:00,คอนซีลเลอร์,30.62,-0.454,0.384,-0.202,DECLINE,simulate_fallback
2026-08-05T11:12:13.443697+00:00,ครีมกันแดดโกลว์,28.71,-0.645,-1.098,-0.781,DECLINE,simulate_fallback
2026-08-05T11:12:13.443697+00:00,วิตามินผิว,30.91,0.379,0.256,0.342,INTRO,simulate_fallback
2026-08-05T11:12:13.443697+00:00,กาแฟลดน้ำหนัก,32.14,0.22,0.542,0.317,STABLE,simulate_fallback
2026-08-05T11:12:13.443697+00:00,ขนมเกาหลี,29.49,-0.068,0.264,0.032,STABLE,simulate_fallback
2026-08-05T11:12:13.443697+00:00,คอลลาเจน,29.56,-0.316,0.24,-0.149,DECLINE,simulate_fallback
2026-08-05T11:12:13.443697+00:00,โพรไบโอติก,26.89,-0.827,-0.142,-0.622,DECLINE,simulate_fallback
2026-08-05T11:12:13.443697+00:00,ที่ดูดฝุ่นไร้สาย,30.45,0.387,-0.212,0.207,INTRO,simulate_fallback
2026-08-05T11:12:13.443697+00:00,เครื่องฟอกอากาศ,30.37,0.074,0.484,0.197,STABLE,simulate_fallback
2026-08-05T11:12:13.443697+00:00,หม้อทอดไร้น้ำมัน,29.37,0.127,-0.692,-0.118,STABLE,simulate_fallback
2026-08-05T11:12:13.443697+00:00,เครื่องชงกาแฟ,27.99,-0.46,-0.423,-0.449,DECLINE,simulate_fallback
2026-08-05T11:12:13.443697+00:00,ไฟ LED ติดผนัง,29.33,-1.098,-0.442,-0.902,DECLINE,simulate_fallback
2026-08-05T11:12:13.443697+00:00,เดรสออกงาน,29.06,0.242,-0.121,0.133,STABLE,simulate_fallback
2026-08-05T11:12:13.443697+00:00,กางเกงขายาวทรงสวย,30.47,0.002,0.337,0.102,STABLE,simulate_fallback
2026-08-05T11:12:13.443697+00:00,เสื้อโอเวอร์ไซส์,32.02,-0.105,0.531,0.086,STABLE,simulate_fallback
2026-08-05T11:12:13.443697+00:00,รองเท้าผ้าใบ,31.85,-0.247,-0.471,-0.314,STABLE,simulate_fallback
2026-08-05T11:12:13.443697+00:00,กระเป๋าสะพาย,27.49,-0.565,-0.242,-0.468,DECLINE,simulate_fallback
2026-08-05T13:44:16.520766+00:00,ลิปเปลี่ยนสี,31.62,0.668,0.653,0.664,INTRO,simulate_fallback
2026-08-05T13:44:16.520766+00:00,ครีมกันแดดโกลว์,29.69,0.153,0.055,0.123,STABLE,simulate_fallback
2026-08-05T13:44:16.520766+00:00,เซรั่มหน้าใส,27.51,-0.086,-0.401,-0.181,STABLE,simulate_fallback
2026-08-05T13:44:16.520766+00:00,คอนซีลเลอร์,28.75,-0.374,-0.069,-0.282,DECLINE,simulate_fallback
2026-08-05T13:44:16.520766+00:00,น้ำหอมติดทน,27.51,-0.525,-0.642,-0.56,DECLINE,simulate_fallback
2026-08-05T13:44:16.520766+00:00,คอลลาเจน,63.0,0.667,1.444,0.9,GROWTH,live
2026-08-05T13:44:16.520766+00:00,ขนมเกาหลี,0.0,0.0,0.0,0.0,STABLE,live
2026-08-05T13:44:16.520766+00:00,กาแฟลดน้ำหนัก,0.0,0.0,0.0,0.0,STABLE,live
2026-08-05T13:44:16.520766+00:00,โพรไบโอติก,0.0,-2.889,-2.444,-2.756,DECLINE,live
2026-08-05T13:44:16.520766+00:00,วิตามินผิว,24.0,-3.667,-1.778,-3.1,DECLINE,live
2026-08-05T13:44:16.520766+00:00,หม้อทอดไร้น้ำมัน,30.0,1.333,-0.222,0.867,INTRO,live
2026-08-05T13:44:16.520766+00:00,ที่ดูดฝุ่นไร้สาย,0.0,0.0,0.0,0.0,STABLE,live
2026-08-05T13:44:16.520766+00:00,ไฟ LED ติดผนัง,0.0,0.0,0.0,0.0,STABLE,live
2026-08-05T13:44:16.520766+00:00,เครื่องชงกาแฟ,0.0,-5.667,-3.222,-4.933,DECLINE,live
2026-08-05T13:44:16.520766+00:00,เครื่องฟอกอากาศ,0.0,-8.0,-4.556,-6.967,DECLINE,live
2026-08-05T13:44:16.520766+00:00,เสื้อโอเวอร์ไซส์,31.64,0.56,0.418,0.518,INTRO,simulate_fallback
2026-08-05T13:44:16.520766+00:00,รองเท้าผ้าใบ,31.52,0.41,-0.024,0.28,INTRO,simulate_fallback
2026-08-05T13:44:16.520766+00:00,กระเป๋าสะพาย,30.91,-0.129,0.268,-0.01,STABLE,simulate_fallback
2026-08-05T13:44:16.520766+00:00,เดรสออกงาน,32.91,-0.177,0.208,-0.061,STABLE,simulate_fallback
2026-08-05T13:44:16.520766+00:00,กางเกงขายาวทรงสวย,26.73,-0.717,-0.279,-0.586,DECLINE,simulate_fallback
2026-08-05T16:26:30.108333+00:00,เซรั่มหน้าใส,31.4,0.751,0.625,0.714,INTRO,simulate_fallback
2026-08-05T16:26:30.108333+00:00,ครีมกันแดดโกลว์,33.1,0.559,1.036,0.702,INTRO,simulate_fallback
2026-08-05T16:26:30.108333+00:00,น้ำหอมติดทน,29.69,0.872,0.184,0.666,INTRO,simulate_fallback
2026-08-05T16:26:30.108333+00:00,คอนซีลเลอร์,28.13,-0.262,-0.731,-0.403,STABLE,simulate_fallback
2026-08-05T16:26:30.108333+00:00,ลิปเปลี่ยนสี,28.4,-0.788,-0.47,-0.693,DECLINE,simulate_fallback
2026-08-05T16:26:30.108333+00:00,โพรไบโอติก,29.54,0.554,-0.087,0.362,INTRO,simulate_fallback
2026-08-05T16:26:30.108333+00:00,วิตามินผิว,29.49,0.178,-0.239,0.053,STABLE,simulate_fallback
2026-08-05T16:26:30.108333+00:00,ขนมเกาหลี,29.64,0.141,-0.492,-0.049,STABLE,simulate_fallback
2026-08-05T16:26:30.108333+00:00,คอลลาเจน,32.8,-0.203,-0.962,-0.431,STABLE,simulate_fallback
2026-08-05T16:26:30.108333+00:00,กาแฟลดน้ำหนัก,27.92,-0.626,-0.296,-0.527,DECLINE,simulate_fallback
2026-08-05T16:26:30.108333+00:00,ไฟ LED ติดผนัง,29.91,0.04,0.374,0.14,STABLE,simulate_fallback
2026-08-05T16:26:30.108333+00:00,ที่ดูดฝุ่นไร้สาย,30.72,0.136,-0.149,0.05,STABLE,simulate_fallback
2026-08-05T16:26:30.108333+00:00,เครื่องชงกาแฟ,30.59,0.001,-0.137,-0.041,STABLE,simulate_fallback
2026-08-05T16:26:30.108333+00:00,เครื่องฟอกอากาศ,29.86,-0.171,-0.379,-0.234,STABLE,simulate_fallback
2026-08-05T16:26:30.108333+00:00,หม้อทอดไร้น้ำมัน,30.78,-0.829,-0.705,-0.792,DECLINE,simulate_fallback
2026-08-05T16:26:30.108333+00:00,กระเป๋าสะพาย,31.0,0.621,0.756,0.661,INTRO,simulate_fallback
2026-08-05T16:26:30.108333+00:00,รองเท้าผ้าใบ,29.11,0.327,0.154,0.275,INTRO,simulate_fallback
2026-08-05T16:26:30.108333+00:00,กางเกงขายาวทรงสวย,28.03,0.235,0.162,0.213,STABLE,simulate_fallback
2026-08-05T16:26:30.108333+00:00,เสื้อโอเวอร์ไซส์,27.88,0.281,-0.053,0.181,STABLE,simulate_fallback
2026-08-05T16:26:30.108333+00:00,เดรสออกงาน,30.55,-0.39,0.086,-0.247,DECLINE,simulate_fallback
2026-08-05T19:15:42.623244+00:00,เซรั่มหน้าใส,33.39,0.235,0.505,0.316,STABLE,simulate_fallback
2026-08-05T19:15:42.623244+00:00,น้ำหอมติดทน,30.32,0.367,-0.36,0.149,INTRO,simulate_fallback
2026-08-05T19:15:42.623244+00:00,ลิปเปลี่ยนสี,31.75,-0.0,0.093,0.028,STABLE,simulate_fallback
2026-08-05T19:15:42.623244+00:00,ครีมกันแดดโกลว์,29.29,0.043,-0.107,-0.002,STABLE,simulate_fallback
2026-08-05T19:15:42.623244+00:00,คอนซีลเลอร์,28.28,-0.558,-0.782,-0.625,DECLINE,simulate_fallback
2026-08-05T19:15:42.623244+00:00,คอลลาเจน,32.6,0.435,-0.294,0.216,INTRO,simulate_fallback
2026-08-05T19:15:42.623244+00:00,กาแฟลดน้ำหนัก,28.9,0.217,-0.184,0.097,STABLE,simulate_fallback
2026-08-05T19:15:42.623244+00:00,โพรไบโอติก,27.89,-0.347,-0.244,-0.316,DECLINE,simulate_fallback
2026-08-05T19:15:42.623244+00:00,ขนมเกาหลี,28.67,-0.782,-0.277,-0.63,DECLINE,simulate_fallback
2026-08-05T19:15:42.623244+00:00,วิตามินผิว,29.67,-0.732,-0.51,-0.665,DECLINE,simulate_fallback
2026-08-05T19:15:42.623244+00:00,หม้อทอดไร้น้ำมัน,30.38,0.637,0.067,0.466,INTRO,simulate_fallback
2026-08-05T19:15:42.623244+00:00,ไฟ LED ติดผนัง,29.64,0.162,0.221,0.18,STABLE,simulate_fallback
2026-08-05T19:15:42.623244+00:00,ที่ดูดฝุ่นไร้สาย,32.06,-0.269,0.115,-0.154,STABLE,simulate_fallback
2026-08-05T19:15:42.623244+00:00,เครื่องฟอกอากาศ,30.35,-0.51,0.094,-0.329,DECLINE,simulate_fallback
2026-08-05T19:15:42.623244+00:00,เครื่องชงกาแฟ,29.77,-0.591,-1.004,-0.715,DECLINE,simulate_fallback
2026-08-05T19:15:42.623244+00:00,เสื้อโอเวอร์ไซส์,30.23,0.557,1.114,0.724,INTRO,simulate_fallback
2026-08-05T19:15:42.623244+00:00,กระเป๋าสะพาย,29.61,0.194,-0.013,0.132,STABLE,simulate_fallback
2026-08-05T19:15:42.623244+00:00,เดรสออกงาน,29.7,-0.294,0.386,-0.09,STABLE,simulate_fallback
2026-08-05T19:15:42.623244+00:00,กางเกงขายาวทรงสวย,30.1,-0.307,0.225,-0.147,DECLINE,simulate_fallback
2026-08-05T19:15:42.623244+00:00,รองเท้าผ้าใบ,29.94,-0.312,-0.496,-0.367,DECLINE,simulate_fallback
2026-08-05T22:06:00.770168+00:00,ลิปเปลี่ยนสี,0.0,0.0,0.0,0.0,STABLE,live
2026-08-05T22:06:00.770168+00:00,ครีมกันแดดโกลว์,0.0,0.0,0.0,0.0,STABLE,live
2026-08-05T22:06:00.770168+00:00,เซรั่มหน้าใส,0.0,0.0,0.0,0.0,STABLE,live
2026-08-05T22:06:00.770168+00:00,น้ำหอมติดทน,0.0,0.0,0.0,0.0,STABLE,live
2026-08-05T22:06:00.770168+00:00,คอนซีลเลอร์,0.0,0.0,0.0,0.0,STABLE,live
2026-08-05T22:06:00.770168+00:00,ขนมเกาหลี,0.0,0.0,0.0,0.0,STABLE,live
2026-08-05T22:06:00.770168+00:00,กาแฟลดน้ำหนัก,0.0,0.0,0.0,0.0,STABLE,live
2026-08-05T22:06:00.770168+00:00,โพรไบโอติก,0.0,0.0,0.0,0.0,STABLE,live
2026-08-05T22:06:00.770168+00:00,วิตามินผิว,0.0,-6.111,0.0,-4.278,DECLINE,live
2026-08-05T22:06:00.770168+00:00,คอลลาเจน,0.0,-12.333,6.111,-6.8,DECLINE,live
2026-08-05T22:06:00.770168+00:00,เครื่องชงกาแฟ,0.0,0.0,3.222,0.967,STABLE,live
2026-08-05T22:06:00.770168+00:00,ที่ดูดฝุ่นไร้สาย,0.0,0.0,0.0,0.0,STABLE,live
2026-08-05T22:06:00.770168+00:00,หม้อทอดไร้น้ำมัน,0.0,0.0,0.0,0.0,STABLE,live
2026-08-05T22:06:00.770168+00:00,ไฟ LED ติดผนัง,0.0,0.0,0.0,0.0,STABLE,live
2026-08-05T22:06:00.770168+00:00,เครื่องฟอกอากาศ,0.0,-2.667,2.778,-1.033,DECLINE,live
2026-08-05T22:06:00.770168+00:00,เสื้อโอเวอร์ไซส์,0.0,0.0,0.0,0.0,STABLE,live
2026-08-05T22:06:00.770168+00:00,กางเกงขายาวทรงสวย,0.0,0.0,0.0,0.0,STABLE,live
2026-08-05T22:06:00.770168+00:00,เดรสออกงาน,0.0,0.0,0.0,0.0,STABLE,live
2026-08-05T22:06:00.770168+00:00,รองเท้าผ้าใบ,0.0,-7.222,-8.333,-7.556,DECLINE,live
2026-08-05T22:06:00.770168+00:00,กระเป๋าสะพาย,0.0,-16.111,4.222,-10.011,DECLINE,live
2026-08-06T01:44:20.104900+00:00,ลิปเปลี่ยนสี,0.0,0.0,0.0,0.0,STABLE,live
2026-08-06T01:44:20.104900+00:00,ครีมกันแดดโกลว์,0.0,0.0,0.0,0.0,STABLE,live
2026-08-06T01:44:20.104900+00:00,เซรั่มหน้าใส,0.0,0.0,0.0,0.0,STABLE,live
2026-08-06T01:44:20.104900+00:00,น้ำหอมติดทน,0.0,0.0,0.0,0.0,STABLE,live
2026-08-06T01:44:20.104900+00:00,คอนซีลเลอร์,0.0,0.0,0.0,0.0,STABLE,live
2026-08-06T01:44:20.104900+00:00,คอลลาเจน,68.0,14.889,-14.667,6.022,PEAK,live
2026-08-06T01:44:20.104900+00:00,โพรไบโอติก,20.0,2.222,2.222,2.222,INTRO,live
2026-08-06T01:44:20.104900+00:00,วิตามินผิว,0.0,0.0,0.0,0.0,STABLE,live
2026-08-06T01:44:20.104900+00:00,ขนมเกาหลี,0.0,0.0,0.0,0.0,STABLE,live
2026-08-06T01:44:20.104900+00:00,กาแฟลดน้ำหนัก,0.0,0.0,0.0,0.0,STABLE,live
2026-08-06T01:44:20.104900+00:00,เครื่องชงกาแฟ,47.0,11.667,5.222,9.733,GROWTH,live
2026-08-06T01:44:20.104900+00:00,ที่ดูดฝุ่นไร้สาย,0.0,0.0,0.0,0.0,STABLE,live
2026-08-06T01:44:20.104900+00:00,หม้อทอดไร้น้ำมัน,0.0,0.0,0.0,0.0,STABLE,live
2026-08-06T01:44:20.104900+00:00,เครื่องฟอกอากาศ,0.0,0.0,0.0,0.0,STABLE,live
2026-08-06T01:44:20.104900+00:00,ไฟ LED ติดผนัง,0.0,0.0,0.0,0.0,STABLE,live
2026-08-06T01:44:20.104900+00:00,รองเท้าผ้าใบ,30.92,0.091,0.205,0.125,STABLE,simulate_fallback
2026-08-06T01:44:20.104900+00:00,เสื้อโอเวอร์ไซส์,29.71,-0.167,0.018,-0.111,STABLE,simulate_fallback
2026-08-06T01:44:20.104900+00:00,กระเป๋าสะพาย,28.97,-0.285,0.129,-0.161,STABLE,simulate_fallback
2026-08-06T01:44:20.104900+00:00,กางเกงขายาวทรงสวย,29.43,-0.391,0.253,-0.198,DECLINE,simulate_fallback
2026-08-06T01:44:20.104900+00:00,เดรสออกงาน,30.23,-0.209,-0.398,-0.266,STABLE,simulate_fallback
2026-08-06T05:39:37.703233+00:00,คอนซีลเลอร์,28.02,0.11,0.07,0.098,STABLE,simulate_fallback
2026-08-06T05:39:37.703233+00:00,น้ำหอมติดทน,30.13,-0.056,-0.175,-0.092,STABLE,simulate_fallback
2026-08-06T05:39:37.703233+00:00,เซรั่มหน้าใส,31.88,-0.39,0.203,-0.212,DECLINE,simulate_fallback
2026-08-06T05:39:37.703233+00:00,ลิปเปลี่ยนสี,27.58,-0.338,-0.266,-0.316,DECLINE,simulate_fallback
2026-08-06T05:39:37.703233+00:00,ครีมกันแดดโกลว์,31.86,-0.417,-0.695,-0.5,DECLINE,simulate_fallback
2026-08-06T05:39:37.703233+00:00,คอลลาเจน,31.53,1.08,0.267,0.836,INTRO,simulate_fallback
2026-08-06T05:39:37.703233+00:00,กาแฟลดน้ำหนัก,31.83,0.528,0.638,0.561,INTRO,simulate_fallback
2026-08-06T05:39:37.703233+00:00,ขนมเกาหลี,29.6,0.049,0.575,0.207,STABLE,simulate_fallback
2026-08-06T05:39:37.703233+00:00,วิตามินผิว,31.52,0.037,0.148,0.07,STABLE,simulate_fallback
2026-08-06T05:39:37.703233+00:00,โพรไบโอติก,29.36,0.011,-0.32,-0.088,STABLE,simulate_fallback
2026-08-06T05:39:37.703233+00:00,เครื่องฟอกอากาศ,31.78,0.96,1.102,1.003,INTRO,simulate_fallback
2026-08-06T05:39:37.703233+00:00,หม้อทอดไร้น้ำมัน,32.84,0.599,0.379,0.533,INTRO,simulate_fallback
2026-08-06T05:39:37.703233+00:00,ไฟ LED ติดผนัง,29.08,0.222,-0.026,0.147,STABLE,simulate_fallback
2026-08-06T05:39:37.703233+00:00,เครื่องชงกาแฟ,33.28,-0.3,-0.147,-0.254,DECLINE,simulate_fallback
2026-08-06T05:39:37.703233+00:00,ที่ดูดฝุ่นไร้สาย,27.12,-0.794,-0.26,-0.634,DECLINE,simulate_fallback
2026-08-06T05:39:37.703233+00:00,เดรสออกงาน,30.43,0.334,0.263,0.313,INTRO,simulate_fallback
2026-08-06T05:39:37.703233+00:00,เสื้อโอเวอร์ไซส์,30.37,0.3,-0.043,0.197,INTRO,simulate_fallback
2026-08-06T05:39:37.703233+00:00,รองเท้าผ้าใบ,31.05,-0.207,0.407,-0.023,STABLE,simulate_fallback
2026-08-06T05:39:37.703233+00:00,กางเกงขายาวทรงสวย,28.31,-0.094,-0.213,-0.129,STABLE,simulate_fallback
2026-08-06T05:39:37.703233+00:00,กระเป๋าสะพาย,29.53,-0.141,-0.481,-0.243,STABLE,simulate_fallback
2026-08-06T08:16:12.654007+00:00,ลิปเปลี่ยนสี,31.64,0.402,0.584,0.457,INTRO,simulate_fallback
2026-08-06T08:16:12.654007+00:00,เซรั่มหน้าใส,31.3,0.368,0.258,0.335,INTRO,simulate_fallback
2026-08-06T08:16:12.654007+00:00,น้ำหอมติดทน,31.86,-0.049,0.149,0.01,STABLE,simulate_fallback
2026-08-06T08:16:12.654007+00:00,คอนซีลเลอร์,26.85,-0.389,-0.004,-0.274,DECLINE,simulate_fallback
2026-08-06T08:16:12.654007+00:00,ครีมกันแดดโกลว์,28.7,-0.243,-0.447,-0.304,STABLE,simulate_fallback
2026-08-06T08:16:12.654007+00:00,ขนมเกาหลี,31.87,0.579,0.265,0.485,INTRO,simulate_fallback
2026-08-06T08:16:12.654007+00:00,คอลลาเจน,31.5,0.146,0.567,0.272,STABLE,simulate_fallback
2026-08-06T08:16:12.654007+00:00,วิตามินผิว,30.18,0.139,0.229,0.166,STABLE,simulate_fallback
2026-08-06T08:16:12.654007+00:00,โพรไบโอติก,29.63,0.091,-0.172,0.012,STABLE,simulate_fallback
2026-08-06T08:16:12.654007+00:00,กาแฟลดน้ำหนัก,28.17,-0.246,0.01,-0.169,STABLE,simulate_fallback
2026-08-06T08:16:12.654007+00:00,เครื่องฟอกอากาศ,29.85,0.569,0.315,0.493,INTRO,simulate_fallback
2026-08-06T08:16:12.654007+00:00,หม้อทอดไร้น้ำมัน,29.58,-0.041,0.645,0.165,STABLE,simulate_fallback
2026-08-06T08:16:12.654007+00:00,ไฟ LED ติดผนัง,30.21,0.049,-0.319,-0.061,STABLE,simulate_fallback
2026-08-06T08:16:12.654007+00:00,เครื่องชงกาแฟ,29.73,-0.061,-0.423,-0.169,STABLE,simulate_fallback
2026-08-06T08:16:12.654007+00:00,ที่ดูดฝุ่นไร้สาย,28.9,-0.244,-0.343,-0.274,STABLE,simulate_fallback
2026-08-06T08:16:12.654007+00:00,กางเกงขายาวทรงสวย,29.29,0.691,0.076,0.507,INTRO,simulate_fallback
2026-08-06T08:16:12.654007+00:00,เสื้อโอเวอร์ไซส์,29.66,0.167,0.485,0.262,STABLE,simulate_fallback
2026-08-06T08:16:12.654007+00:00,เดรสออกงาน,29.31,0.254,-0.057,0.161,STABLE,simulate_fallback
2026-08-06T08:16:12.654007+00:00,กระเป๋าสะพาย,28.3,-0.159,0.296,-0.023,STABLE,simulate_fallback
2026-08-06T08:16:12.654007+00:00,รองเท้าผ้าใบ,28.16,-0.184,-0.359,-0.237,STABLE,simulate_fallback
2026-08-06T11:12:36.777379+00:00,ครีมกันแดดโกลว์,33.35,0.334,0.243,0.307,INTRO,simulate_fallback
2026-08-06T11:12:36.777379+00:00,ลิปเปลี่ยนสี,31.25,0.34,-0.039,0.226,INTRO,simulate_fallback
2026-08-06T11:12:36.777379+00:00,คอนซีลเลอร์,31.12,0.07,0.041,0.061,STABLE,simulate_fallback
2026-08-06T11:12:36.777379+00:00,น้ำหอมติดทน,31.24,-0.097,0.393,0.05,STABLE,simulate_fallback
2026-08-06T11:12:36.777379+00:00,เซรั่มหน้าใส,30.9,-0.229,0.654,0.036,STABLE,simulate_fallback
2026-08-06T11:12:36.777379+00:00,คอลลาเจน,30.85,0.417,0.608,0.474,INTRO,simulate_fallback
2026-08-06T11:12:36.777379+00:00,โพรไบโอติก,28.86,0.312,0.594,0.397,INTRO,simulate_fallback
2026-08-06T11:12:36.777379+00:00,วิตามินผิว,33.66,0.208,-0.246,0.072,STABLE,simulate_fallback
2026-08-06T11:12:36.777379+00:00,ขนมเกาหลี,27.93,0.025,-0.585,-0.158,STABLE,simulate_fallback
2026-08-06T11:12:36.777379+00:00,กาแฟลดน้ำหนัก,28.82,-0.205,-0.303,-0.235,STABLE,simulate_fallback
2026-08-06T11:12:36.777379+00:00,ไฟ LED ติดผนัง,31.94,-0.062,-0.092,-0.071,STABLE,simulate_fallback
2026-08-06T11:12:36.777379+00:00,ที่ดูดฝุ่นไร้สาย,29.39,-0.105,-0.075,-0.096,STABLE,simulate_fallback
2026-08-06T11:12:36.777379+00:00,หม้อทอดไร้น้ำมัน,31.17,-0.344,0.213,-0.177,DECLINE,simulate_fallback
2026-08-06T11:12:36.777379+00:00,เครื่องชงกาแฟ,31.2,-0.561,0.419,-0.267,DECLINE,simulate_fallback
2026-08-06T11:12:36.777379+00:00,เครื่องฟอกอากาศ,28.55,-0.423,0.065,-0.277,DECLINE,simulate_fallback
2026-08-06T11:12:36.777379+00:00,เดรสออกงาน,32.11,1.062,0.052,0.759,INTRO,simulate_fallback
2026-08-06T11:12:36.777379+00:00,รองเท้าผ้าใบ,31.72,0.712,-0.291,0.411,INTRO,simulate_fallback
2026-08-06T11:12:36.777379+00:00,กระเป๋าสะพาย,31.36,-0.038,0.259,0.051,STABLE,simulate_fallback
2026-08-06T11:12:36.777379+00:00,เสื้อโอเวอร์ไซส์,28.87,-0.287,0.255,-0.124,STABLE,simulate_fallback
2026-08-06T11:12:36.777379+00:00,กางเกงขายาวทรงสวย,30.23,-0.249,-0.195,-0.233,STABLE,simulate_fallback
2026-08-06T13:42:44.966166+00:00,เซรั่มหน้าใส,32.05,0.254,0.489,0.325,STABLE,simulate_fallback
2026-08-06T13:42:44.966166+00:00,คอนซีลเลอร์,27.78,0.337,-0.341,0.134,INTRO,simulate_fallback
2026-08-06T13:42:44.966166+00:00,ครีมกันแดดโกลว์,27.63,0.005,0.269,0.084,STABLE,simulate_fallback
2026-08-06T13:42:44.966166+00:00,ลิปเปลี่ยนสี,28.88,0.076,0.025,0.061,STABLE,simulate_fallback
2026-08-06T13:42:44.966166+00:00,น้ำหอมติดทน,28.12,0.125,-0.253,0.011,STABLE,simulate_fallback
2026-08-06T13:42:44.966166+00:00,คอลลาเจน,43.0,1.556,0.222,1.156,GROWTH,live
2026-08-06T13:42:44.966166+00:00,วิตามินผิว,0.0,0.0,0.0,0.0,STABLE,live
2026-08-06T13:42:44.966166+00:00,ขนมเกาหลี,0.0,0.0,0.0,0.0,STABLE,live
2026-08-06T13:42:44.966166+00:00,กาแฟลดน้ำหนัก,0.0,0.0,0.0,0.0,STABLE,live
2026-08-06T13:42:44.966166+00:00,โพรไบโอติก,0.0,-2.0,0.0,-1.4,DECLINE,live
2026-08-06T13:42:44.966166+00:00,หม้อทอดไร้น้ำมัน,0.0,2.889,-4.0,0.822,INTRO,live
2026-08-06T13:42:44.966166+00:00,ที่ดูดฝุ่นไร้สาย,0.0,0.0,0.0,0.0,STABLE,live
2026-08-06T13:42:44.966166+00:00,ไฟ LED ติดผนัง,0.0,0.0,0.0,0.0,STABLE,live
2026-08-06T13:42:44.966166+00:00,เครื่องชงกาแฟ,0.0,-9.222,-2.778,-7.289,DECLINE,live
2026-08-06T13:42:44.966166+00:00,เครื่องฟอกอากาศ,0.0,-8.889,-7.778,-8.556,DECLINE,live
2026-08-06T13:42:44.966166+00:00,กระเป๋าสะพาย,67.0,7.333,3.444,6.167,GROWTH,live
2026-08-06T13:42:44.966166+00:00,เสื้อโอเวอร์ไซส์,0.0,0.0,0.0,0.0,STABLE,live
2026-08-06T13:42:44.966166+00:00,กางเกงขายาวทรงสวย,0.0,0.0,0.0,0.0,STABLE,live
2026-08-06T13:42:44.966166+00:00,เดรสออกงาน,0.0,0.0,0.0,0.0,STABLE,live
2026-08-06T13:42:44.966166+00:00,รองเท้าผ้าใบ,74.0,-3.333,0.556,-2.167,DECLINE,live
2026-08-06T23:50:29.429122+00:00,ลิปเปลี่ยนสี,0.0,0.0,0.0,0.0,STABLE,live
2026-08-06T23:50:29.429122+00:00,ครีมกันแดดโกลว์,0.0,0.0,0.0,0.0,STABLE,live
2026-08-06T23:50:29.429122+00:00,เซรั่มหน้าใส,0.0,0.0,0.0,0.0,STABLE,live
2026-08-06T23:50:29.429122+00:00,น้ำหอมติดทน,0.0,0.0,0.0,0.0,STABLE,live
2026-08-06T23:50:29.429122+00:00,คอนซีลเลอร์,0.0,0.0,0.0,0.0,STABLE,live
2026-08-06T23:50:29.429122+00:00,ขนมเกาหลี,30.26,0.294,0.001,0.206,STABLE,simulate_fallback
2026-08-06T23:50:29.429122+00:00,กาแฟลดน้ำหนัก,29.68,0.24,-0.368,0.058,STABLE,simulate_fallback
2026-08-06T23:50:29.429122+00:00,วิตามินผิว,28.22,-0.553,0.097,-0.358,DECLINE,simulate_fallback
2026-08-06T23:50:29.429122+00:00,คอลลาเจน,29.84,-0.918,-0.047,-0.657,DECLINE,simulate_fallback
2026-08-06T23:50:29.429122+00:00,โพรไบโอติก,29.03,-0.796,-0.958,-0.844,DECLINE,simulate_fallback
2026-08-06T23:50:29.429122+00:00,ที่ดูดฝุ่นไร้สาย,29.96,0.278,-0.059,0.177,STABLE,simulate_fallback
2026-08-06T23:50:29.429122+00:00,เครื่องชงกาแฟ,31.72,0.144,0.073,0.123,STABLE,simulate_fallback
2026-08-06T23:50:29.429122+00:00,ไฟ LED ติดผนัง,29.34,0.29,-0.411,0.08,STABLE,simulate_fallback
2026-08-06T23:50:29.429122+00:00,เครื่องฟอกอากาศ,29.19,0.19,-0.247,0.059,STABLE,simulate_fallback
2026-08-06T23:50:29.429122+00:00,หม้อทอดไร้น้ำมัน,29.79,-0.192,0.002,-0.134,STABLE,simulate_fallback
2026-08-06T23:50:29.429122+00:00,รองเท้าผ้าใบ,72.0,8.0,14.222,9.867,GROWTH,live
2026-08-06T23:50:29.429122+00:00,กระเป๋าสะพาย,46.0,-3.778,8.889,0.022,DECLINE,live
2026-08-06T23:50:29.429122+00:00,เสื้อโอเวอร์ไซส์,0.0,0.0,0.0,0.0,STABLE,live
2026-08-06T23:50:29.429122+00:00,กางเกงขายาวทรงสวย,0.0,0.0,0.0,0.0,STABLE,live
2026-08-06T23:50:29.429122+00:00,เดรสออกงาน,0.0,0.0,0.0,0.0,STABLE,live
2026-08-07T02:09:25.570368+00:00,ครีมกันแดดโกลว์,34.6,0.91,0.573,0.809,INTRO,simulate_fallback
2026-08-07T02:09:25.570368+00:00,น้ำหอมติดทน,32.18,0.732,-0.168,0.462,INTRO,simulate_fallback
2026-08-07T02:09:25.570368+00:00,เซรั่มหน้าใส,32.1,0.131,0.478,0.235,STABLE,simulate_fallback
2026-08-07T02:09:25.570368+00:00,คอนซีลเลอร์,31.04,0.127,-0.73,-0.13,STABLE,simulate_fallback
2026-08-07T02:09:25.570368+00:00,ลิปเปลี่ยนสี,26.82,-0.035,-0.488,-0.171,STABLE,simulate_fallback
2026-08-07T02:09:25.570368+00:00,คอลลาเจน,30.01,0.174,0.031,0.131,STABLE,simulate_fallback
2026-08-07T02:09:25.570368+00:00,โพรไบโอติก,31.34,-0.471,0.413,-0.206,DECLINE,simulate_fallback
2026-08-07T02:09:25.570368+00:00,ขนมเกาหลี,31.59,-0.713,0.758,-0.272,DECLINE,simulate_fallback
2026-08-07T02:09:25.570368+00:00,วิตามินผิว,28.31,-0.545,-0.118,-0.417,DECLINE,simulate_fallback
2026-08-07T02:09:25.570368+00:00,กาแฟลดน้ำหนัก,29.5,-0.85,-0.581,-0.769,DECLINE,simulate_fallback
2026-08-07T02:09:25.570368+00:00,หม้อทอดไร้น้ำมัน,29.96,0.661,0.205,0.524,INTRO,simulate_fallback
2026-08-07T02:09:25.570368+00:00,ที่ดูดฝุ่นไร้สาย,31.08,0.554,0.245,0.461,INTRO,simulate_fallback
2026-08-07T02:09:25.570368+00:00,ไฟ LED ติดผนัง,32.98,0.107,0.289,0.162,STABLE,simulate_fallback
2026-08-07T02:09:25.570368+00:00,เครื่องฟอกอากาศ,32.49,-0.195,0.008,-0.134,STABLE,simulate_fallback
2026-08-07T02:09:25.570368+00:00,เครื่องชงกาแฟ,28.34,-0.501,-0.464,-0.49,DECLINE,simulate_fallback
2026-08-07T02:09:25.570368+00:00,รองเท้าผ้าใบ,29.87,0.171,0.398,0.239,STABLE,simulate_fallback
2026-08-07T02:09:25.570368+00:00,กางเกงขายาวทรงสวย,33.27,0.298,-0.075,0.186,STABLE,simulate_fallback
2026-08-07T02:09:25.570368+00:00,กระเป๋าสะพาย,31.37,-0.007,0.597,0.174,STABLE,simulate_fallback
2026-08-07T02:09:25.570368+00:00,เดรสออกงาน,30.45,-0.082,0.009,-0.055,STABLE,simulate_fallback
2026-08-07T02:09:25.570368+00:00,เสื้อโอเวอร์ไซส์,28.26,-0.07,-0.085,-0.075,STABLE,simulate_fallback
2026-08-07T04:48:14.989904+00:00,ลิปเปลี่ยนสี,0.0,0.0,0.0,0.0,STABLE,live
2026-08-07T04:48:14.989904+00:00,ครีมกันแดดโกลว์,0.0,0.0,0.0,0.0,STABLE,live
2026-08-07T04:48:14.989904+00:00,เซรั่มหน้าใส,0.0,0.0,0.0,0.0,STABLE,live
2026-08-07T04:48:14.989904+00:00,น้ำหอมติดทน,0.0,0.0,0.0,0.0,STABLE,live
2026-08-07T04:48:14.989904+00:00,คอนซีลเลอร์,0.0,-11.111,0.0,-7.778,DECLINE,live
2026-08-07T04:48:14.989904+00:00,โพรไบโอติก,16.0,1.667,1.778,1.7,INTRO,live
2026-08-07T04:48:14.989904+00:00,วิตามินผิว,0.0,1.556,0.0,1.089,INTRO,live
2026-08-07T04:48:14.989904+00:00,ขนมเกาหลี,0.0,0.0,0.0,0.0,STABLE,live
2026-08-07T04:48:14.989904+00:00,กาแฟลดน้ำหนัก,0.0,0.0,0.0,0.0,STABLE,live
2026-08-07T04:48:14.989904+00:00,คอลลาเจน,42.0,-5.222,-0.667,-3.856,DECLINE,live
2026-08-07T04:48:14.989904+00:00,เครื่องฟอกอากาศ,51.0,9.333,5.667,8.233,GROWTH,live
2026-08-07T04:48:14.989904+00:00,หม้อทอดไร้น้ำมัน,45.0,6.111,-3.0,3.378,PEAK,live
2026-08-07T04:48:14.989904+00:00,เครื่องชงกาแฟ,70.0,8.778,-14.444,1.811,PEAK,live
2026-08-07T04:48:14.989904+00:00,ที่ดูดฝุ่นไร้สาย,0.0,0.0,0.0,0.0,STABLE,live
2026-08-07T04:48:14.989904+00:00,ไฟ LED ติดผนัง,0.0,0.0,0.0,0.0,STABLE,live
2026-08-07T04:48:14.989904+00:00,เสื้อโอเวอร์ไซส์,0.0,0.0,0.0,0.0,STABLE,live
2026-08-07T04:48:14.989904+00:00,กางเกงขายาวทรงสวย,0.0,0.0,0.0,0.0,STABLE,live
2026-08-07T04:48:14.989904+00:00,เดรสออกงาน,0.0,0.0,0.0,0.0,STABLE,live
2026-08-07T04:48:14.989904+00:00,รองเท้าผ้าใบ,42.0,-1.111,-3.778,-1.911,DECLINE,live
2026-08-07T04:48:14.989904+00:00,กระเป๋าสะพาย,26.0,-6.222,3.111,-3.422,DECLINE,live
2026-08-07T07:00:39.185857+00:00,เซรั่มหน้าใส,28.7,0.455,0.278,0.402,INTRO,simulate_fallback
2026-08-07T07:00:39.185857+00:00,คอนซีลเลอร์,31.36,0.446,0.122,0.349,INTRO,simulate_fallback
2026-08-07T07:00:39.185857+00:00,ลิปเปลี่ยนสี,30.23,0.134,0.434,0.224,STABLE,simulate_fallback
2026-08-07T07:00:39.185857+00:00,ครีมกันแดดโกลว์,29.61,0.467,-0.588,0.15,INTRO,simulate_fallback
2026-08-07T07:00:39.185857+00:00,น้ำหอมติดทน,27.52,0.037,-0.133,-0.014,STABLE,simulate_fallback
2026-08-07T07:00:39.185857+00:00,ขนมเกาหลี,30.35,0.312,0.525,0.376,INTRO,simulate_fallback
2026-08-07T07:00:39.185857+00:00,คอลลาเจน,31.81,0.284,0.117,0.234,STABLE,simulate_fallback
2026-08-07T07:00:39.185857+00:00,โพรไบโอติก,30.97,0.017,0.025,0.02,STABLE,simulate_fallback
2026-08-07T07:00:39.185857+00:00,วิตามินผิว,30.22,-0.056,0.106,-0.007,STABLE,simulate_fallback
2026-08-07T07:00:39.185857+00:00,กาแฟลดน้ำหนัก,29.41,-0.323,-0.093,-0.254,DECLINE,simulate_fallback
2026-08-07T07:00:39.185857+00:00,ไฟ LED ติดผนัง,28.32,0.365,-0.033,0.245,INTRO,simulate_fallback
2026-08-07T07:00:39.185857+00:00,เครื่องฟอกอากาศ,31.38,0.011,0.007,0.01,STABLE,simulate_fallback
2026-08-07T07:00:39.185857+00:00,หม้อทอดไร้น้ำมัน,30.46,-0.157,-0.298,-0.199,STABLE,simulate_fallback
2026-08-07T07:00:39.185857+00:00,ที่ดูดฝุ่นไร้สาย,29.49,-0.303,-0.157,-0.259,DECLINE,simulate_fallback
2026-08-07T07:00:39.185857+00:00,เครื่องชงกาแฟ,29.11,-0.307,-0.581,-0.389,DECLINE,simulate_fallback
2026-08-07T07:00:39.185857+00:00,กระเป๋าสะพาย,28.39,0.197,-0.038,0.127,STABLE,simulate_fallback
2026-08-07T07:00:39.185857+00:00,รองเท้าผ้าใบ,32.55,0.004,0.401,0.123,STABLE,simulate_fallback
2026-08-07T07:00:39.185857+00:00,เดรสออกงาน,31.35,-0.192,0.003,-0.133,STABLE,simulate_fallback
2026-08-07T07:00:39.185857+00:00,เสื้อโอเวอร์ไซส์,28.12,-0.613,-0.355,-0.536,DECLINE,simulate_fallback
2026-08-07T07:00:39.185857+00:00,กางเกงขายาวทรงสวย,26.19,-0.885,-1.26,-0.998,DECLINE,simulate_fallback
2026-08-07T09:51:54.185324+00:00,คอนซีลเลอร์,29.5,0.668,0.358,0.575,INTRO,simulate_fallback
2026-08-07T09:51:54.185324+00:00,ลิปเปลี่ยนสี,30.36,0.309,0.591,0.394,INTRO,simulate_fallback
2026-08-07T09:51:54.185324+00:00,ครีมกันแดดโกลว์,28.46,0.124,0.244,0.16,STABLE,simulate_fallback
2026-08-07T09:51:54.185324+00:00,เซรั่มหน้าใส,31.76,-0.058,0.092,-0.013,STABLE,simulate_fallback
2026-08-07T09:51:54.185324+00:00,น้ำหอมติดทน,27.96,-0.118,-0.545,-0.246,STABLE,simulate_fallback
2026-08-07T09:51:54.185324+00:00,ขนมเกาหลี,0.0,0.0,0.0,0.0,STABLE,live
2026-08-07T09:51:54.185324+00:00,กาแฟลดน้ำหนัก,0.0,0.0,0.0,0.0,STABLE,live
2026-08-07T09:51:54.185324+00:00,วิตามินผิว,0.0,0.556,-1.444,-0.044,INTRO,live
2026-08-07T09:51:54.185324+00:00,โพรไบโอติก,16.0,0.444,-2.0,-0.289,INTRO,live
2026-08-07T09:51:54.185324+00:00,คอลลาเจน,52.0,-1.556,1.444,-0.656,DECLINE,live
2026-08-07T09:51:54.185324+00:00,เครื่องฟอกอากาศ,29.0,3.333,3.111,3.267,INTRO,live
2026-08-07T09:51:54.185324+00:00,หม้อทอดไร้น้ำมัน,27.0,2.111,5.889,3.244,INTRO,live
2026-08-07T09:51:54.185324+00:00,ที่ดูดฝุ่นไร้สาย,0.0,0.0,0.0,0.0,STABLE,live
2026-08-07T09:51:54.185324+00:00,ไฟ LED ติดผนัง,0.0,0.0,0.0,0.0,STABLE,live
2026-08-07T09:51:54.185324+00:00,เครื่องชงกาแฟ,28.0,-3.333,1.111,-2.0,DECLINE,live
2026-08-07T09:51:54.185324+00:00,เสื้อโอเวอร์ไซส์,30.08,0.537,0.522,0.532,INTRO,simulate_fallback
2026-08-07T09:51:54.185324+00:00,เดรสออกงาน,28.73,0.067,0.062,0.066,STABLE,simulate_fallback
2026-08-07T09:51:54.185324+00:00,กระเป๋าสะพาย,29.26,0.04,-0.034,0.018,STABLE,simulate_fallback
2026-08-07T09:51:54.185324+00:00,รองเท้าผ้าใบ,28.57,-0.234,-0.533,-0.324,STABLE,simulate_fallback
2026-08-07T09:51:54.185324+00:00,กางเกงขายาวทรงสวย,31.89,-0.12,-0.828,-0.332,STABLE,simulate_fallback
2026-08-07T12:41:02.171840+00:00,คอนซีลเลอร์,0.0,5.778,0.0,4.044,INTRO,live
2026-08-07T12:41:02.171840+00:00,ลิปเปลี่ยนสี,0.0,0.0,0.0,0.0,STABLE,live
2026-08-07T12:41:02.171840+00:00,ครีมกันแดดโกลว์,0.0,0.0,0.0,0.0,STABLE,live
2026-08-07T12:41:02.171840+00:00,เซรั่มหน้าใส,0.0,0.0,0.0,0.0,STABLE,live
2026-08-07T12:41:02.171840+00:00,น้ำหอมติดทน,0.0,0.0,0.0,0.0,STABLE,live
2026-08-07T12:41:02.171840+00:00,วิตามินผิว,0.0,1.556,0.0,1.089,INTRO,live
2026-08-07T12:41:02.171840+00:00,คอลลาเจน,46.0,0.111,0.778,0.311,STABLE,live
2026-08-07T12:41:02.171840+00:00,ขนมเกาหลี,0.0,0.0,0.0,0.0,STABLE,live
2026-08-07T12:41:02.171840+00:00,กาแฟลดน้ำหนัก,0.0,0.0,0.0,0.0,STABLE,live
2026-08-07T12:41:02.171840+00:00,โพรไบโอติก,0.0,0.111,-1.444,-0.356,STABLE,live
2026-08-07T12:41:02.171840+00:00,หม้อทอดไร้น้ำมัน,39.0,3.111,-1.889,1.611,PEAK,live
2026-08-07T12:41:02.171840+00:00,ที่ดูดฝุ่นไร้สาย,0.0,0.0,0.0,0.0,STABLE,live
2026-08-07T12:41:02.171840+00:00,ไฟ LED ติดผนัง,0.0,0.0,0.0,0.0,STABLE,live
2026-08-07T12:41:02.171840+00:00,เครื่องชงกาแฟ,41.0,-2.222,0.0,-1.556,DECLINE,live
2026-08-07T12:41:02.171840+00:00,เครื่องฟอกอากาศ,54.0,-7.778,-3.778,-6.578,DECLINE,live
2026-08-07T12:41:02.171840+00:00,กระเป๋าสะพาย,72.0,1.0,4.667,2.1,GROWTH,live
2026-08-07T12:41:02.171840+00:00,เสื้อโอเวอร์ไซส์,0.0,0.0,0.0,0.0,STABLE,live
2026-08-07T12:41:02.171840+00:00,กางเกงขายาวทรงสวย,0.0,0.0,0.0,0.0,STABLE,live
2026-08-07T12:41:02.171840+00:00,เดรสออกงาน,0.0,0.0,0.0,0.0,STABLE,live
2026-08-07T12:41:02.171840+00:00,รองเท้าผ้าใบ,65.0,-0.444,-3.889,-1.478,DECLINE,live
2026-08-07T15:44:49.799030+00:00,ลิปเปลี่ยนสี,0.0,0.0,0.0,0.0,STABLE,live
2026-08-07T15:44:49.799030+00:00,ครีมกันแดดโกลว์,0.0,0.0,0.0,0.0,STABLE,live
2026-08-07T15:44:49.799030+00:00,เซรั่มหน้าใส,0.0,0.0,0.0,0.0,STABLE,live
2026-08-07T15:44:49.799030+00:00,น้ำหอมติดทน,0.0,0.0,0.0,0.0,STABLE,live
2026-08-07T15:44:49.799030+00:00,คอนซีลเลอร์,0.0,0.0,0.0,0.0,STABLE,live
2026-08-07T15:44:49.799030+00:00,กาแฟลดน้ำหนัก,30.41,0.585,0.063,0.429,INTRO,simulate_fallback
2026-08-07T15:44:49.799030+00:00,วิตามินผิว,29.08,0.386,-0.588,0.093,INTRO,simulate_fallback
2026-08-07T15:44:49.799030+00:00,คอลลาเจน,31.07,0.061,-0.024,0.036,STABLE,simulate_fallback
2026-08-07T15:44:49.799030+00:00,ขนมเกาหลี,27.73,-0.848,-0.114,-0.628,DECLINE,simulate_fallback
2026-08-07T15:44:49.799030+00:00,โพรไบโอติก,27.76,-0.782,-0.723,-0.764,DECLINE,simulate_fallback
2026-08-07T15:44:49.799030+00:00,ไฟ LED ติดผนัง,30.39,0.333,0.383,0.348,INTRO,simulate_fallback
2026-08-07T15:44:49.799030+00:00,เครื่องฟอกอากาศ,30.07,-0.12,0.287,0.002,STABLE,simulate_fallback
2026-08-07T15:44:49.799030+00:00,เครื่องชงกาแฟ,30.03,-0.008,-0.447,-0.14,STABLE,simulate_fallback
2026-08-07T15:44:49.799030+00:00,หม้อทอดไร้น้ำมัน,28.66,-0.498,0.043,-0.336,DECLINE,simulate_fallback
2026-08-07T15:44:49.799030+00:00,ที่ดูดฝุ่นไร้สาย,28.45,-0.708,-0.37,-0.606,DECLINE,simulate_fallback
2026-08-07T15:44:49.799030+00:00,กระเป๋าสะพาย,34.0,4.0,-2.556,2.033,INTRO,live
2026-08-07T15:44:49.799030+00:00,กางเกงขายาวทรงสวย,0.0,0.0,2.444,0.733,STABLE,live
2026-08-07T15:44:49.799030+00:00,เดรสออกงาน,0.0,0.0,0.0,0.0,STABLE,live
2026-08-07T15:44:49.799030+00:00,รองเท้าผ้าใบ,32.0,-1.111,0.889,-0.511,DECLINE,live
2026-08-07T15:44:49.799030+00:00,เสื้อโอเวอร์ไซส์,0.0,-3.111,-6.222,-4.044,DECLINE,live
2026-08-07T18:40:29.845323+00:00,ลิปเปลี่ยนสี,0.0,0.0,0.0,0.0,STABLE,live
2026-08-07T18:40:29.845323+00:00,ครีมกันแดดโกลว์,0.0,0.0,0.0,0.0,STABLE,live
2026-08-07T18:40:29.845323+00:00,เซรั่มหน้าใส,0.0,0.0,0.0,0.0,STABLE,live
2026-08-07T18:40:29.845323+00:00,น้ำหอมติดทน,0.0,0.0,0.0,0.0,STABLE,live
2026-08-07T18:40:29.845323+00:00,คอนซีลเลอร์,0.0,2.333,-14.889,-2.833,INTRO,live
2026-08-07T18:40:29.845323+00:00,วิตามินผิว,0.0,0.0,0.0,0.0,STABLE,live
2026-08-07T18:40:29.845323+00:00,ขนมเกาหลี,0.0,0.0,0.0,0.0,STABLE,live
2026-08-07T18:40:29.845323+00:00,กาแฟลดน้ำหนัก,0.0,0.0,0.0,0.0,STABLE,live
2026-08-07T18:40:29.845323+00:00,โพรไบโอติก,0.0,-3.667,-3.111,-3.5,DECLINE,live
2026-08-07T18:40:29.845323+00:00,คอลลาเจน,0.0,-7.333,-6.222,-7.0,DECLINE,live
2026-08-07T18:40:29.845323+00:00,เครื่องฟอกอากาศ,0.0,2.222,-0.889,1.289,INTRO,live
2026-08-07T18:40:29.845323+00:00,ที่ดูดฝุ่นไร้สาย,0.0,0.0,0.0,0.0,STABLE,live
2026-08-07T18:40:29.845323+00:00,ไฟ LED ติดผนัง,0.0,0.0,0.0,0.0,STABLE,live
2026-08-07T18:40:29.845323+00:00,หม้อทอดไร้น้ำมัน,0.0,-5.0,-0.889,-3.767,DECLINE,live
2026-08-07T18:40:29.845323+00:00,เครื่องชงกาแฟ,0.0,-4.111,-7.333,-5.078,DECLINE,live
2026-08-07T18:40:29.845323+00:00,กระเป๋าสะพาย,88.0,8.889,1.556,6.689,GROWTH,live
2026-08-07T18:40:29.845323+00:00,เสื้อโอเวอร์ไซส์,0.0,0.0,0.0,0.0,STABLE,live
2026-08-07T18:40:29.845323+00:00,กางเกงขายาวทรงสวย,0.0,0.0,0.0,0.0,STABLE,live
2026-08-07T18:40:29.845323+00:00,เดรสออกงาน,0.0,0.0,0.0,0.0,STABLE,live
2026-08-07T18:40:29.845323+00:00,รองเท้าผ้าใบ,0.0,-8.0,-8.0,-8.0,DECLINE,live
2026-08-07T21:29:41.447442+00:00,ลิปเปลี่ยนสี,0.0,0.0,0.0,0.0,STABLE,live
2026-08-07T21:29:41.447442+00:00,ครีมกันแดดโกลว์,0.0,0.0,0.0,0.0,STABLE,live
2026-08-07T21:29:41.447442+00:00,เซรั่มหน้าใส,0.0,0.0,0.0,0.0,STABLE,live
2026-08-07T21:29:41.447442+00:00,คอนซีลเลอร์,0.0,-4.444,3.556,-2.044,DECLINE,live
2026-08-07T21:29:41.447442+00:00,น้ำหอมติดทน,0.0,-6.0,0.0,-4.2,DECLINE,live
2026-08-07T21:29:41.447442+00:00,กาแฟลดน้ำหนัก,29.85,0.041,0.085,0.055,STABLE,simulate_fallback
2026-08-07T21:29:41.447442+00:00,คอลลาเจน,31.16,0.127,-0.205,0.027,STABLE,simulate_fallback
2026-08-07T21:29:41.447442+00:00,โพรไบโอติก,28.1,-0.088,-0.131,-0.101,STABLE,simulate_fallback
2026-08-07T21:29:41.447442+00:00,ขนมเกาหลี,29.59,-0.447,-0.072,-0.335,DECLINE,simulate_fallback
2026-08-07T21:29:41.447442+00:00,วิตามินผิว,29.57,-0.593,-0.037,-0.426,DECLINE,simulate_fallback
2026-08-07T21:29:41.447442+00:00,เครื่องชงกาแฟ,100.0,7.0,12.667,8.7,GROWTH,live
2026-08-07T21:29:41.447442+00:00,ที่ดูดฝุ่นไร้สาย,0.0,0.0,0.0,0.0,STABLE,live
2026-08-07T21:29:41.447442+00:00,หม้อทอดไร้น้ำมัน,0.0,0.0,0.0,0.0,STABLE,live
2026-08-07T21:29:41.447442+00:00,ไฟ LED ติดผนัง,0.0,0.0,0.0,0.0,STABLE,live
2026-08-07T21:29:41.447442+00:00,เครื่องฟอกอากาศ,0.0,-2.444,1.333,-1.311,DECLINE,live
2026-08-07T21:29:41.447442+00:00,เสื้อโอเวอร์ไซส์,0.0,0.0,0.0,0.0,STABLE,live
2026-08-07T21:29:41.447442+00:00,กางเกงขายาวทรงสวย,0.0,0.0,0.0,0.0,STABLE,live
2026-08-07T21:29:41.447442+00:00,เดรสออกงาน,0.0,0.0,0.0,0.0,STABLE,live
2026-08-07T21:29:41.447442+00:00,รองเท้าผ้าใบ,0.0,-4.778,6.778,-1.311,DECLINE,live
2026-08-07T21:29:41.447442+00:00,กระเป๋าสะพาย,0.0,-24.333,-6.556,-19.0,DECLINE,live
2026-08-08T00:55:51.229580+00:00,ลิปเปลี่ยนสี,0.0,0.0,0.0,0.0,STABLE,live
2026-08-08T00:55:51.229580+00:00,ครีมกันแดดโกลว์,0.0,0.0,0.0,0.0,STABLE,live
2026-08-08T00:55:51.229580+00:00,เซรั่มหน้าใส,0.0,0.0,0.0,0.0,STABLE,live
2026-08-08T00:55:51.229580+00:00,น้ำหอมติดทน,0.0,0.0,0.0,0.0,STABLE,live
2026-08-08T00:55:51.229580+00:00,คอนซีลเลอร์,0.0,0.0,0.0,0.0,STABLE,live
2026-08-08T00:55:51.229580+00:00,คอลลาเจน,84.0,18.0,9.333,15.4,GROWTH,live
2026-08-08T00:55:51.229580+00:00,โพรไบโอติก,48.0,9.778,5.333,8.444,GROWTH,live
2026-08-08T00:55:51.229580+00:00,วิตามินผิว,0.0,0.0,0.0,0.0,STABLE,live
2026-08-08T00:55:51.229580+00:00,ขนมเกาหลี,0.0,0.0,0.0,0.0,STABLE,live
2026-08-08T00:55:51.229580+00:00,กาแฟลดน้ำหนัก,0.0,0.0,0.0,0.0,STABLE,live
2026-08-08T00:55:51.229580+00:00,เครื่องชงกาแฟ,44.0,11.0,4.889,9.167,GROWTH,live
2026-08-08T00:55:51.229580+00:00,เครื่องฟอกอากาศ,58.0,6.444,6.444,6.444,GROWTH,live
2026-08-08T00:55:51.229580+00:00,หม้อทอดไร้น้ำมัน,0.0,0.0,6.222,1.867,STABLE,live
2026-08-08T00:55:51.229580+00:00,ที่ดูดฝุ่นไร้สาย,0.0,0.0,0.0,0.0,STABLE,live
2026-08-08T00:55:51.229580+00:00,ไฟ LED ติดผนัง,0.0,0.0,0.0,0.0,STABLE,live
2026-08-08T00:55:51.229580+00:00,กระเป๋าสะพาย,63.0,24.333,14.222,21.3,GROWTH,live
2026-08-08T00:55:51.229580+00:00,รองเท้าผ้าใบ,61.0,8.667,6.778,8.1,GROWTH,live
2026-08-08T00:55:51.229580+00:00,เสื้อโอเวอร์ไซส์,0.0,0.0,0.0,0.0,STABLE,live
2026-08-08T00:55:51.229580+00:00,กางเกงขายาวทรงสวย,0.0,0.0,0.0,0.0,STABLE,live
2026-08-08T00:55:51.229580+00:00,เดรสออกงาน,0.0,0.0,0.0,0.0,STABLE,live
2026-08-08T04:05:15.531899+00:00,ลิปเปลี่ยนสี,0.0,0.0,0.0,0.0,STABLE,live
2026-08-08T04:05:15.531899+00:00,ครีมกันแดดโกลว์,0.0,0.0,0.0,0.0,STABLE,live
2026-08-08T04:05:15.531899+00:00,เซรั่มหน้าใส,0.0,0.0,0.0,0.0,STABLE,live
2026-08-08T04:05:15.531899+00:00,น้ำหอมติดทน,0.0,0.0,0.0,0.0,STABLE,live
2026-08-08T04:05:15.531899+00:00,คอนซีลเลอร์,0.0,-9.667,0.0,-6.767,DECLINE,live
2026-08-08T04:05:15.531899+00:00,ขนมเกาหลี,0.0,0.0,0.0,0.0,STABLE,live
2026-08-08T04:05:15.531899+00:00,กาแฟลดน้ำหนัก,0.0,0.0,0.0,0.0,STABLE,live
2026-08-08T04:05:15.531899+00:00,วิตามินผิว,0.0,1.111,-4.889,-0.689,INTRO,live
2026-08-08T04:05:15.531899+00:00,โพรไบโอติก,0.0,-4.444,-4.889,-4.578,DECLINE,live
2026-08-08T04:05:15.531899+00:00,คอลลาเจน,0.0,-9.556,-9.333,-9.489,DECLINE,live
2026-08-08T04:05:15.531899+00:00,หม้อทอดไร้น้ำมัน,0.0,9.222,0.0,6.456,INTRO,live
2026-08-08T04:05:15.531899+00:00,ที่ดูดฝุ่นไร้สาย,0.0,0.0,0.0,0.0,STABLE,live
2026-08-08T04:05:15.531899+00:00,ไฟ LED ติดผนัง,0.0,0.0,0.0,0.0,STABLE,live
2026-08-08T04:05:15.531899+00:00,เครื่องฟอกอากาศ,0.0,-1.111,-10.0,-3.778,DECLINE,live
2026-08-08T04:05:15.531899+00:00,เครื่องชงกาแฟ,0.0,1.444,-18.889,-4.656,INTRO,live
2026-08-08T04:05:15.531899+00:00,เสื้อโอเวอร์ไซส์,0.0,0.0,0.0,0.0,STABLE,live
2026-08-08T04:05:15.531899+00:00,เดรสออกงาน,0.0,0.0,0.0,0.0,STABLE,live
2026-08-08T04:05:15.531899+00:00,กระเป๋าสะพาย,0.0,-4.778,-3.222,-4.311,DECLINE,live
2026-08-08T04:05:15.531899+00:00,กางเกงขายาวทรงสวย,0.0,-3.333,-6.667,-4.333,DECLINE,live
2026-08-08T04:05:15.531899+00:00,รองเท้าผ้าใบ,0.0,-1.667,-15.778,-5.9,DECLINE,live
2026-08-08T06:35:12.499192+00:00,คอนซีลเลอร์,0.0,0.0,8.333,2.5,STABLE,live
2026-08-08T06:35:12.499192+00:00,ลิปเปลี่ยนสี,0.0,0.0,0.0,0.0,STABLE,live
2026-08-08T06:35:12.499192+00:00,เซรั่มหน้าใส,0.0,0.0,0.0,0.0,STABLE,live
2026-08-08T06:35:12.499192+00:00,น้ำหอมติดทน,0.0,0.0,0.0,0.0,STABLE,live
2026-08-08T06:35:12.499192+00:00,ครีมกันแดดโกลว์,0.0,-4.667,-9.333,-6.067,DECLINE,live
2026-08-08T06:35:12.499192+00:00,โพรไบโอติก,0.0,3.0,0.0,2.1,INTRO,live
2026-08-08T06:35:12.499192+00:00,ขนมเกาหลี,0.0,0.0,0.0,0.0,STABLE,live
2026-08-08T06:35:12.499192+00:00,กาแฟลดน้ำหนัก,0.0,0.0,0.0,0.0,STABLE,live
2026-08-08T06:35:12.499192+00:00,คอลลาเจน,68.0,-0.111,-0.444,-0.211,STABLE,live
2026-08-08T06:35:12.499192+00:00,วิตามินผิว,23.0,-1.333,-1.0,-1.233,DECLINE,live
2026-08-08T06:35:12.499192+00:00,หม้อทอดไร้น้ำมัน,30.65,0.603,0.594,0.6,INTRO,simulate_fallback
2026-08-08T06:35:12.499192+00:00,เครื่องชงกาแฟ,29.5,0.341,0.169,0.289,INTRO,simulate_fallback
2026-08-08T06:35:12.499192+00:00,ที่ดูดฝุ่นไร้สาย,31.94,-0.005,0.345,0.1,STABLE,simulate_fallback
2026-08-08T06:35:12.499192+00:00,เครื่องฟอกอากาศ,29.33,-0.393,0.497,-0.126,DECLINE,simulate_fallback
2026-08-08T06:35:12.499192+00:00,ไฟ LED ติดผนัง,25.98,-0.318,-0.681,-0.427,DECLINE,simulate_fallback
2026-08-08T06:35:12.499192+00:00,เสื้อโอเวอร์ไซส์,0.0,0.0,0.0,0.0,STABLE,live
2026-08-08T06:35:12.499192+00:00,กางเกงขายาวทรงสวย,0.0,0.0,0.0,0.0,STABLE,live
2026-08-08T06:35:12.499192+00:00,เดรสออกงาน,0.0,0.0,0.0,0.0,STABLE,live
2026-08-08T06:35:12.499192+00:00,กระเป๋าสะพาย,34.0,-0.667,-5.889,-2.233,DECLINE,live
2026-08-08T06:35:12.499192+00:00,รองเท้าผ้าใบ,70.0,-5.444,-1.778,-4.344,DECLINE,live
2026-08-08T09:28:35.433724+00:00,ครีมกันแดดโกลว์,31.86,-0.065,0.582,0.129,STABLE,simulate_fallback
2026-08-08T09:28:35.433724+00:00,เซรั่มหน้าใส,29.98,0.051,0.195,0.094,STABLE,simulate_fallback
2026-08-08T09:28:35.433724+00:00,ลิปเปลี่ยนสี,30.1,0.278,-0.349,0.09,STABLE,simulate_fallback
2026-08-08T09:28:35.433724+00:00,น้ำหอมติดทน,28.78,0.188,-0.301,0.041,STABLE,simulate_fallback
2026-08-08T09:28:35.433724+00:00,คอนซีลเลอร์,26.3,-0.642,-0.308,-0.542,DECLINE,simulate_fallback
2026-08-08T09:28:35.433724+00:00,วิตามินผิว,30.87,0.421,0.304,0.386,INTRO,simulate_fallback
2026-08-08T09:28:35.433724+00:00,กาแฟลดน้ำหนัก,31.19,0.311,0.188,0.274,INTRO,simulate_fallback
2026-08-08T09:28:35.433724+00:00,ขนมเกาหลี,32.21,0.134,0.268,0.175,STABLE,simulate_fallback
2026-08-08T09:28:35.433724+00:00,โพรไบโอติก,30.11,-0.483,-0.082,-0.363,DECLINE,simulate_fallback
2026-08-08T09:28:35.433724+00:00,คอลลาเจน,27.1,-0.529,-0.313,-0.464,DECLINE,simulate_fallback
2026-08-08T09:28:35.433724+00:00,เครื่องฟอกอากาศ,31.59,0.399,0.565,0.449,INTRO,simulate_fallback
2026-08-08T09:28:35.433724+00:00,เครื่องชงกาแฟ,33.48,0.235,0.388,0.281,STABLE,simulate_fallback
2026-08-08T09:28:35.433724+00:00,ที่ดูดฝุ่นไร้สาย,30.54,-0.123,0.085,-0.061,STABLE,simulate_fallback
2026-08-08T09:28:35.433724+00:00,หม้อทอดไร้น้ำมัน,28.26,-0.134,-0.378,-0.207,STABLE,simulate_fallback
2026-08-08T09:28:35.433724+00:00,ไฟ LED ติดผนัง,28.75,-0.569,-0.437,-0.529,DECLINE,simulate_fallback
2026-08-08T09:28:35.433724+00:00,กระเป๋าสะพาย,32.01,0.746,0.945,0.806,INTRO,simulate_fallback
2026-08-08T09:28:35.433724+00:00,กางเกงขายาวทรงสวย,30.33,0.988,-0.226,0.624,INTRO,simulate_fallback
2026-08-08T09:28:35.433724+00:00,รองเท้าผ้าใบ,31.05,0.65,0.111,0.488,INTRO,simulate_fallback
2026-08-08T09:28:35.433724+00:00,เดรสออกงาน,29.98,0.118,0.025,0.09,STABLE,simulate_fallback
2026-08-08T09:28:35.433724+00:00,เสื้อโอเวอร์ไซส์,29.24,-0.53,-0.054,-0.387,DECLINE,simulate_fallback
2026-08-08T12:27:41.026445+00:00,ลิปเปลี่ยนสี,0.0,0.0,0.0,0.0,STABLE,live
2026-08-08T12:27:41.026445+00:00,ครีมกันแดดโกลว์,0.0,0.0,0.0,0.0,STABLE,live
2026-08-08T12:27:41.026445+00:00,น้ำหอมติดทน,0.0,0.0,0.0,0.0,STABLE,live
2026-08-08T12:27:41.026445+00:00,เซรั่มหน้าใส,0.0,-5.889,0.0,-4.122,DECLINE,live
2026-08-08T12:27:41.026445+00:00,คอนซีลเลอร์,0.0,-4.444,-3.778,-4.244,DECLINE,live
2026-08-08T12:27:41.026445+00:00,โพรไบโอติก,31.0,3.889,1.778,3.256,INTRO,live
2026-08-08T12:27:41.026445+00:00,ขนมเกาหลี,0.0,0.0,0.0,0.0,STABLE,live
2026-08-08T12:27:41.026445+00:00,กาแฟลดน้ำหนัก,0.0,0.0,0.0,0.0,STABLE,live
2026-08-08T12:27:41.026445+00:00,คอลลาเจน,37.0,-1.667,-3.333,-2.167,DECLINE,live
2026-08-08T12:27:41.026445+00:00,วิตามินผิว,0.0,-4.0,-1.111,-3.133,DECLINE,live
2026-08-08T12:27:41.026445+00:00,หม้อทอดไร้น้ำมัน,57.0,6.778,0.778,4.978,GROWTH,live
2026-08-08T12:27:41.026445+00:00,เครื่องฟอกอากาศ,47.0,1.0,2.889,1.567,GROWTH,live
2026-08-08T12:27:41.026445+00:00,ที่ดูดฝุ่นไร้สาย,0.0,0.0,0.0,0.0,STABLE,live
2026-08-08T12:27:41.026445+00:00,ไฟ LED ติดผนัง,0.0,0.0,0.0,0.0,STABLE,live
2026-08-08T12:27:41.026445+00:00,เครื่องชงกาแฟ,0.0,-10.556,-4.222,-8.656,DECLINE,live
2026-08-08T12:27:41.026445+00:00,รองเท้าผ้าใบ,88.0,3.333,3.444,3.367,GROWTH,live
2026-08-08T12:27:41.026445+00:00,เสื้อโอเวอร์ไซส์,0.0,2.111,0.0,1.478,INTRO,live
2026-08-08T12:27:41.026445+00:00,กางเกงขายาวทรงสวย,0.0,0.0,0.0,0.0,STABLE,live
2026-08-08T12:27:41.026445+00:00,เดรสออกงาน,0.0,0.0,0.0,0.0,STABLE,live
2026-08-08T12:27:41.026445+00:00,กระเป๋าสะพาย,51.0,-5.111,-5.444,-5.211,DECLINE,live
2026-08-08T15:20:27.310766+00:00,ลิปเปลี่ยนสี,31.87,0.203,0.382,0.257,STABLE,simulate_fallback
2026-08-08T15:20:27.310766+00:00,เซรั่มหน้าใส,29.39,0.247,0.08,0.197,STABLE,simulate_fallback
2026-08-08T15:20:27.310766+00:00,คอนซีลเลอร์,31.83,0.2,-0.233,0.07,STABLE,simulate_fallback
2026-08-08T15:20:27.310766+00:00,ครีมกันแดดโกลว์,26.11,-0.064,-0.151,-0.09,STABLE,simulate_fallback
2026-08-08T15:20:27.310766+00:00,น้ำหอมติดทน,31.52,-0.171,-0.183,-0.175,STABLE,simulate_fallback
2026-08-08T15:20:27.310766+00:00,ขนมเกาหลี,33.01,0.772,0.283,0.626,INTRO,simulate_fallback
2026-08-08T15:20:27.310766+00:00,กาแฟลดน้ำหนัก,30.58,0.274,-0.173,0.14,STABLE,simulate_fallback
2026-08-08T15:20:27.310766+00:00,วิตามินผิว,30.03,-0.599,0.52,-0.264,DECLINE,simulate_fallback
2026-08-08T15:20:27.310766+00:00,โพรไบโอติก,29.12,-0.291,-0.266,-0.283,STABLE,simulate_fallback
2026-08-08T15:20:27.310766+00:00,คอลลาเจน,26.53,-0.583,-0.153,-0.454,DECLINE,simulate_fallback
2026-08-08T15:20:27.310766+00:00,เครื่องชงกาแฟ,31.17,0.598,-0.5,0.269,INTRO,simulate_fallback
2026-08-08T15:20:27.310766+00:00,ที่ดูดฝุ่นไร้สาย,29.67,0.217,0.064,0.171,STABLE,simulate_fallback
2026-08-08T15:20:27.310766+00:00,เครื่องฟอกอากาศ,29.75,0.161,-0.224,0.045,STABLE,simulate_fallback
2026-08-08T15:20:27.310766+00:00,ไฟ LED ติดผนัง,29.85,-0.169,-0.198,-0.178,STABLE,simulate_fallback
2026-08-08T15:20:27.310766+00:00,หม้อทอดไร้น้ำมัน,28.55,-0.547,-0.236,-0.453,DECLINE,simulate_fallback
2026-08-08T15:20:27.310766+00:00,กระเป๋าสะพาย,43.0,2.444,-2.444,0.978,PEAK,live
2026-08-08T15:20:27.310766+00:00,เสื้อโอเวอร์ไซส์,0.0,0.0,0.0,0.0,STABLE,live
2026-08-08T15:20:27.310766+00:00,กางเกงขายาวทรงสวย,0.0,0.0,0.0,0.0,STABLE,live
2026-08-08T15:20:27.310766+00:00,เดรสออกงาน,0.0,0.0,0.0,0.0,STABLE,live
2026-08-08T15:20:27.310766+00:00,รองเท้าผ้าใบ,55.0,-5.889,-3.556,-5.189,DECLINE,live
2026-08-08T18:23:18.503386+00:00,ลิปเปลี่ยนสี,0.0,0.0,0.0,0.0,STABLE,live
2026-08-08T18:23:18.503386+00:00,ครีมกันแดดโกลว์,0.0,0.0,0.0,0.0,STABLE,live
2026-08-08T18:23:18.503386+00:00,เซรั่มหน้าใส,0.0,0.0,0.0,0.0,STABLE,live
2026-08-08T18:23:18.503386+00:00,น้ำหอมติดทน,0.0,-2.889,-5.778,-3.756,DECLINE,live
2026-08-08T18:23:18.503386+00:00,คอนซีลเลอร์,0.0,-5.778,-4.444,-5.378,DECLINE,live
2026-08-08T18:23:18.503386+00:00,ขนมเกาหลี,0.0,0.0,0.0,0.0,STABLE,live
2026-08-08T18:23:18.503386+00:00,กาแฟลดน้ำหนัก,0.0,0.0,0.0,0.0,STABLE,live
2026-08-08T18:23:18.503386+00:00,วิตามินผิว,0.0,0.444,-1.222,-0.056,INTRO,live
2026-08-08T18:23:18.503386+00:00,โพรไบโอติก,0.0,-5.556,-1.222,-4.256,DECLINE,live
2026-08-08T18:23:18.503386+00:00,คอลลาเจน,0.0,-7.111,-3.556,-6.044,DECLINE,live
2026-08-08T18:23:18.503386+00:00,ที่ดูดฝุ่นไร้สาย,0.0,0.0,0.0,0.0,STABLE,live
2026-08-08T18:23:18.503386+00:00,ไฟ LED ติดผนัง,0.0,0.0,0.0,0.0,STABLE,live
2026-08-08T18:23:18.503386+00:00,เครื่องฟอกอากาศ,0.0,-2.222,-2.667,-2.356,DECLINE,live
2026-08-08T18:23:18.503386+00:00,หม้อทอดไร้น้ำมัน,0.0,-2.333,-3.0,-2.533,DECLINE,live
2026-08-08T18:23:18.503386+00:00,เครื่องชงกาแฟ,0.0,-13.222,-4.0,-10.456,DECLINE,live
2026-08-08T18:23:18.503386+00:00,กระเป๋าสะพาย,90.0,3.556,6.444,4.422,GROWTH,live
2026-08-08T18:23:18.503386+00:00,เสื้อโอเวอร์ไซส์,0.0,0.0,0.0,0.0,STABLE,live
2026-08-08T18:23:18.503386+00:00,กางเกงขายาวทรงสวย,0.0,0.0,0.0,0.0,STABLE,live
2026-08-08T18:23:18.503386+00:00,เดรสออกงาน,0.0,0.0,0.0,0.0,STABLE,live
2026-08-08T18:23:18.503386+00:00,รองเท้าผ้าใบ,0.0,-5.333,-5.222,-5.3,DECLINE,live
2026-08-08T21:21:04.139854+00:00,ลิปเปลี่ยนสี,0.0,0.0,0.0,0.0,STABLE,live
2026-08-08T21:21:04.139854+00:00,ครีมกันแดดโกลว์,0.0,0.0,0.0,0.0,STABLE,live
2026-08-08T21:21:04.139854+00:00,เซรั่มหน้าใส,0.0,0.0,0.0,0.0,STABLE,live
2026-08-08T21:21:04.139854+00:00,น้ำหอมติดทน,0.0,0.0,0.0,0.0,STABLE,live
2026-08-08T21:21:04.139854+00:00,คอนซีลเลอร์,0.0,0.0,0.0,0.0,STABLE,live
2026-08-08T21:21:04.139854+00:00,วิตามินผิว,0.0,0.0,0.0,0.0,STABLE,live
2026-08-08T21:21:04.139854+00:00,ขนมเกาหลี,0.0,0.0,0.0,0.0,STABLE,live
2026-08-08T21:21:04.139854+00:00,กาแฟลดน้ำหนัก,0.0,0.0,0.0,0.0,STABLE,live
2026-08-08T21:21:04.139854+00:00,โพรไบโอติก,0.0,-1.889,1.222,-0.956,DECLINE,live
2026-08-08T21:21:04.139854+00:00,คอลลาเจน,0.0,-8.889,-1.0,-6.522,DECLINE,live
2026-08-08T21:21:04.139854+00:00,ที่ดูดฝุ่นไร้สาย,0.0,0.0,0.0,0.0,STABLE,live
2026-08-08T21:21:04.139854+00:00,ไฟ LED ติดผนัง,0.0,0.0,0.0,0.0,STABLE,live
2026-08-08T21:21:04.139854+00:00,เครื่องชงกาแฟ,0.0,-4.444,6.556,-1.144,DECLINE,live
2026-08-08T21:21:04.139854+00:00,เครื่องฟอกอากาศ,0.0,-8.778,6.0,-4.344,DECLINE,live
2026-08-08T21:21:04.139854+00:00,หม้อทอดไร้น้ำมัน,0.0,-9.333,4.333,-5.233,DECLINE,live
2026-08-08T21:21:04.139854+00:00,กางเกงขายาวทรงสวย,100.0,11.111,11.111,11.111,GROWTH,live
2026-08-08T21:21:04.139854+00:00,เสื้อโอเวอร์ไซส์,0.0,0.0,0.0,0.0,STABLE,live
2026-08-08T21:21:04.139854+00:00,เดรสออกงาน,0.0,-1.778,0.0,-1.244,DECLINE,live
2026-08-08T21:21:04.139854+00:00,รองเท้าผ้าใบ,0.0,-6.444,3.111,-3.578,DECLINE,live
2026-08-08T21:21:04.139854+00:00,กระเป๋าสะพาย,0.0,-5.778,-2.778,-4.878,DECLINE,live
2026-08-09T00:59:13.826023+00:00,ลิปเปลี่ยนสี,0.0,0.0,0.0,0.0,STABLE,live
2026-08-09T00:59:13.826023+00:00,ครีมกันแดดโกลว์,0.0,0.0,0.0,0.0,STABLE,live
2026-08-09T00:59:13.826023+00:00,เซรั่มหน้าใส,0.0,0.0,0.0,0.0,STABLE,live
2026-08-09T00:59:13.826023+00:00,น้ำหอมติดทน,0.0,0.0,0.0,0.0,STABLE,live
2026-08-09T00:59:13.826023+00:00,คอนซีลเลอร์,0.0,0.0,0.0,0.0,STABLE,live
2026-08-09T00:59:13.826023+00:00,คอลลาเจน,64.0,12.778,11.222,12.311,GROWTH,live
2026-08-09T00:59:13.826023+00:00,โพรไบโอติก,31.0,3.444,3.444,3.444,INTRO,live
2026-08-09T00:59:13.826023+00:00,วิตามินผิว,0.0,0.0,0.0,0.0,STABLE,live
2026-08-09T00:59:13.826023+00:00,ขนมเกาหลี,0.0,0.0,0.0,0.0,STABLE,live
2026-08-09T00:59:13.826023+00:00,กาแฟลดน้ำหนัก,0.0,0.0,0.0,0.0,STABLE,live
2026-08-09T00:59:13.826023+00:00,เครื่องชงกาแฟ,50.0,12.444,5.556,10.378,GROWTH,live
2026-08-09T00:59:13.826023+00:00,หม้อทอดไร้น้ำมัน,59.0,6.556,6.556,6.556,GROWTH,live
2026-08-09T00:59:13.826023+00:00,เครื่องฟอกอากาศ,47.0,-2.778,12.0,1.656,DECLINE,live
2026-08-09T00:59:13.826023+00:00,ที่ดูดฝุ่นไร้สาย,0.0,0.0,0.0,0.0,STABLE,live
2026-08-09T00:59:13.826023+00:00,ไฟ LED ติดผนัง,0.0,0.0,0.0,0.0,STABLE,live
2026-08-09T00:59:13.826023+00:00,รองเท้าผ้าใบ,49.0,12.222,5.444,10.189,GROWTH,live
2026-08-09T00:59:13.826023+00:00,เสื้อโอเวอร์ไซส์,0.0,0.0,0.0,0.0,STABLE,live
2026-08-09T00:59:13.826023+00:00,กางเกงขายาวทรงสวย,0.0,0.0,0.0,0.0,STABLE,live
2026-08-09T00:59:13.826023+00:00,เดรสออกงาน,0.0,0.0,0.0,0.0,STABLE,live
2026-08-09T00:59:13.826023+00:00,กระเป๋าสะพาย,29.0,-4.778,7.222,-1.178,DECLINE,live
2026-08-09T04:10:53.962780+00:00,น้ำหอมติดทน,100.0,11.111,11.111,11.111,GROWTH,live
2026-08-09T04:10:53.962780+00:00,ลิปเปลี่ยนสี,0.0,0.0,0.0,0.0,STABLE,live
2026-08-09T04:10:53.962780+00:00,ครีมกันแดดโกลว์,0.0,0.0,0.0,0.0,STABLE,live
2026-08-09T04:10:53.962780+00:00,เซรั่มหน้าใส,0.0,0.0,0.0,0.0,STABLE,live
2026-08-09T04:10:53.962780+00:00,คอนซีลเลอร์,0.0,0.0,0.0,0.0,STABLE,live
2026-08-09T04:10:53.962780+00:00,คอลลาเจน,31.93,0.236,0.47,0.306,STABLE,simulate_fallback
2026-08-09T04:10:53.962780+00:00,กาแฟลดน้ำหนัก,28.71,0.247,0.265,0.253,STABLE,simulate_fallback
2026-08-09T04:10:53.962780+00:00,วิตามินผิว,29.95,-0.227,-0.126,-0.196,STABLE,simulate_fallback
2026-08-09T04:10:53.962780+00:00,โพรไบโอติก,29.95,-0.325,-0.104,-0.259,DECLINE,simulate_fallback
2026-08-09T04:10:53.962780+00:00,ขนมเกาหลี,26.06,-1.011,-0.92,-0.984,DECLINE,simulate_fallback
2026-08-09T04:10:53.962780+00:00,เครื่องฟอกอากาศ,30.15,0.793,0.101,0.586,INTRO,simulate_fallback
2026-08-09T04:10:53.962780+00:00,เครื่องชงกาแฟ,32.15,-0.012,0.169,0.042,STABLE,simulate_fallback
2026-08-09T04:10:53.962780+00:00,ที่ดูดฝุ่นไร้สาย,30.49,-0.347,0.942,0.04,DECLINE,simulate_fallback
2026-08-09T04:10:53.962780+00:00,หม้อทอดไร้น้ำมัน,28.41,-0.379,-0.148,-0.31,DECLINE,simulate_fallback
2026-08-09T04:10:53.962780+00:00,ไฟ LED ติดผนัง,27.11,-0.749,-0.424,-0.651,DECLINE,simulate_fallback
2026-08-09T04:10:53.962780+00:00,รองเท้าผ้าใบ,83.0,6.889,-3.889,3.656,PEAK,live
2026-08-09T04:10:53.962780+00:00,เสื้อโอเวอร์ไซส์,0.0,0.0,0.0,0.0,STABLE,live
2026-08-09T04:10:53.962780+00:00,กางเกงขายาวทรงสวย,0.0,0.0,0.0,0.0,STABLE,live
2026-08-09T04:10:53.962780+00:00,เดรสออกงาน,0.0,0.0,0.0,0.0,STABLE,live
2026-08-09T04:10:53.962780+00:00,กระเป๋าสะพาย,0.0,1.667,-11.778,-2.367,INTRO,live
2026-08-09T06:38:57.402024+00:00,คอนซีลเลอร์,74.0,3.333,-1.556,1.867,PEAK,live
2026-08-09T06:38:57.402024+00:00,ลิปเปลี่ยนสี,0.0,0.0,0.0,0.0,STABLE,live
2026-08-09T06:38:57.402024+00:00,ครีมกันแดดโกลว์,0.0,0.0,0.0,0.0,STABLE,live
2026-08-09T06:38:57.402024+00:00,เซรั่มหน้าใส,0.0,0.0,0.0,0.0,STABLE,live
2026-08-09T06:38:57.402024+00:00,น้ำหอมติดทน,0.0,-3.778,0.0,-2.644,DECLINE,live
2026-08-09T06:38:57.402024+00:00,กาแฟลดน้ำหนัก,0.0,1.444,0.0,1.011,INTRO,live
2026-08-09T06:38:57.402024+00:00,วิตามินผิว,0.0,1.333,0.0,0.933,INTRO,live
2026-08-09T06:38:57.402024+00:00,ขนมเกาหลี,0.0,0.0,0.0,0.0,STABLE,live
2026-08-09T06:38:57.402024+00:00,โพรไบโอติก,0.0,-2.556,-4.444,-3.122,DECLINE,live
2026-08-09T06:38:57.402024+00:00,คอลลาเจน,42.0,-4.444,-0.667,-3.311,DECLINE,live
2026-08-09T06:38:57.402024+00:00,เครื่องฟอกอากาศ,63.0,3.222,0.889,2.522,GROWTH,live
2026-08-09T06:38:57.402024+00:00,ที่ดูดฝุ่นไร้สาย,0.0,0.0,0.0,0.0,STABLE,live
2026-08-09T06:38:57.402024+00:00,ไฟ LED ติดผนัง,0.0,0.0,0.0,0.0,STABLE,live
2026-08-09T06:38:57.402024+00:00,หม้อทอดไร้น้ำมัน,52.0,-3.0,1.0,-1.8,DECLINE,live
2026-08-09T06:38:57.402024+00:00,เครื่องชงกาแฟ,69.0,-4.889,-11.667,-6.922,DECLINE,live
2026-08-09T06:38:57.402024+00:00,รองเท้าผ้าใบ,68.0,3.333,0.667,2.533,GROWTH,live
2026-08-09T06:38:57.402024+00:00,เสื้อโอเวอร์ไซส์,0.0,0.0,0.0,0.0,STABLE,live
2026-08-09T06:38:57.402024+00:00,กางเกงขายาวทรงสวย,0.0,0.0,0.0,0.0,STABLE,live
2026-08-09T06:38:57.402024+00:00,เดรสออกงาน,0.0,0.0,0.0,0.0,STABLE,live
2026-08-09T06:38:57.402024+00:00,กระเป๋าสะพาย,56.0,-0.556,-3.556,-1.456,DECLINE,live
2026-08-09T09:29:27.959056+00:00,ลิปเปลี่ยนสี,0.0,0.0,0.0,0.0,STABLE,live
2026-08-09T09:29:27.959056+00:00,ครีมกันแดดโกลว์,0.0,0.0,0.0,0.0,STABLE,live
2026-08-09T09:29:27.959056+00:00,เซรั่มหน้าใส,0.0,0.0,0.0,0.0,STABLE,live
2026-08-09T09:29:27.959056+00:00,น้ำหอมติดทน,0.0,0.0,0.0,0.0,STABLE,live
2026-08-09T09:29:27.959056+00:00,คอนซีลเลอร์,0.0,-1.444,-8.111,-3.444,DECLINE,live
2026-08-09T09:29:27.959056+00:00,วิตามินผิว,20.0,4.0,2.222,3.467,INTRO,live
2026-08-09T09:29:27.959056+00:00,ขนมเกาหลี,0.0,0.0,0.0,0.0,STABLE,live
2026-08-09T09:29:27.959056+00:00,กาแฟลดน้ำหนัก,0.0,0.0,0.0,0.0,STABLE,live
2026-08-09T09:29:27.959056+00:00,โพรไบโอติก,0.0,-1.667,2.556,-0.4,DECLINE,live
2026-08-09T09:29:27.959056+00:00,คอลลาเจน,36.0,-0.889,-0.0,-0.622,DECLINE,live
2026-08-09T09:29:27.959056+00:00,หม้อทอดไร้น้ำมัน,58.0,3.889,1.333,3.122,GROWTH,live
2026-08-09T09:29:27.959056+00:00,ที่ดูดฝุ่นไร้สาย,0.0,0.0,0.0,0.0,STABLE,live
2026-08-09T09:29:27.959056+00:00,ไฟ LED ติดผนัง,0.0,0.0,0.0,0.0,STABLE,live
2026-08-09T09:29:27.959056+00:00,เครื่องฟอกอากาศ,0.0,-4.333,-6.889,-5.1,DECLINE,live
2026-08-09T09:29:27.959056+00:00,เครื่องชงกาแฟ,0.0,-9.111,-6.333,-8.278,DECLINE,live
2026-08-09T09:29:27.959056+00:00,กระเป๋าสะพาย,63.0,2.111,4.444,2.811,GROWTH,live
2026-08-09T09:29:27.959056+00:00,เสื้อโอเวอร์ไซส์,0.0,0.0,0.0,0.0,STABLE,live
2026-08-09T09:29:27.959056+00:00,กางเกงขายาวทรงสวย,0.0,0.0,0.0,0.0,STABLE,live
2026-08-09T09:29:27.959056+00:00,เดรสออกงาน,0.0,0.0,0.0,0.0,STABLE,live
2026-08-09T09:29:27.959056+00:00,รองเท้าผ้าใบ,49.0,-4.889,-4.444,-4.756,DECLINE,live
2026-08-09T12:30:22.865906+00:00,ลิปเปลี่ยนสี,0.0,0.0,0.0,0.0,STABLE,live
2026-08-09T12:30:22.865906+00:00,ครีมกันแดดโกลว์,0.0,0.0,0.0,0.0,STABLE,live
2026-08-09T12:30:22.865906+00:00,เซรั่มหน้าใส,0.0,0.0,0.0,0.0,STABLE,live
2026-08-09T12:30:22.865906+00:00,น้ำหอมติดทน,0.0,0.0,0.0,0.0,STABLE,live
2026-08-09T12:30:22.865906+00:00,คอนซีลเลอร์,0.0,-1.667,-2.222,-1.833,DECLINE,live
2026-08-09T12:30:22.865906+00:00,คอลลาเจน,72.0,-0.111,4.111,1.156,STABLE,live
2026-08-09T12:30:22.865906+00:00,กาแฟลดน้ำหนัก,0.0,0.0,0.0,0.0,STABLE,live
2026-08-09T12:30:22.865906+00:00,ขนมเกาหลี,0.0,-1.444,-2.889,-1.878,DECLINE,live
2026-08-09T12:30:22.865906+00:00,โพรไบโอติก,0.0,-2.0,-1.778,-1.933,DECLINE,live
2026-08-09T12:30:22.865906+00:00,วิตามินผิว,0.0,-1.889,-3.111,-2.256,DECLINE,live
2026-08-09T12:30:22.865906+00:00,ที่ดูดฝุ่นไร้สาย,40.0,4.444,4.444,4.444,GROWTH,live
2026-08-09T12:30:22.865906+00:00,เครื่องชงกาแฟ,57.0,-1.0,4.556,0.667,DECLINE,live
2026-08-09T12:30:22.865906+00:00,ไฟ LED ติดผนัง,0.0,0.0,0.0,0.0,STABLE,live
2026-08-09T12:30:22.865906+00:00,หม้อทอดไร้น้ำมัน,0.0,-2.556,-5.444,-3.422,DECLINE,live
2026-08-09T12:30:22.865906+00:00,เครื่องฟอกอากาศ,0.0,-6.333,-3.0,-5.333,DECLINE,live
2026-08-09T12:30:22.865906+00:00,รองเท้าผ้าใบ,44.0,3.0,0.778,2.333,GROWTH,live
2026-08-09T12:30:22.865906+00:00,เสื้อโอเวอร์ไซส์,0.0,0.0,0.0,0.0,STABLE,live
2026-08-09T12:30:22.865906+00:00,กางเกงขายาวทรงสวย,0.0,0.0,0.0,0.0,STABLE,live
2026-08-09T12:30:22.865906+00:00,เดรสออกงาน,0.0,0.0,0.0,0.0,STABLE,live
2026-08-09T12:30:22.865906+00:00,กระเป๋าสะพาย,45.0,-0.556,-0.778,-0.622,DECLINE,live
2026-08-09T15:21:56.760306+00:00,ลิปเปลี่ยนสี,0.0,0.0,0.0,0.0,STABLE,live
2026-08-09T15:21:56.760306+00:00,ครีมกันแดดโกลว์,0.0,0.0,0.0,0.0,STABLE,live
2026-08-09T15:21:56.760306+00:00,เซรั่มหน้าใส,0.0,0.0,0.0,0.0,STABLE,live
2026-08-09T15:21:56.760306+00:00,น้ำหอมติดทน,0.0,0.0,0.0,0.0,STABLE,live
2026-08-09T15:21:56.760306+00:00,คอนซีลเลอร์,0.0,-11.889,-10.889,-11.589,DECLINE,live
2026-08-09T15:21:56.760306+00:00,ขนมเกาหลี,0.0,0.0,0.0,0.0,STABLE,live
2026-08-09T15:21:56.760306+00:00,กาแฟลดน้ำหนัก,0.0,0.0,0.0,0.0,STABLE,live
2026-08-09T15:21:56.760306+00:00,วิตามินผิว,0.0,-1.889,1.556,-0.856,DECLINE,live
2026-08-09T15:21:56.760306+00:00,โพรไบโอติก,0.0,-0.889,-2.111,-1.256,DECLINE,live
2026-08-09T15:21:56.760306+00:00,คอลลาเจน,41.0,-0.333,-3.889,-1.4,DECLINE,live
2026-08-09T15:21:56.760306+00:00,เครื่องชงกาแฟ,82.0,3.889,0.556,2.889,GROWTH,live
2026-08-09T15:21:56.760306+00:00,ที่ดูดฝุ่นไร้สาย,0.0,0.0,0.0,0.0,STABLE,live
2026-08-09T15:21:56.760306+00:00,ไฟ LED ติดผนัง,0.0,0.0,0.0,0.0,STABLE,live
2026-08-09T15:21:56.760306+00:00,เครื่องฟอกอากาศ,0.0,-3.556,-3.0,-3.389,DECLINE,live
2026-08-09T15:21:56.760306+00:00,หม้อทอดไร้น้ำมัน,0.0,-13.556,-2.222,-10.156,DECLINE,live
2026-08-09T15:21:56.760306+00:00,เสื้อโอเวอร์ไซส์,0.0,0.0,0.0,0.0,STABLE,live
2026-08-09T15:21:56.760306+00:00,กางเกงขายาวทรงสวย,0.0,0.0,0.0,0.0,STABLE,live
2026-08-09T15:21:56.760306+00:00,เดรสออกงาน,0.0,0.0,0.0,0.0,STABLE,live
2026-08-09T15:21:56.760306+00:00,กระเป๋าสะพาย,46.0,-1.222,-1.556,-1.322,DECLINE,live
2026-08-09T15:21:56.760306+00:00,รองเท้าผ้าใบ,62.0,-3.556,1.889,-1.922,DECLINE,live
2026-08-09T18:25:46.568511+00:00,ลิปเปลี่ยนสี,0.0,0.0,0.0,0.0,STABLE,live
2026-08-09T18:25:46.568511+00:00,ครีมกันแดดโกลว์,0.0,0.0,0.0,0.0,STABLE,live
2026-08-09T18:25:46.568511+00:00,เซรั่มหน้าใส,0.0,0.0,0.0,0.0,STABLE,live
2026-08-09T18:25:46.568511+00:00,น้ำหอมติดทน,0.0,0.0,0.0,0.0,STABLE,live
2026-08-09T18:25:46.568511+00:00,คอนซีลเลอร์,0.0,-5.889,0.0,-4.122,DECLINE,live
2026-08-09T18:25:46.568511+00:00,ขนมเกาหลี,0.0,0.0,0.0,0.0,STABLE,live
2026-08-09T18:25:46.568511+00:00,กาแฟลดน้ำหนัก,0.0,0.0,0.0,0.0,STABLE,live
2026-08-09T18:25:46.568511+00:00,วิตามินผิว,0.0,-3.778,-3.778,-3.778,DECLINE,live
2026-08-09T18:25:46.568511+00:00,โพรไบโอติก,0.0,-6.778,-3.444,-5.778,DECLINE,live
2026-08-09T18:25:46.568511+00:00,คอลลาเจน,0.0,-11.222,-4.0,-9.056,DECLINE,live
2026-08-09T18:25:46.568511+00:00,ที่ดูดฝุ่นไร้สาย,0.0,0.0,0.0,0.0,STABLE,live
2026-08-09T18:25:46.568511+00:00,ไฟ LED ติดผนัง,0.0,0.0,0.0,0.0,STABLE,live
2026-08-09T18:25:46.568511+00:00,หม้อทอดไร้น้ำมัน,0.0,-2.889,0.0,-2.022,DECLINE,live
2026-08-09T18:25:46.568511+00:00,เครื่องฟอกอากาศ,0.0,-5.0,-5.111,-5.033,DECLINE,live
2026-08-09T18:25:46.568511+00:00,เครื่องชงกาแฟ,0.0,-10.333,-3.444,-8.267,DECLINE,live
2026-08-09T18:25:46.568511+00:00,เสื้อโอเวอร์ไซส์,0.0,0.0,0.0,0.0,STABLE,live
2026-08-09T18:25:46.568511+00:00,กางเกงขายาวทรงสวย,0.0,0.0,0.0,0.0,STABLE,live
2026-08-09T18:25:46.568511+00:00,เดรสออกงาน,0.0,0.0,0.0,0.0,STABLE,live
2026-08-09T18:25:46.568511+00:00,กระเป๋าสะพาย,0.0,-9.667,-9.222,-9.533,DECLINE,live
2026-08-09T18:25:46.568511+00:00,รองเท้าผ้าใบ,0.0,-11.0,-7.556,-9.967,DECLINE,live
2026-08-09T21:22:19.591503+00:00,คอนซีลเลอร์,0.0,0.0,5.222,1.567,STABLE,live
2026-08-09T21:22:19.591503+00:00,ลิปเปลี่ยนสี,0.0,0.0,0.0,0.0,STABLE,live
2026-08-09T21:22:19.591503+00:00,ครีมกันแดดโกลว์,0.0,0.0,0.0,0.0,STABLE,live
2026-08-09T21:22:19.591503+00:00,เซรั่มหน้าใส,0.0,0.0,0.0,0.0,STABLE,live
2026-08-09T21:22:19.591503+00:00,น้ำหอมติดทน,0.0,0.0,0.0,0.0,STABLE,live
2026-08-09T21:22:19.591503+00:00,ขนมเกาหลี,0.0,0.0,0.0,0.0,STABLE,live
2026-08-09T21:22:19.591503+00:00,กาแฟลดน้ำหนัก,0.0,0.0,0.0,0.0,STABLE,live
2026-08-09T21:22:19.591503+00:00,โพรไบโอติก,0.0,-1.667,1.778,-0.633,DECLINE,live
2026-08-09T21:22:19.591503+00:00,วิตามินผิว,0.0,-1.778,1.444,-0.811,DECLINE,live
2026-08-09T21:22:19.591503+00:00,คอลลาเจน,0.0,-10.333,-1.444,-7.667,DECLINE,live
2026-08-09T21:22:19.591503+00:00,หม้อทอดไร้น้ำมัน,0.0,7.222,1.556,5.522,INTRO,live
2026-08-09T21:22:19.591503+00:00,เครื่องชงกาแฟ,0.0,0.0,1.667,0.5,STABLE,live
2026-08-09T21:22:19.591503+00:00,ที่ดูดฝุ่นไร้สาย,0.0,0.0,0.0,0.0,STABLE,live
2026-08-09T21:22:19.591503+00:00,ไฟ LED ติดผนัง,0.0,0.0,0.0,0.0,STABLE,live
2026-08-09T21:22:19.591503+00:00,เครื่องฟอกอากาศ,0.0,-4.667,2.667,-2.467,DECLINE,live
2026-08-09T21:22:19.591503+00:00,เสื้อโอเวอร์ไซส์,0.0,0.0,0.0,0.0,STABLE,live
2026-08-09T21:22:19.591503+00:00,กางเกงขายาวทรงสวย,0.0,0.0,0.0,0.0,STABLE,live
2026-08-09T21:22:19.591503+00:00,เดรสออกงาน,0.0,0.0,0.0,0.0,STABLE,live
2026-08-09T21:22:19.591503+00:00,กระเป๋าสะพาย,0.0,-15.111,-3.667,-11.678,DECLINE,live
2026-08-09T21:22:19.591503+00:00,รองเท้าผ้าใบ,0.0,-16.333,-1.0,-11.733,DECLINE,live
2026-08-10T01:01:16.146356+00:00,ลิปเปลี่ยนสี,0.0,0.0,0.0,0.0,STABLE,live
2026-08-10T01:01:16.146356+00:00,ครีมกันแดดโกลว์,0.0,0.0,0.0,0.0,STABLE,live
2026-08-10T01:01:16.146356+00:00,เซรั่มหน้าใส,0.0,0.0,0.0,0.0,STABLE,live
2026-08-10T01:01:16.146356+00:00,น้ำหอมติดทน,0.0,0.0,0.0,0.0,STABLE,live
2026-08-10T01:01:16.146356+00:00,คอนซีลเลอร์,0.0,0.0,0.0,0.0,STABLE,live
2026-08-10T01:01:16.146356+00:00,คอลลาเจน,51.0,17.556,11.111,15.622,GROWTH,live
2026-08-10T01:01:16.146356+00:00,วิตามินผิว,0.0,0.0,0.0,0.0,STABLE,live
2026-08-10T01:01:16.146356+00:00,ขนมเกาหลี,0.0,0.0,0.0,0.0,STABLE,live
2026-08-10T01:01:16.146356+00:00,โพรไบโอติก,0.0,0.0,0.0,0.0,STABLE,live
2026-08-10T01:01:16.146356+00:00,กาแฟลดน้ำหนัก,0.0,-10.222,0.0,-7.156,DECLINE,live
2026-08-10T01:01:16.146356+00:00,เครื่องชงกาแฟ,49.0,5.444,5.444,5.444,GROWTH,live
2026-08-10T01:01:16.146356+00:00,ที่ดูดฝุ่นไร้สาย,0.0,0.0,0.0,0.0,STABLE,live
2026-08-10T01:01:16.146356+00:00,หม้อทอดไร้น้ำมัน,0.0,0.0,0.0,0.0,STABLE,live
2026-08-10T01:01:16.146356+00:00,เครื่องฟอกอากาศ,0.0,0.0,0.0,0.0,STABLE,live
2026-08-10T01:01:16.146356+00:00,ไฟ LED ติดผนัง,0.0,0.0,0.0,0.0,STABLE,live
2026-08-10T01:01:16.146356+00:00,กระเป๋าสะพาย,29.0,7.111,9.111,7.711,INTRO,live
2026-08-10T01:01:16.146356+00:00,รองเท้าผ้าใบ,55.0,5.222,11.111,6.989,GROWTH,live
2026-08-10T01:01:16.146356+00:00,เสื้อโอเวอร์ไซส์,0.0,0.0,0.0,0.0,STABLE,live
2026-08-10T01:01:16.146356+00:00,กางเกงขายาวทรงสวย,0.0,0.0,0.0,0.0,STABLE,live
2026-08-10T01:01:16.146356+00:00,เดรสออกงาน,0.0,0.0,0.0,0.0,STABLE,live
2026-08-10T04:22:49.025892+00:00,ลิปเปลี่ยนสี,0.0,0.0,0.0,0.0,STABLE,live
2026-08-10T04:22:49.025892+00:00,ครีมกันแดดโกลว์,0.0,0.0,0.0,0.0,STABLE,live
2026-08-10T04:22:49.025892+00:00,เซรั่มหน้าใส,0.0,0.0,0.0,0.0,STABLE,live
2026-08-10T04:22:49.025892+00:00,น้ำหอมติดทน,0.0,0.0,0.0,0.0,STABLE,live
2026-08-10T04:22:49.025892+00:00,คอนซีลเลอร์,0.0,-4.222,0.0,-2.956,DECLINE,live
2026-08-10T04:22:49.025892+00:00,ขนมเกาหลี,0.0,0.0,0.0,0.0,STABLE,live
2026-08-10T04:22:49.025892+00:00,กาแฟลดน้ำหนัก,0.0,0.0,0.0,0.0,STABLE,live
2026-08-10T04:22:49.025892+00:00,โพรไบโอติก,0.0,1.556,-4.222,-0.178,INTRO,live
2026-08-10T04:22:49.025892+00:00,วิตามินผิว,0.0,-2.444,-4.889,-3.178,DECLINE,live
2026-08-10T04:22:49.025892+00:00,คอลลาเจน,44.0,-4.889,-8.0,-5.822,DECLINE,live
2026-08-10T04:22:49.025892+00:00,หม้อทอดไร้น้ำมัน,65.0,7.0,7.222,7.067,GROWTH,live
2026-08-10T04:22:49.025892+00:00,เครื่องฟอกอากาศ,46.0,10.111,-5.111,5.544,PEAK,live
2026-08-10T04:22:49.025892+00:00,เครื่องชงกาแฟ,59.0,6.444,-10.778,1.278,PEAK,live
2026-08-10T04:22:49.025892+00:00,ที่ดูดฝุ่นไร้สาย,0.0,0.0,0.0,0.0,STABLE,live
2026-08-10T04:22:49.025892+00:00,ไฟ LED ติดผนัง,0.0,0.0,0.0,0.0,STABLE,live
2026-08-10T04:22:49.025892+00:00,กระเป๋าสะพาย,32.0,6.111,-0.889,4.011,INTRO,live
2026-08-10T04:22:49.025892+00:00,รองเท้าผ้าใบ,52.0,1.667,-3.556,0.1,PEAK,live
2026-08-10T04:22:49.025892+00:00,เสื้อโอเวอร์ไซส์,0.0,0.0,0.0,0.0,STABLE,live
2026-08-10T04:22:49.025892+00:00,กางเกงขายาวทรงสวย,0.0,0.0,0.0,0.0,STABLE,live
2026-08-10T04:22:49.025892+00:00,เดรสออกงาน,0.0,0.0,0.0,0.0,STABLE,live
2026-08-10T07:11:37.513710+00:00,น้ำหอมติดทน,31.49,0.351,0.149,0.29,INTRO,simulate_fallback
2026-08-10T07:11:37.513710+00:00,คอนซีลเลอร์,30.46,0.207,0.027,0.153,STABLE,simulate_fallback
2026-08-10T07:11:37.513710+00:00,ลิปเปลี่ยนสี,28.09,0.114,-0.159,0.032,STABLE,simulate_fallback
2026-08-10T07:11:37.513710+00:00,ครีมกันแดดโกลว์,30.18,-0.041,0.163,0.02,STABLE,simulate_fallback
2026-08-10T07:11:37.513710+00:00,เซรั่มหน้าใส,28.58,-0.011,-0.748,-0.232,STABLE,simulate_fallback
2026-08-10T07:11:37.513710+00:00,วิตามินผิว,33.22,0.211,0.976,0.441,STABLE,simulate_fallback
2026-08-10T07:11:37.513710+00:00,โพรไบโอติก,30.46,0.326,0.234,0.298,INTRO,simulate_fallback
2026-08-10T07:11:37.513710+00:00,ขนมเกาหลี,28.0,0.202,0.336,0.243,STABLE,simulate_fallback
2026-08-10T07:11:37.513710+00:00,กาแฟลดน้ำหนัก,30.83,0.241,-0.03,0.16,STABLE,simulate_fallback
2026-08-10T07:11:37.513710+00:00,คอลลาเจน,29.27,-0.557,-0.153,-0.435,DECLINE,simulate_fallback
2026-08-10T07:11:37.513710+00:00,เครื่องฟอกอากาศ,86.0,3.222,3.667,3.356,GROWTH,live
2026-08-10T07:11:37.513710+00:00,ที่ดูดฝุ่นไร้สาย,0.0,0.0,0.0,0.0,STABLE,live
2026-08-10T07:11:37.513710+00:00,ไฟ LED ติดผนัง,0.0,0.0,0.0,0.0,STABLE,live
2026-08-10T07:11:37.513710+00:00,เครื่องชงกาแฟ,77.0,-2.111,2.222,-0.811,DECLINE,live
2026-08-10T07:11:37.513710+00:00,หม้อทอดไร้น้ำมัน,0.0,-2.889,-8.667,-4.622,DECLINE,live
2026-08-10T07:11:37.513710+00:00,เสื้อโอเวอร์ไซส์,0.0,1.556,0.0,1.089,INTRO,live
2026-08-10T07:11:37.513710+00:00,กางเกงขายาวทรงสวย,0.0,0.0,0.0,0.0,STABLE,live
2026-08-10T07:11:37.513710+00:00,เดรสออกงาน,0.0,0.0,0.0,0.0,STABLE,live
2026-08-10T07:11:37.513710+00:00,กระเป๋าสะพาย,0.0,-5.778,-5.444,-5.678,DECLINE,live
2026-08-10T07:11:37.513710+00:00,รองเท้าผ้าใบ,0.0,-6.556,-8.0,-6.989,DECLINE,live
2026-08-10T10:09:19.590927+00:00,คอนซีลเลอร์,0.0,0.444,0.0,0.311,INTRO,live
2026-08-10T10:09:19.590927+00:00,ลิปเปลี่ยนสี,0.0,0.0,0.0,0.0,STABLE,live
2026-08-10T10:09:19.590927+00:00,ครีมกันแดดโกลว์,0.0,0.0,0.0,0.0,STABLE,live
2026-08-10T10:09:19.590927+00:00,เซรั่มหน้าใส,0.0,0.0,0.0,0.0,STABLE,live
2026-08-10T10:09:19.590927+00:00,น้ำหอมติดทน,0.0,0.0,0.0,0.0,STABLE,live
2026-08-10T10:09:19.590927+00:00,ขนมเกาหลี,0.0,0.0,0.0,0.0,STABLE,live
2026-08-10T10:09:19.590927+00:00,กาแฟลดน้ำหนัก,0.0,0.0,0.0,0.0,STABLE,live
2026-08-10T10:09:19.590927+00:00,โพรไบโอติก,0.0,-1.444,-1.222,-1.378,DECLINE,live
2026-08-10T10:09:19.590927+00:00,วิตามินผิว,0.0,-2.0,-1.556,-1.867,DECLINE,live
2026-08-10T10:09:19.590927+00:00,คอลลาเจน,0.0,-3.667,-4.667,-3.967,DECLINE,live
2026-08-10T10:09:19.590927+00:00,ที่ดูดฝุ่นไร้สาย,0.0,0.0,0.0,0.0,STABLE,live
2026-08-10T10:09:19.590927+00:00,ไฟ LED ติดผนัง,0.0,0.0,0.0,0.0,STABLE,live
2026-08-10T10:09:19.590927+00:00,หม้อทอดไร้น้ำมัน,0.0,-1.222,-1.444,-1.289,DECLINE,live
2026-08-10T10:09:19.590927+00:00,เครื่องชงกาแฟ,0.0,-4.333,-4.111,-4.267,DECLINE,live
2026-08-10T10:09:19.590927+00:00,เครื่องฟอกอากาศ,0.0,-4.333,-4.667,-4.433,DECLINE,live
2026-08-10T10:09:19.590927+00:00,เสื้อโอเวอร์ไซส์,0.0,0.0,0.0,0.0,STABLE,live
2026-08-10T10:09:19.590927+00:00,กางเกงขายาวทรงสวย,0.0,0.0,0.0,0.0,STABLE,live
2026-08-10T10:09:19.590927+00:00,เดรสออกงาน,0.0,0.0,0.0,0.0,STABLE,live
2026-08-10T10:09:19.590927+00:00,กระเป๋าสะพาย,0.0,-0.667,-1.778,-1.0,DECLINE,live
2026-08-10T10:09:19.590927+00:00,รองเท้าผ้าใบ,0.0,-5.222,-4.667,-5.056,DECLINE,live
2026-08-10T12:45:22.416226+00:00,ครีมกันแดดโกลว์,27.83,0.389,0.558,0.44,INTRO,simulate_fallback
2026-08-10T12:45:22.416226+00:00,เซรั่มหน้าใส,32.19,0.363,0.553,0.42,INTRO,simulate_fallback
2026-08-10T12:45:22.416226+00:00,ลิปเปลี่ยนสี,32.36,0.393,0.207,0.337,INTRO,simulate_fallback
2026-08-10T12:45:22.416226+00:00,น้ำหอมติดทน,27.85,0.043,0.234,0.101,STABLE,simulate_fallback
2026-08-10T12:45:22.416226+00:00,คอนซีลเลอร์,30.39,-0.452,-0.685,-0.522,DECLINE,simulate_fallback
2026-08-10T12:45:22.416226+00:00,กาแฟลดน้ำหนัก,32.21,1.427,0.896,1.268,INTRO,simulate_fallback
2026-08-10T12:45:22.416226+00:00,คอลลาเจน,31.03,0.648,0.877,0.717,INTRO,simulate_fallback
2026-08-10T12:45:22.416226+00:00,ขนมเกาหลี,28.05,0.395,-0.054,0.261,INTRO,simulate_fallback
2026-08-10T12:45:22.416226+00:00,วิตามินผิว,30.41,-0.358,-0.328,-0.349,DECLINE,simulate_fallback
2026-08-10T12:45:22.416226+00:00,โพรไบโอติก,29.31,-0.379,-0.358,-0.373,DECLINE,simulate_fallback
2026-08-10T12:45:22.416226+00:00,เครื่องชงกาแฟ,30.16,0.249,0.79,0.411,STABLE,simulate_fallback
2026-08-10T12:45:22.416226+00:00,หม้อทอดไร้น้ำมัน,29.98,0.106,0.817,0.32,STABLE,simulate_fallback
2026-08-10T12:45:22.416226+00:00,ไฟ LED ติดผนัง,28.43,-0.397,-0.092,-0.305,DECLINE,simulate_fallback
2026-08-10T12:45:22.416226+00:00,เครื่องฟอกอากาศ,30.55,-0.413,-0.249,-0.364,DECLINE,simulate_fallback
2026-08-10T12:45:22.416226+00:00,ที่ดูดฝุ่นไร้สาย,29.74,-0.657,-0.408,-0.583,DECLINE,simulate_fallback
2026-08-10T12:45:22.416226+00:00,รองเท้าผ้าใบ,28.74,0.234,0.159,0.212,STABLE,simulate_fallback
2026-08-10T12:45:22.416226+00:00,เสื้อโอเวอร์ไซส์,29.11,-0.102,0.228,-0.003,STABLE,simulate_fallback
2026-08-10T12:45:22.416226+00:00,เดรสออกงาน,30.7,-0.152,-0.101,-0.136,STABLE,simulate_fallback
2026-08-10T12:45:22.416226+00:00,กระเป๋าสะพาย,29.87,-0.339,0.129,-0.199,DECLINE,simulate_fallback
2026-08-10T12:45:22.416226+00:00,กางเกงขายาวทรงสวย,27.92,-0.357,-0.437,-0.381,DECLINE,simulate_fallback
2026-08-10T15:51:09.280882+00:00,คอนซีลเลอร์,0.0,0.0,2.667,0.8,STABLE,live
2026-08-10T15:51:09.280882+00:00,ลิปเปลี่ยนสี,0.0,0.0,0.0,0.0,STABLE,live
2026-08-10T15:51:09.280882+00:00,ครีมกันแดดโกลว์,0.0,0.0,0.0,0.0,STABLE,live
2026-08-10T15:51:09.280882+00:00,เซรั่มหน้าใส,0.0,0.0,0.0,0.0,STABLE,live
2026-08-10T15:51:09.280882+00:00,น้ำหอมติดทน,0.0,0.0,0.0,0.0,STABLE,live
2026-08-10T15:51:09.280882+00:00,วิตามินผิว,0.0,0.0,0.0,0.0,STABLE,live
2026-08-10T15:51:09.280882+00:00,ขนมเกาหลี,0.0,0.0,0.0,0.0,STABLE,live
2026-08-10T15:51:09.280882+00:00,กาแฟลดน้ำหนัก,0.0,0.0,0.0,0.0,STABLE,live
2026-08-10T15:51:09.280882+00:00,โพรไบโอติก,0.0,0.0,0.0,0.0,STABLE,live
2026-08-10T15:51:09.280882+00:00,คอลลาเจน,40.0,-2.333,-0.556,-1.8,DECLINE,live
2026-08-10T15:51:09.280882+00:00,เครื่องชงกาแฟ,47.0,8.667,9.556,8.933,GROWTH,live
2026-08-10T15:51:09.280882+00:00,ที่ดูดฝุ่นไร้สาย,0.0,0.0,0.0,0.0,STABLE,live
2026-08-10T15:51:09.280882+00:00,ไฟ LED ติดผนัง,0.0,0.0,0.0,0.0,STABLE,live
2026-08-10T15:51:09.280882+00:00,หม้อทอดไร้น้ำมัน,0.0,0.778,-8.222,-1.922,INTRO,live
2026-08-10T15:51:09.280882+00:00,เครื่องฟอกอากาศ,0.0,-5.889,-5.667,-5.822,DECLINE,live
2026-08-10T15:51:09.280882+00:00,กระเป๋าสะพาย,46.0,3.111,2.333,2.878,GROWTH,live
2026-08-10T15:51:09.280882+00:00,รองเท้าผ้าใบ,35.0,0.556,2.889,1.256,GROWTH,live
2026-08-10T15:51:09.280882+00:00,เสื้อโอเวอร์ไซส์,0.0,0.0,0.0,0.0,STABLE,live
2026-08-10T15:51:09.280882+00:00,กางเกงขายาวทรงสวย,0.0,0.0,0.0,0.0,STABLE,live
2026-08-10T15:51:09.280882+00:00,เดรสออกงาน,0.0,0.0,0.0,0.0,STABLE,live
2026-08-10T18:42:59.963733+00:00,ลิปเปลี่ยนสี,0.0,0.0,0.0,0.0,STABLE,live
2026-08-10T18:42:59.963733+00:00,ครีมกันแดดโกลว์,0.0,0.0,0.0,0.0,STABLE,live
2026-08-10T18:42:59.963733+00:00,เซรั่มหน้าใส,0.0,0.0,0.0,0.0,STABLE,live
2026-08-10T18:42:59.963733+00:00,น้ำหอมติดทน,0.0,0.0,0.0,0.0,STABLE,live
2026-08-10T18:42:59.963733+00:00,คอนซีลเลอร์,0.0,-4.222,4.222,-1.689,DECLINE,live
2026-08-10T18:42:59.963733+00:00,วิตามินผิว,0.0,0.0,0.0,0.0,STABLE,live
2026-08-10T18:42:59.963733+00:00,ขนมเกาหลี,0.0,0.0,0.0,0.0,STABLE,live
2026-08-10T18:42:59.963733+00:00,กาแฟลดน้ำหนัก,0.0,0.0,0.0,0.0,STABLE,live
2026-08-10T18:42:59.963733+00:00,โพรไบโอติก,0.0,-3.333,-6.667,-4.333,DECLINE,live
2026-08-10T18:42:59.963733+00:00,คอลลาเจน,0.0,-5.556,-2.889,-4.756,DECLINE,live
2026-08-10T18:42:59.963733+00:00,เครื่องฟอกอากาศ,0.0,13.778,4.333,10.944,INTRO,live
2026-08-10T18:42:59.963733+00:00,ที่ดูดฝุ่นไร้สาย,0.0,0.0,0.0,0.0,STABLE,live
2026-08-10T18:42:59.963733+00:00,ไฟ LED ติดผนัง,0.0,0.0,0.0,0.0,STABLE,live
2026-08-10T18:42:59.963733+00:00,หม้อทอดไร้น้ำมัน,0.0,-8.778,5.333,-4.544,DECLINE,live
2026-08-10T18:42:59.963733+00:00,เครื่องชงกาแฟ,0.0,-6.222,-8.222,-6.822,DECLINE,live
2026-08-10T18:42:59.963733+00:00,เสื้อโอเวอร์ไซส์,0.0,0.0,0.0,0.0,STABLE,live
2026-08-10T18:42:59.963733+00:00,กางเกงขายาวทรงสวย,0.0,0.0,0.0,0.0,STABLE,live
2026-08-10T18:42:59.963733+00:00,เดรสออกงาน,0.0,0.0,0.0,0.0,STABLE,live
2026-08-10T18:42:59.963733+00:00,รองเท้าผ้าใบ,0.0,-10.111,-3.889,-8.244,DECLINE,live
2026-08-10T18:42:59.963733+00:00,กระเป๋าสะพาย,0.0,-12.444,-10.0,-11.711,DECLINE,live
2026-08-10T21:32:40.407488+00:00,ลิปเปลี่ยนสี,0.0,0.0,0.0,0.0,STABLE,live
2026-08-10T21:32:40.407488+00:00,ครีมกันแดดโกลว์,0.0,0.0,0.0,0.0,STABLE,live
2026-08-10T21:32:40.407488+00:00,เซรั่มหน้าใส,0.0,0.0,0.0,0.0,STABLE,live
2026-08-10T21:32:40.407488+00:00,น้ำหอมติดทน,0.0,0.0,0.0,0.0,STABLE,live
2026-08-10T21:32:40.407488+00:00,คอนซีลเลอร์,0.0,0.0,0.0,0.0,STABLE,live
2026-08-10T21:32:40.407488+00:00,โพรไบโอติก,0.0,0.0,3.889,1.167,STABLE,live
2026-08-10T21:32:40.407488+00:00,วิตามินผิว,0.0,0.0,0.0,0.0,STABLE,live
2026-08-10T21:32:40.407488+00:00,ขนมเกาหลี,0.0,0.0,0.0,0.0,STABLE,live
2026-08-10T21:32:40.407488+00:00,กาแฟลดน้ำหนัก,0.0,0.0,0.0,0.0,STABLE,live
2026-08-10T21:32:40.407488+00:00,คอลลาเจน,0.0,-12.778,-4.778,-10.378,DECLINE,live
2026-08-10T21:32:40.407488+00:00,ที่ดูดฝุ่นไร้สาย,0.0,0.0,0.0,0.0,STABLE,live
2026-08-10T21:32:40.407488+00:00,หม้อทอดไร้น้ำมัน,0.0,0.0,0.0,0.0,STABLE,live
2026-08-10T21:32:40.407488+00:00,ไฟ LED ติดผนัง,0.0,0.0,0.0,0.0,STABLE,live
2026-08-10T21:32:40.407488+00:00,เครื่องชงกาแฟ,0.0,-3.222,5.0,-0.756,DECLINE,live
2026-08-10T21:32:40.407488+00:00,เครื่องฟอกอากาศ,0.0,-4.222,4.222,-1.689,DECLINE,live
2026-08-10T21:32:40.407488+00:00,เสื้อโอเวอร์ไซส์,0.0,0.0,0.0,0.0,STABLE,live
2026-08-10T21:32:40.407488+00:00,กางเกงขายาวทรงสวย,0.0,0.0,0.0,0.0,STABLE,live
2026-08-10T21:32:40.407488+00:00,เดรสออกงาน,0.0,0.0,0.0,0.0,STABLE,live
2026-08-10T21:32:40.407488+00:00,กระเป๋าสะพาย,0.0,-6.333,5.889,-2.667,DECLINE,live
2026-08-10T21:32:40.407488+00:00,รองเท้าผ้าใบ,0.0,-18.556,-7.889,-15.356,DECLINE,live
2026-08-11T01:00:35.057201+00:00,เซรั่มหน้าใส,32.1,0.841,0.44,0.721,INTRO,simulate_fallback
2026-08-11T01:00:35.057201+00:00,ครีมกันแดดโกลว์,31.02,0.205,0.64,0.335,STABLE,simulate_fallback
2026-08-11T01:00:35.057201+00:00,ลิปเปลี่ยนสี,30.53,0.173,-0.274,0.039,STABLE,simulate_fallback
2026-08-11T01:00:35.057201+00:00,คอนซีลเลอร์,28.43,-0.16,0.031,-0.103,STABLE,simulate_fallback
2026-08-11T01:00:35.057201+00:00,น้ำหอมติดทน,30.33,-0.361,0.217,-0.188,DECLINE,simulate_fallback
2026-08-11T01:00:35.057201+00:00,ขนมเกาหลี,32.45,1.123,0.652,0.981,INTRO,simulate_fallback
2026-08-11T01:00:35.057201+00:00,วิตามินผิว,31.23,0.107,0.094,0.103,STABLE,simulate_fallback
2026-08-11T01:00:35.057201+00:00,คอลลาเจน,31.57,-0.12,0.437,0.047,STABLE,simulate_fallback
2026-08-11T01:00:35.057201+00:00,กาแฟลดน้ำหนัก,30.45,-0.058,0.191,0.017,STABLE,simulate_fallback
2026-08-11T01:00:35.057201+00:00,โพรไบโอติก,28.15,-0.032,-0.48,-0.166,STABLE,simulate_fallback
2026-08-11T01:00:35.057201+00:00,หม้อทอดไร้น้ำมัน,31.05,0.283,0.239,0.27,STABLE,simulate_fallback
2026-08-11T01:00:35.057201+00:00,เครื่องฟอกอากาศ,28.61,0.193,0.138,0.176,STABLE,simulate_fallback
2026-08-11T01:00:35.057201+00:00,ไฟ LED ติดผนัง,30.51,0.174,-0.173,0.07,STABLE,simulate_fallback
2026-08-11T01:00:35.057201+00:00,เครื่องชงกาแฟ,30.13,0.154,-0.204,0.047,STABLE,simulate_fallback
2026-08-11T01:00:35.057201+00:00,ที่ดูดฝุ่นไร้สาย,28.47,-0.545,-0.6,-0.561,DECLINE,simulate_fallback
2026-08-11T01:00:35.057201+00:00,กระเป๋าสะพาย,0.0,4.778,0.0,3.344,INTRO,live
2026-08-11T01:00:35.057201+00:00,เดรสออกงาน,0.0,3.111,0.0,2.178,INTRO,live
2026-08-11T01:00:35.057201+00:00,เสื้อโอเวอร์ไซส์,0.0,0.0,0.0,0.0,STABLE,live
2026-08-11T01:00:35.057201+00:00,กางเกงขายาวทรงสวย,0.0,0.0,0.0,0.0,STABLE,live
2026-08-11T01:00:35.057201+00:00,รองเท้าผ้าใบ,0.0,0.0,0.0,0.0,STABLE,live
2026-08-11T04:12:21.798059+00:00,ลิปเปลี่ยนสี,0.0,0.0,0.0,0.0,STABLE,live
2026-08-11T04:12:21.798059+00:00,ครีมกันแดดโกลว์,0.0,0.0,0.0,0.0,STABLE,live
2026-08-11T04:12:21.798059+00:00,เซรั่มหน้าใส,0.0,0.0,0.0,0.0,STABLE,live
2026-08-11T04:12:21.798059+00:00,น้ำหอมติดทน,0.0,0.0,0.0,0.0,STABLE,live
2026-08-11T04:12:21.798059+00:00,คอนซีลเลอร์,0.0,0.0,0.0,0.0,STABLE,live
2026-08-11T04:12:21.798059+00:00,วิตามินผิว,0.0,0.0,0.0,0.0,STABLE,live
2026-08-11T04:12:21.798059+00:00,ขนมเกาหลี,0.0,0.0,0.0,0.0,STABLE,live
2026-08-11T04:12:21.798059+00:00,กาแฟลดน้ำหนัก,0.0,0.0,0.0,0.0,STABLE,live
2026-08-11T04:12:21.798059+00:00,คอลลาเจน,52.0,-3.0,-1.111,-2.433,DECLINE,live
2026-08-11T04:12:21.798059+00:00,โพรไบโอติก,0.0,-2.556,-4.444,-3.122,DECLINE,live
2026-08-11T04:12:21.798059+00:00,หม้อทอดไร้น้ำมัน,0.0,3.333,0.0,2.333,INTRO,live
2026-08-11T04:12:21.798059+00:00,เครื่องฟอกอากาศ,0.0,5.222,-5.111,2.122,INTRO,live
2026-08-11T04:12:21.798059+00:00,ที่ดูดฝุ่นไร้สาย,0.0,0.0,0.0,0.0,STABLE,live
2026-08-11T04:12:21.798059+00:00,ไฟ LED ติดผนัง,0.0,0.0,0.0,0.0,STABLE,live
2026-08-11T04:12:21.798059+00:00,เครื่องชงกาแฟ,0.0,-1.444,-10.0,-4.011,DECLINE,live
2026-08-11T04:12:21.798059+00:00,เสื้อโอเวอร์ไซส์,0.0,0.0,0.0,0.0,STABLE,live
2026-08-11T04:12:21.798059+00:00,กางเกงขายาวทรงสวย,0.0,0.0,0.0,0.0,STABLE,live
2026-08-11T04:12:21.798059+00:00,เดรสออกงาน,0.0,0.0,0.0,0.0,STABLE,live
2026-08-11T04:12:21.798059+00:00,กระเป๋าสะพาย,0.0,-3.0,-9.111,-4.833,DECLINE,live
2026-08-11T04:12:21.798059+00:00,รองเท้าผ้าใบ,0.0,-14.889,-13.556,-14.489,DECLINE,live
2026-08-11T06:49:35.489922+00:00,ลิปเปลี่ยนสี,0.0,0.0,0.0,0.0,STABLE,live
2026-08-11T06:49:35.489922+00:00,ครีมกันแดดโกลว์,0.0,0.0,0.0,0.0,STABLE,live
2026-08-11T06:49:35.489922+00:00,เซรั่มหน้าใส,0.0,0.0,0.0,0.0,STABLE,live
2026-08-11T06:49:35.489922+00:00,น้ำหอมติดทน,0.0,0.0,0.0,0.0,STABLE,live
2026-08-11T06:49:35.489922+00:00,คอนซีลเลอร์,0.0,-3.444,0.0,-2.411,DECLINE,live
2026-08-11T06:49:35.489922+00:00,วิตามินผิว,15.0,1.111,1.667,1.278,INTRO,live
2026-08-11T06:49:35.489922+00:00,ขนมเกาหลี,0.0,0.0,0.0,0.0,STABLE,live
2026-08-11T06:49:35.489922+00:00,กาแฟลดน้ำหนัก,0.0,0.0,0.0,0.0,STABLE,live
2026-08-11T06:49:35.489922+00:00,โพรไบโอติก,15.0,-1.333,1.111,-0.6,DECLINE,live
2026-08-11T06:49:35.489922+00:00,คอลลาเจน,39.0,-7.0,0.333,-4.8,DECLINE,live
2026-08-11T06:49:35.489922+00:00,หม้อทอดไร้น้ำมัน,19.0,-0.222,3.111,0.778,STABLE,live
2026-08-11T06:49:35.489922+00:00,ที่ดูดฝุ่นไร้สาย,0.0,0.0,0.0,0.0,STABLE,live
2026-08-11T06:49:35.489922+00:00,ไฟ LED ติดผนัง,0.0,0.0,0.0,0.0,STABLE,live
2026-08-11T06:49:35.489922+00:00,เครื่องฟอกอากาศ,38.0,-0.667,0.667,-0.267,DECLINE,live
2026-08-11T06:49:35.489922+00:00,เครื่องชงกาแฟ,51.0,-4.889,2.556,-2.656,DECLINE,live
2026-08-11T06:49:35.489922+00:00,รองเท้าผ้าใบ,48.0,1.0,4.111,1.933,GROWTH,live
2026-08-11T06:49:35.489922+00:00,กระเป๋าสะพาย,25.0,0.0,0.778,0.233,STABLE,live
2026-08-11T06:49:35.489922+00:00,เสื้อโอเวอร์ไซส์,0.0,0.0,0.0,0.0,STABLE,live
2026-08-11T06:49:35.489922+00:00,กางเกงขายาวทรงสวย,0.0,0.0,0.0,0.0,STABLE,live
2026-08-11T06:49:35.489922+00:00,เดรสออกงาน,0.0,0.0,0.0,0.0,STABLE,live
2026-08-11T09:51:54.581753+00:00,ลิปเปลี่ยนสี,0.0,0.0,0.0,0.0,STABLE,live
2026-08-11T09:51:54.581753+00:00,ครีมกันแดดโกลว์,0.0,0.0,0.0,0.0,STABLE,live
2026-08-11T09:51:54.581753+00:00,เซรั่มหน้าใส,0.0,0.0,0.0,0.0,STABLE,live
2026-08-11T09:51:54.581753+00:00,น้ำหอมติดทน,0.0,0.0,0.0,0.0,STABLE,live
2026-08-11T09:51:54.581753+00:00,คอนซีลเลอร์,0.0,-4.444,0.0,-3.111,DECLINE,live
2026-08-11T09:51:54.581753+00:00,วิตามินผิว,0.0,1.222,-2.444,0.122,INTRO,live
2026-08-11T09:51:54.581753+00:00,โพรไบโอติก,15.0,0.333,-0.444,0.1,INTRO,live
2026-08-11T09:51:54.581753+00:00,ขนมเกาหลี,0.0,0.0,0.0,0.0,STABLE,live
2026-08-11T09:51:54.581753+00:00,กาแฟลดน้ำหนัก,0.0,0.0,0.0,0.0,STABLE,live
2026-08-11T09:51:54.581753+00:00,คอลลาเจน,38.0,-0.444,0.778,-0.078,DECLINE,live
2026-08-11T09:51:54.581753+00:00,หม้อทอดไร้น้ำมัน,26.0,1.778,-1.222,0.878,INTRO,live
2026-08-11T09:51:54.581753+00:00,เครื่องชงกาแฟ,49.0,1.889,-1.778,0.789,PEAK,live
2026-08-11T09:51:54.581753+00:00,ที่ดูดฝุ่นไร้สาย,0.0,0.0,0.0,0.0,STABLE,live
2026-08-11T09:51:54.581753+00:00,ไฟ LED ติดผนัง,0.0,0.0,0.0,0.0,STABLE,live
2026-08-11T09:51:54.581753+00:00,เครื่องฟอกอากาศ,42.0,-1.889,0.333,-1.222,DECLINE,live
2026-08-11T09:51:54.581753+00:00,เสื้อโอเวอร์ไซส์,0.0,0.0,0.0,0.0,STABLE,live
2026-08-11T09:51:54.581753+00:00,กางเกงขายาวทรงสวย,0.0,0.0,0.0,0.0,STABLE,live
2026-08-11T09:51:54.581753+00:00,เดรสออกงาน,0.0,0.0,0.0,0.0,STABLE,live
2026-08-11T09:51:54.581753+00:00,กระเป๋าสะพาย,28.0,0.0,-0.111,-0.033,STABLE,live
2026-08-11T09:51:54.581753+00:00,รองเท้าผ้าใบ,47.0,-0.778,-3.778,-1.678,DECLINE,live
2026-08-11T12:42:19.734498+00:00,คอนซีลเลอร์,0.0,0.222,0.0,0.156,STABLE,live
2026-08-11T12:42:19.734498+00:00,ลิปเปลี่ยนสี,0.0,0.0,0.0,0.0,STABLE,live
2026-08-11T12:42:19.734498+00:00,ครีมกันแดดโกลว์,0.0,0.0,0.0,0.0,STABLE,live
2026-08-11T12:42:19.734498+00:00,เซรั่มหน้าใส,0.0,0.0,0.0,0.0,STABLE,live
2026-08-11T12:42:19.734498+00:00,น้ำหอมติดทน,0.0,0.0,0.0,0.0,STABLE,live
2026-08-11T12:42:19.734498+00:00,คอลลาเจน,31.02,0.233,0.697,0.372,STABLE,simulate_fallback
2026-08-11T12:42:19.734498+00:00,โพรไบโอติก,29.21,0.292,0.231,0.274,STABLE,simulate_fallback
2026-08-11T12:42:19.734498+00:00,ขนมเกาหลี,29.96,0.081,-0.302,-0.034,STABLE,simulate_fallback
2026-08-11T12:42:19.734498+00:00,วิตามินผิว,28.8,-0.506,-0.545,-0.517,DECLINE,simulate_fallback
2026-08-11T12:42:19.734498+00:00,กาแฟลดน้ำหนัก,28.64,-1.362,-1.408,-1.376,DECLINE,simulate_fallback
2026-08-11T12:42:19.734498+00:00,ที่ดูดฝุ่นไร้สาย,31.77,0.539,0.748,0.602,INTRO,simulate_fallback
2026-08-11T12:42:19.734498+00:00,ไฟ LED ติดผนัง,30.06,0.179,0.36,0.233,STABLE,simulate_fallback
2026-08-11T12:42:19.734498+00:00,เครื่องฟอกอากาศ,30.89,0.142,-0.364,-0.01,STABLE,simulate_fallback
2026-08-11T12:42:19.734498+00:00,หม้อทอดไร้น้ำมัน,28.48,-0.155,-0.136,-0.149,STABLE,simulate_fallback
2026-08-11T12:42:19.734498+00:00,เครื่องชงกาแฟ,29.24,-0.016,-0.502,-0.162,STABLE,simulate_fallback
2026-08-11T12:42:19.734498+00:00,กระเป๋าสะพาย,46.0,2.333,1.333,2.033,GROWTH,live
2026-08-11T12:42:19.734498+00:00,เสื้อโอเวอร์ไซส์,0.0,0.0,0.0,0.0,STABLE,live
2026-08-11T12:42:19.734498+00:00,กางเกงขายาวทรงสวย,0.0,0.0,0.0,0.0,STABLE,live
2026-08-11T12:42:19.734498+00:00,เดรสออกงาน,0.0,0.0,0.0,0.0,STABLE,live
2026-08-11T12:42:19.734498+00:00,รองเท้าผ้าใบ,33.0,0.0,-1.222,-0.367,STABLE,live
2026-08-11T15:51:44.353881+00:00,ลิปเปลี่ยนสี,0.0,0.0,0.0,0.0,STABLE,live
2026-08-11T15:51:44.353881+00:00,ครีมกันแดดโกลว์,0.0,0.0,0.0,0.0,STABLE,live
2026-08-11T15:51:44.353881+00:00,เซรั่มหน้าใส,0.0,0.0,0.0,0.0,STABLE,live
2026-08-11T15:51:44.353881+00:00,น้ำหอมติดทน,0.0,0.0,0.0,0.0,STABLE,live
2026-08-11T15:51:44.353881+00:00,คอนซีลเลอร์,0.0,0.0,0.0,0.0,STABLE,live
2026-08-11T15:51:44.353881+00:00,โพรไบโอติก,0.0,3.556,0.0,2.489,INTRO,live
2026-08-11T15:51:44.353881+00:00,ขนมเกาหลี,0.0,0.0,0.0,0.0,STABLE,live
2026-08-11T15:51:44.353881+00:00,กาแฟลดน้ำหนัก,0.0,0.0,0.0,0.0,STABLE,live
2026-08-11T15:51:44.353881+00:00,คอลลาเจน,28.0,1.222,-3.444,-0.178,INTRO,live
2026-08-11T15:51:44.353881+00:00,วิตามินผิว,0.0,-2.333,0.0,-1.633,DECLINE,live
2026-08-11T15:51:44.353881+00:00,หม้อทอดไร้น้ำมัน,31.74,0.622,0.595,0.614,INTRO,simulate_fallback
2026-08-11T15:51:44.353881+00:00,ไฟ LED ติดผนัง,30.02,0.214,0.191,0.207,STABLE,simulate_fallback
2026-08-11T15:51:44.353881+00:00,เครื่องชงกาแฟ,29.74,-0.023,0.668,0.184,STABLE,simulate_fallback
2026-08-11T15:51:44.353881+00:00,เครื่องฟอกอากาศ,29.13,-0.165,-0.167,-0.166,STABLE,simulate_fallback
2026-08-11T15:51:44.353881+00:00,ที่ดูดฝุ่นไร้สาย,26.08,-0.046,-0.652,-0.228,STABLE,simulate_fallback
2026-08-11T15:51:44.353881+00:00,เดรสออกงาน,28.31,0.648,-0.024,0.446,INTRO,simulate_fallback
2026-08-11T15:51:44.353881+00:00,กางเกงขายาวทรงสวย,30.32,0.509,-0.082,0.331,INTRO,simulate_fallback
2026-08-11T15:51:44.353881+00:00,รองเท้าผ้าใบ,30.48,0.134,0.234,0.164,STABLE,simulate_fallback
2026-08-11T15:51:44.353881+00:00,กระเป๋าสะพาย,30.04,-0.17,-0.212,-0.183,STABLE,simulate_fallback
2026-08-11T15:51:44.353881+00:00,เสื้อโอเวอร์ไซส์,29.88,-0.403,-0.354,-0.388,DECLINE,simulate_fallback
2026-08-11T18:48:15.388485+00:00,ลิปเปลี่ยนสี,30.97,0.73,0.635,0.701,INTRO,simulate_fallback
2026-08-11T18:48:15.388485+00:00,น้ำหอมติดทน,29.42,0.004,0.523,0.16,STABLE,simulate_fallback
2026-08-11T18:48:15.388485+00:00,ครีมกันแดดโกลว์,29.96,0.187,-0.212,0.068,STABLE,simulate_fallback
2026-08-11T18:48:15.388485+00:00,คอนซีลเลอร์,30.81,-0.134,0.189,-0.037,STABLE,simulate_fallback
2026-08-11T18:48:15.388485+00:00,เซรั่มหน้าใส,29.57,0.065,-0.675,-0.157,STABLE,simulate_fallback
2026-08-11T18:48:15.388485+00:00,โพรไบโอติก,31.2,0.523,0.116,0.401,INTRO,simulate_fallback
2026-08-11T18:48:15.388485+00:00,ขนมเกาหลี,29.91,0.081,0.503,0.208,STABLE,simulate_fallback
2026-08-11T18:48:15.388485+00:00,กาแฟลดน้ำหนัก,31.71,0.148,0.084,0.128,STABLE,simulate_fallback
2026-08-11T18:48:15.388485+00:00,คอลลาเจน,28.65,-0.253,0.566,-0.007,STABLE,simulate_fallback
2026-08-11T18:48:15.388485+00:00,วิตามินผิว,27.6,-1.394,-0.562,-1.144,DECLINE,simulate_fallback
2026-08-11T18:48:15.388485+00:00,เครื่องชงกาแฟ,33.85,0.489,0.702,0.553,INTRO,simulate_fallback
2026-08-11T18:48:15.388485+00:00,ไฟ LED ติดผนัง,30.85,0.698,0.159,0.537,INTRO,simulate_fallback
2026-08-11T18:48:15.388485+00:00,ที่ดูดฝุ่นไร้สาย,27.46,0.069,0.47,0.189,STABLE,simulate_fallback
2026-08-11T18:48:15.388485+00:00,หม้อทอดไร้น้ำมัน,29.84,-0.226,-0.207,-0.22,STABLE,simulate_fallback
2026-08-11T18:48:15.388485+00:00,เครื่องฟอกอากาศ,29.01,-0.284,-0.687,-0.405,STABLE,simulate_fallback
2026-08-11T18:48:15.388485+00:00,เสื้อโอเวอร์ไซส์,30.3,0.516,0.192,0.419,INTRO,simulate_fallback
2026-08-11T18:48:15.388485+00:00,กางเกงขายาวทรงสวย,30.31,0.491,0.064,0.363,INTRO,simulate_fallback
2026-08-11T18:48:15.388485+00:00,รองเท้าผ้าใบ,28.71,-0.298,0.322,-0.112,STABLE,simulate_fallback
2026-08-11T18:48:15.388485+00:00,เดรสออกงาน,30.08,-0.336,-0.222,-0.302,DECLINE,simulate_fallback
2026-08-11T18:48:15.388485+00:00,กระเป๋าสะพาย,30.44,-0.584,-0.595,-0.588,DECLINE,simulate_fallback
2026-08-11T21:36:21.097243+00:00,เซรั่มหน้าใส,31.89,0.383,0.823,0.515,INTRO,simulate_fallback
2026-08-11T21:36:21.097243+00:00,น้ำหอมติดทน,29.7,-0.063,0.333,0.056,STABLE,simulate_fallback
2026-08-11T21:36:21.097243+00:00,คอนซีลเลอร์,29.48,-0.331,0.68,-0.028,DECLINE,simulate_fallback
2026-08-11T21:36:21.097243+00:00,ลิปเปลี่ยนสี,29.84,-0.233,-0.147,-0.207,STABLE,simulate_fallback
2026-08-11T21:36:21.097243+00:00,ครีมกันแดดโกลว์,27.38,-0.533,-0.109,-0.406,DECLINE,simulate_fallback
2026-08-11T21:36:21.097243+00:00,วิตามินผิว,30.22,-0.097,-0.16,-0.116,STABLE,simulate_fallback
2026-08-11T21:36:21.097243+00:00,ขนมเกาหลี,28.0,-0.217,-0.113,-0.186,STABLE,simulate_fallback
2026-08-11T21:36:21.097243+00:00,โพรไบโอติก,31.1,-0.239,-0.447,-0.301,STABLE,simulate_fallback
2026-08-11T21:36:21.097243+00:00,กาแฟลดน้ำหนัก,30.1,-0.534,-0.248,-0.448,DECLINE,simulate_fallback
2026-08-11T21:36:21.097243+00:00,คอลลาเจน,29.3,-0.481,-0.564,-0.506,DECLINE,simulate_fallback
2026-08-11T21:36:21.097243+00:00,ที่ดูดฝุ่นไร้สาย,30.4,0.681,0.186,0.533,INTRO,simulate_fallback
2026-08-11T21:36:21.097243+00:00,ไฟ LED ติดผนัง,32.83,0.517,0.238,0.434,INTRO,simulate_fallback
2026-08-11T21:36:21.097243+00:00,เครื่องชงกาแฟ,31.01,0.407,0.393,0.403,INTRO,simulate_fallback
2026-08-11T21:36:21.097243+00:00,เครื่องฟอกอากาศ,29.64,0.103,-0.08,0.048,STABLE,simulate_fallback
2026-08-11T21:36:21.097243+00:00,หม้อทอดไร้น้ำมัน,29.61,-0.082,0.314,0.037,STABLE,simulate_fallback
2026-08-11T21:36:21.097243+00:00,เดรสออกงาน,31.06,0.527,-0.171,0.318,INTRO,simulate_fallback
2026-08-11T21:36:21.097243+00:00,เสื้อโอเวอร์ไซส์,26.63,0.015,0.18,0.064,STABLE,simulate_fallback
2026-08-11T21:36:21.097243+00:00,กางเกงขายาวทรงสวย,29.99,-0.17,0.102,-0.088,STABLE,simulate_fallback
2026-08-11T21:36:21.097243+00:00,รองเท้าผ้าใบ,31.22,-0.006,-0.315,-0.098,STABLE,simulate_fallback
2026-08-11T21:36:21.097243+00:00,กระเป๋าสะพาย,30.76,-0.546,0.205,-0.32,DECLINE,simulate_fallback
2026-08-12T01:07:21.564257+00:00,ครีมกันแดดโกลว์,28.99,0.418,0.553,0.459,INTRO,simulate_fallback
2026-08-12T01:07:21.564257+00:00,ลิปเปลี่ยนสี,30.23,0.602,-0.141,0.379,INTRO,simulate_fallback
2026-08-12T01:07:21.564257+00:00,น้ำหอมติดทน,31.92,0.218,0.088,0.179,STABLE,simulate_fallback
2026-08-12T01:07:21.564257+00:00,เซรั่มหน้าใส,28.81,0.023,-0.136,-0.024,STABLE,simulate_fallback
2026-08-12T01:07:21.564257+00:00,คอนซีลเลอร์,29.63,-0.118,-0.047,-0.097,STABLE,simulate_fallback
2026-08-12T01:07:21.564257+00:00,กาแฟลดน้ำหนัก,29.91,0.048,-0.025,0.026,STABLE,simulate_fallback
2026-08-12T01:07:21.564257+00:00,คอลลาเจน,24.12,-0.306,-0.264,-0.294,DECLINE,simulate_fallback
2026-08-12T01:07:21.564257+00:00,โพรไบโอติก,28.78,-0.343,-0.332,-0.34,DECLINE,simulate_fallback
2026-08-12T01:07:21.564257+00:00,วิตามินผิว,31.21,-0.745,-0.273,-0.603,DECLINE,simulate_fallback
2026-08-12T01:07:21.564257+00:00,ขนมเกาหลี,27.48,-0.601,-0.68,-0.624,DECLINE,simulate_fallback
2026-08-12T01:07:21.564257+00:00,หม้อทอดไร้น้ำมัน,31.5,0.564,0.033,0.405,INTRO,simulate_fallback
2026-08-12T01:07:21.564257+00:00,เครื่องฟอกอากาศ,32.52,0.114,0.618,0.265,STABLE,simulate_fallback
2026-08-12T01:07:21.564257+00:00,เครื่องชงกาแฟ,28.69,0.031,0.027,0.029,STABLE,simulate_fallback
2026-08-12T01:07:21.564257+00:00,ที่ดูดฝุ่นไร้สาย,29.37,-0.279,-0.51,-0.349,STABLE,simulate_fallback
2026-08-12T01:07:21.564257+00:00,ไฟ LED ติดผนัง,26.27,-0.629,-0.438,-0.572,DECLINE,simulate_fallback
2026-08-12T01:07:21.564257+00:00,กางเกงขายาวทรงสวย,31.45,0.563,1.146,0.738,INTRO,simulate_fallback
2026-08-12T01:07:21.564257+00:00,กระเป๋าสะพาย,29.47,-0.045,0.445,0.102,STABLE,simulate_fallback
2026-08-12T01:07:21.564257+00:00,เสื้อโอเวอร์ไซส์,31.52,0.155,-0.31,0.015,STABLE,simulate_fallback
2026-08-12T01:07:21.564257+00:00,เดรสออกงาน,28.52,-0.189,-0.229,-0.201,STABLE,simulate_fallback
2026-08-12T01:07:21.564257+00:00,รองเท้าผ้าใบ,28.9,-0.311,-0.429,-0.346,DECLINE,simulate_fallback
2026-08-12T04:41:38.534060+00:00,ครีมกันแดดโกลว์,31.73,0.523,0.092,0.393,INTRO,simulate_fallback
2026-08-12T04:41:38.534060+00:00,ลิปเปลี่ยนสี,31.03,0.084,-0.28,-0.025,STABLE,simulate_fallback
2026-08-12T04:41:38.534060+00:00,คอนซีลเลอร์,29.96,-0.187,0.341,-0.029,STABLE,simulate_fallback
2026-08-12T04:41:38.534060+00:00,น้ำหอมติดทน,31.14,-0.166,-0.021,-0.123,STABLE,simulate_fallback
2026-08-12T04:41:38.534060+00:00,เซรั่มหน้าใส,28.31,-0.409,-0.248,-0.36,DECLINE,simulate_fallback
2026-08-12T04:41:38.534060+00:00,กาแฟลดน้ำหนัก,31.95,0.65,0.751,0.68,INTRO,simulate_fallback
2026-08-12T04:41:38.534060+00:00,คอลลาเจน,32.59,0.391,0.494,0.421,INTRO,simulate_fallback
2026-08-12T04:41:38.534060+00:00,ขนมเกาหลี,31.6,0.197,0.624,0.325,STABLE,simulate_fallback
2026-08-12T04:41:38.534060+00:00,วิตามินผิว,28.55,0.07,0.216,0.114,STABLE,simulate_fallback
2026-08-12T04:41:38.534060+00:00,โพรไบโอติก,31.13,-0.302,-0.125,-0.249,DECLINE,simulate_fallback
2026-08-12T04:41:38.534060+00:00,ไฟ LED ติดผนัง,30.31,0.265,0.142,0.228,STABLE,simulate_fallback
2026-08-12T04:41:38.534060+00:00,เครื่องชงกาแฟ,30.87,0.256,-0.089,0.153,STABLE,simulate_fallback
2026-08-12T04:41:38.534060+00:00,หม้อทอดไร้น้ำมัน,28.7,-0.491,0.308,-0.251,DECLINE,simulate_fallback
2026-08-12T04:41:38.534060+00:00,ที่ดูดฝุ่นไร้สาย,27.59,-0.118,-0.749,-0.307,STABLE,simulate_fallback
2026-08-12T04:41:38.534060+00:00,เครื่องฟอกอากาศ,29.0,-0.284,-0.391,-0.316,STABLE,simulate_fallback
2026-08-12T04:41:38.534060+00:00,กระเป๋าสะพาย,29.19,0.092,0.725,0.282,STABLE,simulate_fallback
2026-08-12T04:41:38.534060+00:00,เสื้อโอเวอร์ไซส์,29.04,0.019,0.134,0.054,STABLE,simulate_fallback
2026-08-12T04:41:38.534060+00:00,กางเกงขายาวทรงสวย,28.35,-0.417,-0.334,-0.392,DECLINE,simulate_fallback
2026-08-12T04:41:38.534060+00:00,รองเท้าผ้าใบ,30.14,-0.476,-0.264,-0.413,DECLINE,simulate_fallback
2026-08-12T04:41:38.534060+00:00,เดรสออกงาน,29.56,-0.686,-0.048,-0.495,DECLINE,simulate_fallback
2026-08-12T07:09:15.189765+00:00,ครีมกันแดดโกลว์,29.73,0.701,0.903,0.761,INTRO,simulate_fallback
2026-08-12T07:09:15.189765+00:00,ลิปเปลี่ยนสี,30.33,0.626,0.207,0.5,INTRO,simulate_fallback
2026-08-12T07:09:15.189765+00:00,คอนซีลเลอร์,31.13,0.431,0.069,0.323,INTRO,simulate_fallback
2026-08-12T07:09:15.189765+00:00,เซรั่มหน้าใส,30.69,-0.102,0.012,-0.068,STABLE,simulate_fallback
2026-08-12T07:09:15.189765+00:00,น้ำหอมติดทน,30.76,-0.309,0.072,-0.195,DECLINE,simulate_fallback
2026-08-12T07:09:15.189765+00:00,กาแฟลดน้ำหนัก,33.06,0.94,0.805,0.899,INTRO,simulate_fallback
2026-08-12T07:09:15.189765+00:00,ขนมเกาหลี,29.41,-0.204,0.781,0.091,STABLE,simulate_fallback
2026-08-12T07:09:15.189765+00:00,โพรไบโอติก,29.51,-0.217,-0.077,-0.175,STABLE,simulate_fallback
2026-08-12T07:09:15.189765+00:00,คอลลาเจน,29.79,-0.262,-0.065,-0.203,STABLE,simulate_fallback
2026-08-12T07:09:15.189765+00:00,วิตามินผิว,29.01,-0.768,-0.894,-0.805,DECLINE,simulate_fallback
2026-08-12T07:09:15.189765+00:00,หม้อทอดไร้น้ำมัน,31.97,0.096,0.443,0.2,STABLE,simulate_fallback
2026-08-12T07:09:15.189765+00:00,ที่ดูดฝุ่นไร้สาย,29.88,-0.215,0.363,-0.041,STABLE,simulate_fallback
2026-08-12T07:09:15.189765+00:00,ไฟ LED ติดผนัง,30.05,-0.242,0.066,-0.15,STABLE,simulate_fallback
2026-08-12T07:09:15.189765+00:00,เครื่องฟอกอากาศ,30.18,-0.541,-0.879,-0.643,DECLINE,simulate_fallback
2026-08-12T07:09:15.189765+00:00,เครื่องชงกาแฟ,26.14,-0.989,-0.999,-0.992,DECLINE,simulate_fallback
2026-08-12T07:09:15.189765+00:00,เสื้อโอเวอร์ไซส์,27.93,0.305,0.089,0.24,INTRO,simulate_fallback
2026-08-12T07:09:15.189765+00:00,กระเป๋าสะพาย,28.91,0.063,0.481,0.188,STABLE,simulate_fallback
2026-08-12T07:09:15.189765+00:00,เดรสออกงาน,28.03,0.03,-0.054,0.005,STABLE,simulate_fallback
2026-08-12T07:09:15.189765+00:00,กางเกงขายาวทรงสวย,31.1,-0.405,0.206,-0.222,DECLINE,simulate_fallback
2026-08-12T07:09:15.189765+00:00,รองเท้าผ้าใบ,28.83,-0.482,0.078,-0.314,DECLINE,simulate_fallback
